filepath,label,item,split
train/fresh/pear_fresh_0068.jpg,fresh,pear,train
train/fresh/banana_fresh_0014.jpg,fresh,banana,train
train/fresh/spinach_fresh_0151.jpg,fresh,spinach,train
train/fresh/corn_fresh_0192.jpg,fresh,corn,train
train/fresh/broccoli_fresh_0059.jpg,fresh,broccoli,train
train/fresh/broccoli_fresh_0122.jpg,fresh,broccoli,train
train/fresh/corn_fresh_0158.jpg,fresh,corn,train
train/fresh/pineapple_fresh_0006.jpg,fresh,pineapple,train
train/fresh/banana_fresh_0025.jpg,fresh,banana,train
train/fresh/tomato_fresh_0083.jpg,fresh,tomato,train
train/fresh/bell_pepper_fresh_0197.jpg,fresh,bell_pepper,train
train/fresh/cucumber_fresh_0182.jpg,fresh,cucumber,train
train/fresh/potato_fresh_0048.jpg,fresh,potato,train
train/fresh/garlic_fresh_0198.jpg,fresh,garlic,train
train/fresh/peach_fresh_0157.jpg,fresh,peach,train
train/fresh/tomato_fresh_0122.jpg,fresh,tomato,train
train/fresh/garlic_fresh_0195.jpg,fresh,garlic,train
train/fresh/potato_fresh_0043.jpg,fresh,potato,train
train/fresh/pineapple_fresh_0180.jpg,fresh,pineapple,train
train/fresh/carrot_fresh_0053.jpg,fresh,carrot,train
train/fresh/bell_pepper_fresh_0132.jpg,fresh,bell_pepper,train
train/fresh/banana_fresh_0125.jpg,fresh,banana,train
train/fresh/onion_fresh_0027.jpg,fresh,onion,train
train/fresh/onion_fresh_0138.jpg,fresh,onion,train
train/fresh/corn_fresh_0001.jpg,fresh,corn,train
train/fresh/cucumber_fresh_0079.jpg,fresh,cucumber,train
train/fresh/banana_fresh_0041.jpg,fresh,banana,train
train/fresh/orange_fresh_0088.jpg,fresh,orange,train
train/fresh/peach_fresh_0008.jpg,fresh,peach,train
train/fresh/corn_fresh_0169.jpg,fresh,corn,train
train/fresh/lemon_fresh_0004.jpg,fresh,lemon,train
train/fresh/lemon_fresh_0089.jpg,fresh,lemon,train
train/fresh/pineapple_fresh_0191.jpg,fresh,pineapple,train
train/fresh/pineapple_fresh_0011.jpg,fresh,pineapple,train
train/fresh/apple_fresh_0180.jpg,fresh,apple,train
train/fresh/pear_fresh_0177.jpg,fresh,pear,train
train/fresh/banana_fresh_0111.jpg,fresh,banana,train
train/fresh/banana_fresh_0170.jpg,fresh,banana,train
train/fresh/bell_pepper_fresh_0120.jpg,fresh,bell_pepper,train
train/fresh/bell_pepper_fresh_0109.jpg,fresh,bell_pepper,train
train/fresh/onion_fresh_0091.jpg,fresh,onion,train
train/fresh/tomato_fresh_0166.jpg,fresh,tomato,train
train/fresh/corn_fresh_0042.jpg,fresh,corn,train
train/fresh/spinach_fresh_0048.jpg,fresh,spinach,train
train/fresh/onion_fresh_0189.jpg,fresh,onion,train
train/fresh/tomato_fresh_0144.jpg,fresh,tomato,train
train/fresh/apple_fresh_0035.jpg,fresh,apple,train
train/fresh/bell_pepper_fresh_0053.jpg,fresh,bell_pepper,train
train/fresh/strawberry_fresh_0029.jpg,fresh,strawberry,train
train/fresh/bell_pepper_fresh_0089.jpg,fresh,bell_pepper,train
train/fresh/potato_fresh_0001.jpg,fresh,potato,train
train/fresh/strawberry_fresh_0183.jpg,fresh,strawberry,train
train/fresh/cucumber_fresh_0087.jpg,fresh,cucumber,train
train/fresh/mango_fresh_0024.jpg,fresh,mango,train
train/fresh/strawberry_fresh_0166.jpg,fresh,strawberry,train
train/fresh/tomato_fresh_0137.jpg,fresh,tomato,train
train/fresh/orange_fresh_0005.jpg,fresh,orange,train
train/fresh/corn_fresh_0126.jpg,fresh,corn,train
train/fresh/orange_fresh_0132.jpg,fresh,orange,train
train/fresh/strawberry_fresh_0160.jpg,fresh,strawberry,train
train/fresh/apple_fresh_0085.jpg,fresh,apple,train
train/fresh/banana_fresh_0052.jpg,fresh,banana,train
train/fresh/orange_fresh_0139.jpg,fresh,orange,train
train/fresh/broccoli_fresh_0013.jpg,fresh,broccoli,train
train/fresh/carrot_fresh_0080.jpg,fresh,carrot,train
train/fresh/strawberry_fresh_0104.jpg,fresh,strawberry,train
train/fresh/cucumber_fresh_0117.jpg,fresh,cucumber,train
train/fresh/cucumber_fresh_0192.jpg,fresh,cucumber,train
train/fresh/bell_pepper_fresh_0079.jpg,fresh,bell_pepper,train
train/fresh/bell_pepper_fresh_0139.jpg,fresh,bell_pepper,train
train/fresh/mango_fresh_0094.jpg,fresh,mango,train
train/fresh/bell_pepper_fresh_0174.jpg,fresh,bell_pepper,train
train/fresh/orange_fresh_0008.jpg,fresh,orange,train
train/fresh/grapes_fresh_0129.jpg,fresh,grapes,train
train/fresh/tomato_fresh_0176.jpg,fresh,tomato,train
train/fresh/peach_fresh_0046.jpg,fresh,peach,train
train/fresh/pineapple_fresh_0175.jpg,fresh,pineapple,train
train/fresh/peach_fresh_0086.jpg,fresh,peach,train
train/fresh/orange_fresh_0140.jpg,fresh,orange,train
train/fresh/potato_fresh_0073.jpg,fresh,potato,train
train/fresh/tomato_fresh_0084.jpg,fresh,tomato,train
train/fresh/orange_fresh_0138.jpg,fresh,orange,train
train/fresh/spinach_fresh_0180.jpg,fresh,spinach,train
train/fresh/banana_fresh_0091.jpg,fresh,banana,train
train/fresh/pineapple_fresh_0154.jpg,fresh,pineapple,train
train/fresh/broccoli_fresh_0144.jpg,fresh,broccoli,train
train/fresh/onion_fresh_0161.jpg,fresh,onion,train
train/fresh/onion_fresh_0176.jpg,fresh,onion,train
train/fresh/corn_fresh_0056.jpg,fresh,corn,train
train/fresh/bell_pepper_fresh_0168.jpg,fresh,bell_pepper,train
train/fresh/apple_fresh_0044.jpg,fresh,apple,train
train/fresh/orange_fresh_0029.jpg,fresh,orange,train
train/fresh/bell_pepper_fresh_0122.jpg,fresh,bell_pepper,train
train/fresh/potato_fresh_0029.jpg,fresh,potato,train
train/fresh/strawberry_fresh_0076.jpg,fresh,strawberry,train
train/fresh/mango_fresh_0147.jpg,fresh,mango,train
train/fresh/lemon_fresh_0056.jpg,fresh,lemon,train
train/fresh/tomato_fresh_0003.jpg,fresh,tomato,train
train/fresh/onion_fresh_0029.jpg,fresh,onion,train
train/fresh/bell_pepper_fresh_0105.jpg,fresh,bell_pepper,train
train/fresh/onion_fresh_0053.jpg,fresh,onion,train
train/fresh/broccoli_fresh_0159.jpg,fresh,broccoli,train
train/fresh/pear_fresh_0074.jpg,fresh,pear,train
train/fresh/peach_fresh_0092.jpg,fresh,peach,train
train/fresh/strawberry_fresh_0042.jpg,fresh,strawberry,train
train/fresh/banana_fresh_0066.jpg,fresh,banana,train
train/fresh/onion_fresh_0058.jpg,fresh,onion,train
train/fresh/grapes_fresh_0199.jpg,fresh,grapes,train
train/fresh/banana_fresh_0013.jpg,fresh,banana,train
train/fresh/orange_fresh_0147.jpg,fresh,orange,train
train/fresh/pineapple_fresh_0104.jpg,fresh,pineapple,train
train/fresh/lemon_fresh_0068.jpg,fresh,lemon,train
train/fresh/mango_fresh_0141.jpg,fresh,mango,train
train/fresh/pear_fresh_0045.jpg,fresh,pear,train
train/fresh/garlic_fresh_0027.jpg,fresh,garlic,train
train/fresh/cucumber_fresh_0113.jpg,fresh,cucumber,train
train/fresh/onion_fresh_0198.jpg,fresh,onion,train
train/fresh/lemon_fresh_0186.jpg,fresh,lemon,train
train/fresh/pineapple_fresh_0083.jpg,fresh,pineapple,train
train/fresh/strawberry_fresh_0148.jpg,fresh,strawberry,train
train/fresh/grapes_fresh_0149.jpg,fresh,grapes,train
train/fresh/banana_fresh_0094.jpg,fresh,banana,train
train/fresh/banana_fresh_0047.jpg,fresh,banana,train
train/fresh/pear_fresh_0107.jpg,fresh,pear,train
train/fresh/peach_fresh_0010.jpg,fresh,peach,train
train/fresh/potato_fresh_0031.jpg,fresh,potato,train
train/fresh/broccoli_fresh_0149.jpg,fresh,broccoli,train
train/fresh/strawberry_fresh_0187.jpg,fresh,strawberry,train
train/fresh/strawberry_fresh_0107.jpg,fresh,strawberry,train
train/fresh/corn_fresh_0029.jpg,fresh,corn,train
train/fresh/cucumber_fresh_0007.jpg,fresh,cucumber,train
train/fresh/lemon_fresh_0175.jpg,fresh,lemon,train
train/fresh/grapes_fresh_0049.jpg,fresh,grapes,train
train/fresh/potato_fresh_0088.jpg,fresh,potato,train
train/fresh/carrot_fresh_0059.jpg,fresh,carrot,train
train/fresh/peach_fresh_0148.jpg,fresh,peach,train
train/fresh/onion_fresh_0061.jpg,fresh,onion,train
train/fresh/grapes_fresh_0085.jpg,fresh,grapes,train
train/fresh/strawberry_fresh_0130.jpg,fresh,strawberry,train
train/fresh/spinach_fresh_0023.jpg,fresh,spinach,train
train/fresh/lemon_fresh_0139.jpg,fresh,lemon,train
train/fresh/pear_fresh_0085.jpg,fresh,pear,train
train/fresh/tomato_fresh_0008.jpg,fresh,tomato,train
train/fresh/strawberry_fresh_0068.jpg,fresh,strawberry,train
train/fresh/potato_fresh_0046.jpg,fresh,potato,train
train/fresh/peach_fresh_0177.jpg,fresh,peach,train
train/fresh/cucumber_fresh_0196.jpg,fresh,cucumber,train
train/fresh/grapes_fresh_0095.jpg,fresh,grapes,train
train/fresh/onion_fresh_0136.jpg,fresh,onion,train
train/fresh/orange_fresh_0195.jpg,fresh,orange,train
train/fresh/broccoli_fresh_0171.jpg,fresh,broccoli,train
train/fresh/pear_fresh_0159.jpg,fresh,pear,train
train/fresh/grapes_fresh_0013.jpg,fresh,grapes,train
train/fresh/spinach_fresh_0115.jpg,fresh,spinach,train
train/fresh/tomato_fresh_0012.jpg,fresh,tomato,train
train/fresh/potato_fresh_0125.jpg,fresh,potato,train
train/fresh/corn_fresh_0058.jpg,fresh,corn,train
train/fresh/grapes_fresh_0048.jpg,fresh,grapes,train
train/fresh/grapes_fresh_0107.jpg,fresh,grapes,train
train/fresh/spinach_fresh_0063.jpg,fresh,spinach,train
train/fresh/tomato_fresh_0040.jpg,fresh,tomato,train
train/fresh/onion_fresh_0038.jpg,fresh,onion,train
train/fresh/cucumber_fresh_0055.jpg,fresh,cucumber,train
train/fresh/apple_fresh_0173.jpg,fresh,apple,train
train/fresh/tomato_fresh_0115.jpg,fresh,tomato,train
train/fresh/carrot_fresh_0172.jpg,fresh,carrot,train
train/fresh/pineapple_fresh_0117.jpg,fresh,pineapple,train
train/fresh/strawberry_fresh_0196.jpg,fresh,strawberry,train
train/fresh/spinach_fresh_0066.jpg,fresh,spinach,train
train/fresh/mango_fresh_0075.jpg,fresh,mango,train
train/fresh/spinach_fresh_0198.jpg,fresh,spinach,train
train/fresh/spinach_fresh_0014.jpg,fresh,spinach,train
train/fresh/orange_fresh_0158.jpg,fresh,orange,train
train/fresh/mango_fresh_0078.jpg,fresh,mango,train
train/fresh/orange_fresh_0049.jpg,fresh,orange,train
train/fresh/garlic_fresh_0138.jpg,fresh,garlic,train
train/fresh/pear_fresh_0157.jpg,fresh,pear,train
train/fresh/potato_fresh_0058.jpg,fresh,potato,train
train/fresh/strawberry_fresh_0066.jpg,fresh,strawberry,train
train/fresh/cucumber_fresh_0145.jpg,fresh,cucumber,train
train/fresh/spinach_fresh_0129.jpg,fresh,spinach,train
train/fresh/pineapple_fresh_0161.jpg,fresh,pineapple,train
train/fresh/tomato_fresh_0060.jpg,fresh,tomato,train
train/fresh/grapes_fresh_0172.jpg,fresh,grapes,train
train/fresh/pear_fresh_0181.jpg,fresh,pear,train
train/fresh/lemon_fresh_0126.jpg,fresh,lemon,train
train/fresh/potato_fresh_0138.jpg,fresh,potato,train
train/fresh/apple_fresh_0012.jpg,fresh,apple,train
train/fresh/carrot_fresh_0018.jpg,fresh,carrot,train
train/fresh/carrot_fresh_0055.jpg,fresh,carrot,train
train/fresh/tomato_fresh_0013.jpg,fresh,tomato,train
train/fresh/banana_fresh_0109.jpg,fresh,banana,train
train/fresh/pineapple_fresh_0103.jpg,fresh,pineapple,train
train/fresh/bell_pepper_fresh_0076.jpg,fresh,bell_pepper,train
train/fresh/spinach_fresh_0075.jpg,fresh,spinach,train
train/fresh/bell_pepper_fresh_0073.jpg,fresh,bell_pepper,train
train/fresh/onion_fresh_0164.jpg,fresh,onion,train
train/fresh/potato_fresh_0167.jpg,fresh,potato,train
train/fresh/broccoli_fresh_0000.jpg,fresh,broccoli,train
train/fresh/apple_fresh_0149.jpg,fresh,apple,train
train/fresh/banana_fresh_0046.jpg,fresh,banana,train
train/fresh/broccoli_fresh_0191.jpg,fresh,broccoli,train
train/fresh/mango_fresh_0004.jpg,fresh,mango,train
train/fresh/potato_fresh_0044.jpg,fresh,potato,train
train/fresh/pear_fresh_0048.jpg,fresh,pear,train
train/fresh/mango_fresh_0160.jpg,fresh,mango,train
train/fresh/onion_fresh_0056.jpg,fresh,onion,train
train/fresh/pineapple_fresh_0164.jpg,fresh,pineapple,train
train/fresh/cucumber_fresh_0199.jpg,fresh,cucumber,train
train/fresh/banana_fresh_0127.jpg,fresh,banana,train
train/fresh/carrot_fresh_0127.jpg,fresh,carrot,train
train/fresh/broccoli_fresh_0137.jpg,fresh,broccoli,train
train/fresh/banana_fresh_0135.jpg,fresh,banana,train
train/fresh/corn_fresh_0057.jpg,fresh,corn,train
train/fresh/onion_fresh_0025.jpg,fresh,onion,train
train/fresh/potato_fresh_0128.jpg,fresh,potato,train
train/fresh/apple_fresh_0184.jpg,fresh,apple,train
train/fresh/corn_fresh_0138.jpg,fresh,corn,train
train/fresh/corn_fresh_0197.jpg,fresh,corn,train
train/fresh/orange_fresh_0136.jpg,fresh,orange,train
train/fresh/potato_fresh_0182.jpg,fresh,potato,train
train/fresh/banana_fresh_0049.jpg,fresh,banana,train
train/fresh/mango_fresh_0092.jpg,fresh,mango,train
train/fresh/lemon_fresh_0194.jpg,fresh,lemon,train
train/fresh/bell_pepper_fresh_0114.jpg,fresh,bell_pepper,train
train/fresh/carrot_fresh_0185.jpg,fresh,carrot,train
train/fresh/corn_fresh_0181.jpg,fresh,corn,train
train/fresh/grapes_fresh_0195.jpg,fresh,grapes,train
train/fresh/spinach_fresh_0105.jpg,fresh,spinach,train
train/fresh/apple_fresh_0165.jpg,fresh,apple,train
train/fresh/tomato_fresh_0044.jpg,fresh,tomato,train
train/fresh/bell_pepper_fresh_0034.jpg,fresh,bell_pepper,train
train/fresh/grapes_fresh_0136.jpg,fresh,grapes,train
train/fresh/spinach_fresh_0173.jpg,fresh,spinach,train
train/fresh/cucumber_fresh_0112.jpg,fresh,cucumber,train
train/fresh/pineapple_fresh_0149.jpg,fresh,pineapple,train
train/fresh/cucumber_fresh_0027.jpg,fresh,cucumber,train
train/fresh/spinach_fresh_0043.jpg,fresh,spinach,train
train/fresh/garlic_fresh_0091.jpg,fresh,garlic,train
train/fresh/mango_fresh_0098.jpg,fresh,mango,train
train/fresh/bell_pepper_fresh_0151.jpg,fresh,bell_pepper,train
train/fresh/pineapple_fresh_0053.jpg,fresh,pineapple,train
train/fresh/potato_fresh_0081.jpg,fresh,potato,train
train/fresh/potato_fresh_0078.jpg,fresh,potato,train
train/fresh/strawberry_fresh_0088.jpg,fresh,strawberry,train
train/fresh/mango_fresh_0153.jpg,fresh,mango,train
train/fresh/peach_fresh_0021.jpg,fresh,peach,train
train/fresh/grapes_fresh_0190.jpg,fresh,grapes,train
train/fresh/peach_fresh_0065.jpg,fresh,peach,train
train/fresh/peach_fresh_0078.jpg,fresh,peach,train
train/fresh/bell_pepper_fresh_0180.jpg,fresh,bell_pepper,train
train/fresh/banana_fresh_0063.jpg,fresh,banana,train
train/fresh/banana_fresh_0075.jpg,fresh,banana,train
train/fresh/strawberry_fresh_0186.jpg,fresh,strawberry,train
train/fresh/potato_fresh_0115.jpg,fresh,potato,train
train/fresh/apple_fresh_0160.jpg,fresh,apple,train
train/fresh/broccoli_fresh_0005.jpg,fresh,broccoli,train
train/fresh/mango_fresh_0196.jpg,fresh,mango,train
train/fresh/orange_fresh_0059.jpg,fresh,orange,train
train/fresh/pear_fresh_0011.jpg,fresh,pear,train
train/fresh/cucumber_fresh_0016.jpg,fresh,cucumber,train
train/fresh/broccoli_fresh_0173.jpg,fresh,broccoli,train
train/fresh/banana_fresh_0113.jpg,fresh,banana,train
train/fresh/spinach_fresh_0145.jpg,fresh,spinach,train
train/fresh/banana_fresh_0196.jpg,fresh,banana,train
train/fresh/onion_fresh_0140.jpg,fresh,onion,train
train/fresh/carrot_fresh_0121.jpg,fresh,carrot,train
train/fresh/corn_fresh_0037.jpg,fresh,corn,train
train/fresh/onion_fresh_0046.jpg,fresh,onion,train
train/fresh/lemon_fresh_0008.jpg,fresh,lemon,train
train/fresh/carrot_fresh_0039.jpg,fresh,carrot,train
train/fresh/garlic_fresh_0024.jpg,fresh,garlic,train
train/fresh/potato_fresh_0039.jpg,fresh,potato,train
train/fresh/peach_fresh_0006.jpg,fresh,peach,train
train/fresh/orange_fresh_0001.jpg,fresh,orange,train
train/fresh/mango_fresh_0165.jpg,fresh,mango,train
train/fresh/tomato_fresh_0180.jpg,fresh,tomato,train
train/fresh/cucumber_fresh_0082.jpg,fresh,cucumber,train
train/fresh/cucumber_fresh_0118.jpg,fresh,cucumber,train
train/fresh/strawberry_fresh_0173.jpg,fresh,strawberry,train
train/fresh/onion_fresh_0126.jpg,fresh,onion,train
train/fresh/broccoli_fresh_0150.jpg,fresh,broccoli,train
train/fresh/orange_fresh_0171.jpg,fresh,orange,train
train/fresh/bell_pepper_fresh_0134.jpg,fresh,bell_pepper,train
train/fresh/banana_fresh_0043.jpg,fresh,banana,train
train/fresh/banana_fresh_0087.jpg,fresh,banana,train
train/fresh/lemon_fresh_0092.jpg,fresh,lemon,train
train/fresh/peach_fresh_0027.jpg,fresh,peach,train
train/fresh/pineapple_fresh_0177.jpg,fresh,pineapple,train
train/fresh/orange_fresh_0034.jpg,fresh,orange,train
train/fresh/grapes_fresh_0177.jpg,fresh,grapes,train
train/fresh/orange_fresh_0027.jpg,fresh,orange,train
train/fresh/banana_fresh_0032.jpg,fresh,banana,train
train/fresh/bell_pepper_fresh_0077.jpg,fresh,bell_pepper,train
train/fresh/grapes_fresh_0033.jpg,fresh,grapes,train
train/fresh/orange_fresh_0051.jpg,fresh,orange,train
train/fresh/onion_fresh_0012.jpg,fresh,onion,train
train/fresh/carrot_fresh_0031.jpg,fresh,carrot,train
train/fresh/corn_fresh_0000.jpg,fresh,corn,train
train/fresh/corn_fresh_0015.jpg,fresh,corn,train
train/fresh/potato_fresh_0137.jpg,fresh,potato,train
train/fresh/spinach_fresh_0152.jpg,fresh,spinach,train
train/fresh/broccoli_fresh_0169.jpg,fresh,broccoli,train
train/fresh/grapes_fresh_0058.jpg,fresh,grapes,train
train/fresh/strawberry_fresh_0195.jpg,fresh,strawberry,train
train/fresh/grapes_fresh_0135.jpg,fresh,grapes,train
train/fresh/broccoli_fresh_0128.jpg,fresh,broccoli,train
train/fresh/pear_fresh_0022.jpg,fresh,pear,train
train/fresh/potato_fresh_0007.jpg,fresh,potato,train
train/fresh/grapes_fresh_0168.jpg,fresh,grapes,train
train/fresh/corn_fresh_0142.jpg,fresh,corn,train
train/fresh/orange_fresh_0064.jpg,fresh,orange,train
train/fresh/pear_fresh_0015.jpg,fresh,pear,train
train/fresh/corn_fresh_0018.jpg,fresh,corn,train
train/fresh/orange_fresh_0108.jpg,fresh,orange,train
train/fresh/strawberry_fresh_0038.jpg,fresh,strawberry,train
train/fresh/pear_fresh_0087.jpg,fresh,pear,train
train/fresh/garlic_fresh_0089.jpg,fresh,garlic,train
train/fresh/strawberry_fresh_0174.jpg,fresh,strawberry,train
train/fresh/mango_fresh_0019.jpg,fresh,mango,train
train/fresh/peach_fresh_0085.jpg,fresh,peach,train
train/fresh/orange_fresh_0007.jpg,fresh,orange,train
train/fresh/onion_fresh_0134.jpg,fresh,onion,train
train/fresh/cucumber_fresh_0115.jpg,fresh,cucumber,train
train/fresh/banana_fresh_0163.jpg,fresh,banana,train
train/fresh/strawberry_fresh_0156.jpg,fresh,strawberry,train
train/fresh/grapes_fresh_0162.jpg,fresh,grapes,train
train/fresh/peach_fresh_0147.jpg,fresh,peach,train
train/fresh/potato_fresh_0038.jpg,fresh,potato,train
train/fresh/pineapple_fresh_0040.jpg,fresh,pineapple,train
train/fresh/cucumber_fresh_0129.jpg,fresh,cucumber,train
train/fresh/tomato_fresh_0116.jpg,fresh,tomato,train
train/fresh/grapes_fresh_0106.jpg,fresh,grapes,train
train/fresh/bell_pepper_fresh_0162.jpg,fresh,bell_pepper,train
train/fresh/tomato_fresh_0064.jpg,fresh,tomato,train
train/fresh/peach_fresh_0190.jpg,fresh,peach,train
train/fresh/carrot_fresh_0026.jpg,fresh,carrot,train
train/fresh/orange_fresh_0078.jpg,fresh,orange,train
train/fresh/pear_fresh_0161.jpg,fresh,pear,train
train/fresh/tomato_fresh_0184.jpg,fresh,tomato,train
train/fresh/orange_fresh_0183.jpg,fresh,orange,train
train/fresh/tomato_fresh_0097.jpg,fresh,tomato,train
train/fresh/mango_fresh_0077.jpg,fresh,mango,train
train/fresh/mango_fresh_0170.jpg,fresh,mango,train
train/fresh/banana_fresh_0030.jpg,fresh,banana,train
train/fresh/corn_fresh_0143.jpg,fresh,corn,train
train/fresh/grapes_fresh_0004.jpg,fresh,grapes,train
train/fresh/onion_fresh_0099.jpg,fresh,onion,train
train/fresh/garlic_fresh_0066.jpg,fresh,garlic,train
train/fresh/potato_fresh_0072.jpg,fresh,potato,train
train/fresh/broccoli_fresh_0182.jpg,fresh,broccoli,train
train/fresh/broccoli_fresh_0024.jpg,fresh,broccoli,train
train/fresh/corn_fresh_0064.jpg,fresh,corn,train
train/fresh/orange_fresh_0100.jpg,fresh,orange,train
train/fresh/apple_fresh_0040.jpg,fresh,apple,train
train/fresh/potato_fresh_0045.jpg,fresh,potato,train
train/fresh/peach_fresh_0172.jpg,fresh,peach,train
train/fresh/tomato_fresh_0125.jpg,fresh,tomato,train
train/fresh/peach_fresh_0014.jpg,fresh,peach,train
train/fresh/spinach_fresh_0163.jpg,fresh,spinach,train
train/fresh/mango_fresh_0113.jpg,fresh,mango,train
train/fresh/peach_fresh_0181.jpg,fresh,peach,train
train/fresh/cucumber_fresh_0092.jpg,fresh,cucumber,train
train/fresh/corn_fresh_0093.jpg,fresh,corn,train
train/fresh/carrot_fresh_0118.jpg,fresh,carrot,train
train/fresh/peach_fresh_0195.jpg,fresh,peach,train
train/fresh/onion_fresh_0115.jpg,fresh,onion,train
train/fresh/grapes_fresh_0072.jpg,fresh,grapes,train
train/fresh/carrot_fresh_0179.jpg,fresh,carrot,train
train/fresh/potato_fresh_0178.jpg,fresh,potato,train
train/fresh/garlic_fresh_0116.jpg,fresh,garlic,train
train/fresh/strawberry_fresh_0055.jpg,fresh,strawberry,train
train/fresh/carrot_fresh_0085.jpg,fresh,carrot,train
train/fresh/mango_fresh_0028.jpg,fresh,mango,train
train/fresh/apple_fresh_0062.jpg,fresh,apple,train
train/fresh/tomato_fresh_0017.jpg,fresh,tomato,train
train/fresh/broccoli_fresh_0094.jpg,fresh,broccoli,train
train/fresh/carrot_fresh_0115.jpg,fresh,carrot,train
train/fresh/broccoli_fresh_0062.jpg,fresh,broccoli,train
train/fresh/grapes_fresh_0140.jpg,fresh,grapes,train
train/fresh/bell_pepper_fresh_0106.jpg,fresh,bell_pepper,train
train/fresh/strawberry_fresh_0135.jpg,fresh,strawberry,train
train/fresh/carrot_fresh_0143.jpg,fresh,carrot,train
train/fresh/garlic_fresh_0065.jpg,fresh,garlic,train
train/fresh/onion_fresh_0071.jpg,fresh,onion,train
train/fresh/apple_fresh_0007.jpg,fresh,apple,train
train/fresh/onion_fresh_0107.jpg,fresh,onion,train
train/fresh/carrot_fresh_0130.jpg,fresh,carrot,train
train/fresh/garlic_fresh_0094.jpg,fresh,garlic,train
train/fresh/apple_fresh_0048.jpg,fresh,apple,train
train/fresh/pear_fresh_0099.jpg,fresh,pear,train
train/fresh/garlic_fresh_0007.jpg,fresh,garlic,train
train/fresh/onion_fresh_0131.jpg,fresh,onion,train
train/fresh/cucumber_fresh_0101.jpg,fresh,cucumber,train
train/fresh/pear_fresh_0194.jpg,fresh,pear,train
train/fresh/carrot_fresh_0106.jpg,fresh,carrot,train
train/fresh/broccoli_fresh_0158.jpg,fresh,broccoli,train
train/fresh/peach_fresh_0028.jpg,fresh,peach,train
train/fresh/peach_fresh_0064.jpg,fresh,peach,train
train/fresh/mango_fresh_0034.jpg,fresh,mango,train
train/fresh/onion_fresh_0121.jpg,fresh,onion,train
train/fresh/strawberry_fresh_0177.jpg,fresh,strawberry,train
train/fresh/spinach_fresh_0085.jpg,fresh,spinach,train
train/fresh/garlic_fresh_0044.jpg,fresh,garlic,train
train/fresh/apple_fresh_0081.jpg,fresh,apple,train
train/fresh/grapes_fresh_0069.jpg,fresh,grapes,train
train/fresh/strawberry_fresh_0127.jpg,fresh,strawberry,train
train/fresh/cucumber_fresh_0150.jpg,fresh,cucumber,train
train/fresh/bell_pepper_fresh_0099.jpg,fresh,bell_pepper,train
train/fresh/corn_fresh_0103.jpg,fresh,corn,train
train/fresh/strawberry_fresh_0030.jpg,fresh,strawberry,train
train/fresh/lemon_fresh_0171.jpg,fresh,lemon,train
train/fresh/tomato_fresh_0091.jpg,fresh,tomato,train
train/fresh/tomato_fresh_0104.jpg,fresh,tomato,train
train/fresh/bell_pepper_fresh_0154.jpg,fresh,bell_pepper,train
train/fresh/tomato_fresh_0123.jpg,fresh,tomato,train
train/fresh/garlic_fresh_0018.jpg,fresh,garlic,train
train/fresh/onion_fresh_0105.jpg,fresh,onion,train
train/fresh/lemon_fresh_0125.jpg,fresh,lemon,train
train/fresh/broccoli_fresh_0021.jpg,fresh,broccoli,train
train/fresh/lemon_fresh_0195.jpg,fresh,lemon,train
train/fresh/potato_fresh_0074.jpg,fresh,potato,train
train/fresh/strawberry_fresh_0190.jpg,fresh,strawberry,train
train/fresh/mango_fresh_0030.jpg,fresh,mango,train
train/fresh/tomato_fresh_0130.jpg,fresh,tomato,train
train/fresh/spinach_fresh_0027.jpg,fresh,spinach,train
train/fresh/peach_fresh_0036.jpg,fresh,peach,train
train/fresh/corn_fresh_0195.jpg,fresh,corn,train
train/fresh/potato_fresh_0139.jpg,fresh,potato,train
train/fresh/lemon_fresh_0070.jpg,fresh,lemon,train
train/fresh/apple_fresh_0123.jpg,fresh,apple,train
train/fresh/banana_fresh_0188.jpg,fresh,banana,train
train/fresh/garlic_fresh_0172.jpg,fresh,garlic,train
train/fresh/broccoli_fresh_0130.jpg,fresh,broccoli,train
train/fresh/cucumber_fresh_0168.jpg,fresh,cucumber,train
train/fresh/cucumber_fresh_0068.jpg,fresh,cucumber,train
train/fresh/peach_fresh_0170.jpg,fresh,peach,train
train/fresh/lemon_fresh_0073.jpg,fresh,lemon,train
train/fresh/lemon_fresh_0052.jpg,fresh,lemon,train
train/fresh/broccoli_fresh_0060.jpg,fresh,broccoli,train
train/fresh/carrot_fresh_0100.jpg,fresh,carrot,train
train/fresh/grapes_fresh_0036.jpg,fresh,grapes,train
train/fresh/mango_fresh_0172.jpg,fresh,mango,train
train/fresh/banana_fresh_0164.jpg,fresh,banana,train
train/fresh/peach_fresh_0074.jpg,fresh,peach,train
train/fresh/lemon_fresh_0166.jpg,fresh,lemon,train
train/fresh/pear_fresh_0138.jpg,fresh,pear,train
train/fresh/lemon_fresh_0061.jpg,fresh,lemon,train
train/fresh/onion_fresh_0104.jpg,fresh,onion,train
train/fresh/peach_fresh_0178.jpg,fresh,peach,train
train/fresh/potato_fresh_0053.jpg,fresh,potato,train
train/fresh/peach_fresh_0109.jpg,fresh,peach,train
train/fresh/bell_pepper_fresh_0057.jpg,fresh,bell_pepper,train
train/fresh/pineapple_fresh_0095.jpg,fresh,pineapple,train
train/fresh/apple_fresh_0109.jpg,fresh,apple,train
train/fresh/cucumber_fresh_0153.jpg,fresh,cucumber,train
train/fresh/onion_fresh_0082.jpg,fresh,onion,train
train/fresh/broccoli_fresh_0012.jpg,fresh,broccoli,train
train/fresh/apple_fresh_0076.jpg,fresh,apple,train
train/fresh/lemon_fresh_0144.jpg,fresh,lemon,train
train/fresh/corn_fresh_0026.jpg,fresh,corn,train
train/fresh/strawberry_fresh_0140.jpg,fresh,strawberry,train
train/fresh/spinach_fresh_0186.jpg,fresh,spinach,train
train/fresh/bell_pepper_fresh_0176.jpg,fresh,bell_pepper,train
train/fresh/garlic_fresh_0033.jpg,fresh,garlic,train
train/fresh/potato_fresh_0114.jpg,fresh,potato,train
train/fresh/apple_fresh_0034.jpg,fresh,apple,train
train/fresh/carrot_fresh_0051.jpg,fresh,carrot,train
train/fresh/spinach_fresh_0119.jpg,fresh,spinach,train
train/fresh/cucumber_fresh_0070.jpg,fresh,cucumber,train
train/fresh/pineapple_fresh_0199.jpg,fresh,pineapple,train
train/fresh/mango_fresh_0108.jpg,fresh,mango,train
train/fresh/lemon_fresh_0104.jpg,fresh,lemon,train
train/fresh/tomato_fresh_0023.jpg,fresh,tomato,train
train/fresh/peach_fresh_0118.jpg,fresh,peach,train
train/fresh/pear_fresh_0106.jpg,fresh,pear,train
train/fresh/strawberry_fresh_0129.jpg,fresh,strawberry,train
train/fresh/cucumber_fresh_0110.jpg,fresh,cucumber,train
train/fresh/spinach_fresh_0168.jpg,fresh,spinach,train
train/fresh/cucumber_fresh_0116.jpg,fresh,cucumber,train
train/fresh/cucumber_fresh_0149.jpg,fresh,cucumber,train
train/fresh/potato_fresh_0104.jpg,fresh,potato,train
train/fresh/banana_fresh_0097.jpg,fresh,banana,train
train/fresh/pear_fresh_0112.jpg,fresh,pear,train
train/fresh/cucumber_fresh_0154.jpg,fresh,cucumber,train
train/fresh/pear_fresh_0151.jpg,fresh,pear,train
train/fresh/mango_fresh_0071.jpg,fresh,mango,train
train/fresh/tomato_fresh_0117.jpg,fresh,tomato,train
train/fresh/cucumber_fresh_0170.jpg,fresh,cucumber,train
train/fresh/spinach_fresh_0142.jpg,fresh,spinach,train
train/fresh/carrot_fresh_0065.jpg,fresh,carrot,train
train/fresh/strawberry_fresh_0054.jpg,fresh,strawberry,train
train/fresh/bell_pepper_fresh_0005.jpg,fresh,bell_pepper,train
train/fresh/cucumber_fresh_0005.jpg,fresh,cucumber,train
train/fresh/banana_fresh_0136.jpg,fresh,banana,train
train/fresh/spinach_fresh_0157.jpg,fresh,spinach,train
train/fresh/banana_fresh_0004.jpg,fresh,banana,train
train/fresh/potato_fresh_0011.jpg,fresh,potato,train
train/fresh/orange_fresh_0160.jpg,fresh,orange,train
train/fresh/lemon_fresh_0134.jpg,fresh,lemon,train
train/fresh/garlic_fresh_0104.jpg,fresh,garlic,train
train/fresh/pineapple_fresh_0048.jpg,fresh,pineapple,train
train/fresh/pineapple_fresh_0061.jpg,fresh,pineapple,train
train/fresh/orange_fresh_0186.jpg,fresh,orange,train
train/fresh/carrot_fresh_0071.jpg,fresh,carrot,train
train/fresh/lemon_fresh_0048.jpg,fresh,lemon,train
train/fresh/tomato_fresh_0026.jpg,fresh,tomato,train
train/fresh/spinach_fresh_0118.jpg,fresh,spinach,train
train/fresh/carrot_fresh_0171.jpg,fresh,carrot,train
train/fresh/grapes_fresh_0127.jpg,fresh,grapes,train
train/fresh/pineapple_fresh_0012.jpg,fresh,pineapple,train
train/fresh/peach_fresh_0048.jpg,fresh,peach,train
train/fresh/spinach_fresh_0106.jpg,fresh,spinach,train
train/fresh/mango_fresh_0089.jpg,fresh,mango,train
train/fresh/tomato_fresh_0132.jpg,fresh,tomato,train
train/fresh/carrot_fresh_0049.jpg,fresh,carrot,train
train/fresh/potato_fresh_0179.jpg,fresh,potato,train
train/fresh/cucumber_fresh_0035.jpg,fresh,cucumber,train
train/fresh/garlic_fresh_0039.jpg,fresh,garlic,train
train/fresh/corn_fresh_0017.jpg,fresh,corn,train
train/fresh/garlic_fresh_0158.jpg,fresh,garlic,train
train/fresh/apple_fresh_0170.jpg,fresh,apple,train
train/fresh/bell_pepper_fresh_0011.jpg,fresh,bell_pepper,train
train/fresh/garlic_fresh_0135.jpg,fresh,garlic,train
train/fresh/carrot_fresh_0178.jpg,fresh,carrot,train
train/fresh/lemon_fresh_0153.jpg,fresh,lemon,train
train/fresh/banana_fresh_0007.jpg,fresh,banana,train
train/fresh/mango_fresh_0029.jpg,fresh,mango,train
train/fresh/grapes_fresh_0053.jpg,fresh,grapes,train
train/fresh/mango_fresh_0119.jpg,fresh,mango,train
train/fresh/mango_fresh_0100.jpg,fresh,mango,train
train/fresh/bell_pepper_fresh_0084.jpg,fresh,bell_pepper,train
train/fresh/corn_fresh_0180.jpg,fresh,corn,train
train/fresh/apple_fresh_0191.jpg,fresh,apple,train
train/fresh/orange_fresh_0196.jpg,fresh,orange,train
train/fresh/corn_fresh_0095.jpg,fresh,corn,train
train/fresh/carrot_fresh_0166.jpg,fresh,carrot,train
train/fresh/cucumber_fresh_0004.jpg,fresh,cucumber,train
train/fresh/mango_fresh_0148.jpg,fresh,mango,train
train/fresh/orange_fresh_0155.jpg,fresh,orange,train
train/fresh/grapes_fresh_0139.jpg,fresh,grapes,train
train/fresh/orange_fresh_0149.jpg,fresh,orange,train
train/fresh/carrot_fresh_0175.jpg,fresh,carrot,train
train/fresh/peach_fresh_0011.jpg,fresh,peach,train
train/fresh/peach_fresh_0107.jpg,fresh,peach,train
train/fresh/garlic_fresh_0101.jpg,fresh,garlic,train
train/fresh/onion_fresh_0030.jpg,fresh,onion,train
train/fresh/carrot_fresh_0046.jpg,fresh,carrot,train
train/fresh/peach_fresh_0192.jpg,fresh,peach,train
train/fresh/pear_fresh_0090.jpg,fresh,pear,train
train/fresh/mango_fresh_0166.jpg,fresh,mango,train
train/fresh/grapes_fresh_0152.jpg,fresh,grapes,train
train/fresh/strawberry_fresh_0007.jpg,fresh,strawberry,train
train/fresh/garlic_fresh_0174.jpg,fresh,garlic,train
train/fresh/potato_fresh_0157.jpg,fresh,potato,train
train/fresh/orange_fresh_0181.jpg,fresh,orange,train
train/fresh/mango_fresh_0102.jpg,fresh,mango,train
train/fresh/strawberry_fresh_0019.jpg,fresh,strawberry,train
train/fresh/mango_fresh_0021.jpg,fresh,mango,train
train/fresh/broccoli_fresh_0113.jpg,fresh,broccoli,train
train/fresh/pineapple_fresh_0031.jpg,fresh,pineapple,train
train/fresh/onion_fresh_0153.jpg,fresh,onion,train
train/fresh/tomato_fresh_0161.jpg,fresh,tomato,train
train/fresh/potato_fresh_0148.jpg,fresh,potato,train
train/fresh/spinach_fresh_0114.jpg,fresh,spinach,train
train/fresh/onion_fresh_0043.jpg,fresh,onion,train
train/fresh/strawberry_fresh_0165.jpg,fresh,strawberry,train
train/fresh/mango_fresh_0117.jpg,fresh,mango,train
train/fresh/lemon_fresh_0003.jpg,fresh,lemon,train
train/fresh/strawberry_fresh_0016.jpg,fresh,strawberry,train
train/fresh/pineapple_fresh_0100.jpg,fresh,pineapple,train
train/fresh/broccoli_fresh_0110.jpg,fresh,broccoli,train
train/fresh/pineapple_fresh_0131.jpg,fresh,pineapple,train
train/fresh/mango_fresh_0087.jpg,fresh,mango,train
train/fresh/pineapple_fresh_0021.jpg,fresh,pineapple,train
train/fresh/apple_fresh_0114.jpg,fresh,apple,train
train/fresh/garlic_fresh_0161.jpg,fresh,garlic,train
train/fresh/garlic_fresh_0141.jpg,fresh,garlic,train
train/fresh/garlic_fresh_0078.jpg,fresh,garlic,train
train/fresh/carrot_fresh_0040.jpg,fresh,carrot,train
train/fresh/apple_fresh_0070.jpg,fresh,apple,train
train/fresh/garlic_fresh_0153.jpg,fresh,garlic,train
train/fresh/potato_fresh_0144.jpg,fresh,potato,train
train/fresh/spinach_fresh_0084.jpg,fresh,spinach,train
train/fresh/banana_fresh_0105.jpg,fresh,banana,train
train/fresh/potato_fresh_0108.jpg,fresh,potato,train
train/fresh/orange_fresh_0030.jpg,fresh,orange,train
train/fresh/spinach_fresh_0000.jpg,fresh,spinach,train
train/fresh/pear_fresh_0124.jpg,fresh,pear,train
train/fresh/orange_fresh_0076.jpg,fresh,orange,train
train/fresh/banana_fresh_0021.jpg,fresh,banana,train
train/fresh/apple_fresh_0122.jpg,fresh,apple,train
train/fresh/broccoli_fresh_0070.jpg,fresh,broccoli,train
train/fresh/apple_fresh_0045.jpg,fresh,apple,train
train/fresh/bell_pepper_fresh_0019.jpg,fresh,bell_pepper,train
train/fresh/mango_fresh_0132.jpg,fresh,mango,train
train/fresh/lemon_fresh_0074.jpg,fresh,lemon,train
train/fresh/carrot_fresh_0174.jpg,fresh,carrot,train
train/fresh/corn_fresh_0078.jpg,fresh,corn,train
train/fresh/mango_fresh_0154.jpg,fresh,mango,train
train/fresh/strawberry_fresh_0026.jpg,fresh,strawberry,train
train/fresh/spinach_fresh_0099.jpg,fresh,spinach,train
train/fresh/potato_fresh_0009.jpg,fresh,potato,train
train/fresh/bell_pepper_fresh_0137.jpg,fresh,bell_pepper,train
train/fresh/onion_fresh_0106.jpg,fresh,onion,train
train/fresh/strawberry_fresh_0098.jpg,fresh,strawberry,train
train/fresh/pineapple_fresh_0075.jpg,fresh,pineapple,train
train/fresh/peach_fresh_0097.jpg,fresh,peach,train
train/fresh/onion_fresh_0179.jpg,fresh,onion,train
train/fresh/banana_fresh_0102.jpg,fresh,banana,train
train/fresh/lemon_fresh_0037.jpg,fresh,lemon,train
train/fresh/lemon_fresh_0130.jpg,fresh,lemon,train
train/fresh/banana_fresh_0060.jpg,fresh,banana,train
train/fresh/spinach_fresh_0128.jpg,fresh,spinach,train
train/fresh/pear_fresh_0044.jpg,fresh,pear,train
train/fresh/potato_fresh_0021.jpg,fresh,potato,train
train/fresh/mango_fresh_0130.jpg,fresh,mango,train
train/fresh/apple_fresh_0010.jpg,fresh,apple,train
train/fresh/banana_fresh_0084.jpg,fresh,banana,train
train/fresh/corn_fresh_0075.jpg,fresh,corn,train
train/fresh/tomato_fresh_0163.jpg,fresh,tomato,train
train/fresh/grapes_fresh_0028.jpg,fresh,grapes,train
train/fresh/lemon_fresh_0174.jpg,fresh,lemon,train
train/fresh/banana_fresh_0100.jpg,fresh,banana,train
train/fresh/cucumber_fresh_0160.jpg,fresh,cucumber,train
train/fresh/garlic_fresh_0119.jpg,fresh,garlic,train
train/fresh/carrot_fresh_0155.jpg,fresh,carrot,train
train/fresh/onion_fresh_0102.jpg,fresh,onion,train
train/fresh/apple_fresh_0019.jpg,fresh,apple,train
train/fresh/pear_fresh_0017.jpg,fresh,pear,train
train/fresh/potato_fresh_0101.jpg,fresh,potato,train
train/fresh/tomato_fresh_0134.jpg,fresh,tomato,train
train/fresh/corn_fresh_0129.jpg,fresh,corn,train
train/fresh/carrot_fresh_0176.jpg,fresh,carrot,train
train/fresh/strawberry_fresh_0152.jpg,fresh,strawberry,train
train/fresh/pear_fresh_0084.jpg,fresh,pear,train
train/fresh/potato_fresh_0020.jpg,fresh,potato,train
train/fresh/peach_fresh_0152.jpg,fresh,peach,train
train/fresh/tomato_fresh_0070.jpg,fresh,tomato,train
train/fresh/grapes_fresh_0080.jpg,fresh,grapes,train
train/fresh/spinach_fresh_0028.jpg,fresh,spinach,train
train/fresh/grapes_fresh_0018.jpg,fresh,grapes,train
train/fresh/banana_fresh_0161.jpg,fresh,banana,train
train/fresh/apple_fresh_0029.jpg,fresh,apple,train
train/fresh/broccoli_fresh_0132.jpg,fresh,broccoli,train
train/fresh/onion_fresh_0149.jpg,fresh,onion,train
train/fresh/cucumber_fresh_0132.jpg,fresh,cucumber,train
train/fresh/grapes_fresh_0100.jpg,fresh,grapes,train
train/fresh/strawberry_fresh_0188.jpg,fresh,strawberry,train
train/fresh/garlic_fresh_0189.jpg,fresh,garlic,train
train/fresh/spinach_fresh_0068.jpg,fresh,spinach,train
train/fresh/bell_pepper_fresh_0001.jpg,fresh,bell_pepper,train
train/fresh/bell_pepper_fresh_0029.jpg,fresh,bell_pepper,train
train/fresh/garlic_fresh_0093.jpg,fresh,garlic,train
train/fresh/mango_fresh_0131.jpg,fresh,mango,train
train/fresh/banana_fresh_0157.jpg,fresh,banana,train
train/fresh/grapes_fresh_0003.jpg,fresh,grapes,train
train/fresh/carrot_fresh_0041.jpg,fresh,carrot,train
train/fresh/strawberry_fresh_0117.jpg,fresh,strawberry,train
train/fresh/mango_fresh_0133.jpg,fresh,mango,train
train/fresh/bell_pepper_fresh_0056.jpg,fresh,bell_pepper,train
train/fresh/garlic_fresh_0178.jpg,fresh,garlic,train
train/fresh/tomato_fresh_0199.jpg,fresh,tomato,train
train/fresh/strawberry_fresh_0151.jpg,fresh,strawberry,train
train/fresh/peach_fresh_0102.jpg,fresh,peach,train
train/fresh/banana_fresh_0194.jpg,fresh,banana,train
train/fresh/banana_fresh_0048.jpg,fresh,banana,train
train/fresh/lemon_fresh_0040.jpg,fresh,lemon,train
train/fresh/grapes_fresh_0180.jpg,fresh,grapes,train
train/fresh/garlic_fresh_0059.jpg,fresh,garlic,train
train/fresh/pear_fresh_0148.jpg,fresh,pear,train
train/fresh/garlic_fresh_0179.jpg,fresh,garlic,train
train/fresh/pear_fresh_0184.jpg,fresh,pear,train
train/fresh/mango_fresh_0187.jpg,fresh,mango,train
train/fresh/grapes_fresh_0113.jpg,fresh,grapes,train
train/fresh/potato_fresh_0147.jpg,fresh,potato,train
train/fresh/broccoli_fresh_0192.jpg,fresh,broccoli,train
train/fresh/carrot_fresh_0186.jpg,fresh,carrot,train
train/fresh/onion_fresh_0040.jpg,fresh,onion,train
train/fresh/pineapple_fresh_0024.jpg,fresh,pineapple,train
train/fresh/spinach_fresh_0044.jpg,fresh,spinach,train
train/fresh/tomato_fresh_0035.jpg,fresh,tomato,train
train/fresh/mango_fresh_0056.jpg,fresh,mango,train
train/fresh/corn_fresh_0047.jpg,fresh,corn,train
train/fresh/orange_fresh_0122.jpg,fresh,orange,train
train/fresh/orange_fresh_0050.jpg,fresh,orange,train
train/fresh/mango_fresh_0180.jpg,fresh,mango,train
train/fresh/tomato_fresh_0047.jpg,fresh,tomato,train
train/fresh/cucumber_fresh_0000.jpg,fresh,cucumber,train
train/fresh/grapes_fresh_0108.jpg,fresh,grapes,train
train/fresh/banana_fresh_0070.jpg,fresh,banana,train
train/fresh/pineapple_fresh_0165.jpg,fresh,pineapple,train
train/fresh/garlic_fresh_0159.jpg,fresh,garlic,train
train/fresh/pineapple_fresh_0051.jpg,fresh,pineapple,train
train/fresh/pear_fresh_0193.jpg,fresh,pear,train
train/fresh/potato_fresh_0187.jpg,fresh,potato,train
train/fresh/bell_pepper_fresh_0023.jpg,fresh,bell_pepper,train
train/fresh/grapes_fresh_0138.jpg,fresh,grapes,train
train/fresh/tomato_fresh_0162.jpg,fresh,tomato,train
train/fresh/spinach_fresh_0146.jpg,fresh,spinach,train
train/fresh/bell_pepper_fresh_0046.jpg,fresh,bell_pepper,train
train/fresh/cucumber_fresh_0187.jpg,fresh,cucumber,train
train/fresh/apple_fresh_0097.jpg,fresh,apple,train
train/fresh/carrot_fresh_0044.jpg,fresh,carrot,train
train/fresh/broccoli_fresh_0123.jpg,fresh,broccoli,train
train/fresh/cucumber_fresh_0162.jpg,fresh,cucumber,train
train/fresh/potato_fresh_0174.jpg,fresh,potato,train
train/fresh/peach_fresh_0047.jpg,fresh,peach,train
train/fresh/cucumber_fresh_0104.jpg,fresh,cucumber,train
train/fresh/pineapple_fresh_0159.jpg,fresh,pineapple,train
train/fresh/pineapple_fresh_0090.jpg,fresh,pineapple,train
train/fresh/peach_fresh_0034.jpg,fresh,peach,train
train/fresh/pear_fresh_0071.jpg,fresh,pear,train
train/fresh/pear_fresh_0021.jpg,fresh,pear,train
train/fresh/broccoli_fresh_0136.jpg,fresh,broccoli,train
train/fresh/apple_fresh_0192.jpg,fresh,apple,train
train/fresh/orange_fresh_0036.jpg,fresh,orange,train
train/fresh/corn_fresh_0156.jpg,fresh,corn,train
train/fresh/peach_fresh_0141.jpg,fresh,peach,train
train/fresh/apple_fresh_0024.jpg,fresh,apple,train
train/fresh/lemon_fresh_0112.jpg,fresh,lemon,train
train/fresh/tomato_fresh_0167.jpg,fresh,tomato,train
train/fresh/spinach_fresh_0120.jpg,fresh,spinach,train
train/fresh/lemon_fresh_0088.jpg,fresh,lemon,train
train/fresh/apple_fresh_0111.jpg,fresh,apple,train
train/fresh/cucumber_fresh_0051.jpg,fresh,cucumber,train
train/fresh/apple_fresh_0053.jpg,fresh,apple,train
train/fresh/broccoli_fresh_0166.jpg,fresh,broccoli,train
train/fresh/orange_fresh_0002.jpg,fresh,orange,train
train/fresh/orange_fresh_0052.jpg,fresh,orange,train
train/fresh/carrot_fresh_0066.jpg,fresh,carrot,train
train/fresh/corn_fresh_0196.jpg,fresh,corn,train
train/fresh/grapes_fresh_0156.jpg,fresh,grapes,train
train/fresh/carrot_fresh_0162.jpg,fresh,carrot,train
train/fresh/cucumber_fresh_0056.jpg,fresh,cucumber,train
train/fresh/corn_fresh_0151.jpg,fresh,corn,train
train/fresh/tomato_fresh_0031.jpg,fresh,tomato,train
train/fresh/pear_fresh_0064.jpg,fresh,pear,train
train/fresh/apple_fresh_0068.jpg,fresh,apple,train
train/fresh/banana_fresh_0035.jpg,fresh,banana,train
train/fresh/banana_fresh_0012.jpg,fresh,banana,train
train/fresh/garlic_fresh_0073.jpg,fresh,garlic,train
train/fresh/orange_fresh_0172.jpg,fresh,orange,train
train/fresh/garlic_fresh_0142.jpg,fresh,garlic,train
train/fresh/lemon_fresh_0115.jpg,fresh,lemon,train
train/fresh/orange_fresh_0022.jpg,fresh,orange,train
train/fresh/carrot_fresh_0095.jpg,fresh,carrot,train
train/fresh/pear_fresh_0180.jpg,fresh,pear,train
train/fresh/strawberry_fresh_0178.jpg,fresh,strawberry,train
train/fresh/onion_fresh_0190.jpg,fresh,onion,train
train/fresh/broccoli_fresh_0153.jpg,fresh,broccoli,train
train/fresh/lemon_fresh_0121.jpg,fresh,lemon,train
train/fresh/corn_fresh_0186.jpg,fresh,corn,train
train/fresh/carrot_fresh_0084.jpg,fresh,carrot,train
train/fresh/grapes_fresh_0056.jpg,fresh,grapes,train
train/fresh/peach_fresh_0081.jpg,fresh,peach,train
train/fresh/strawberry_fresh_0132.jpg,fresh,strawberry,train
train/fresh/banana_fresh_0151.jpg,fresh,banana,train
train/fresh/tomato_fresh_0090.jpg,fresh,tomato,train
train/fresh/cucumber_fresh_0084.jpg,fresh,cucumber,train
train/fresh/strawberry_fresh_0062.jpg,fresh,strawberry,train
train/fresh/lemon_fresh_0035.jpg,fresh,lemon,train
train/fresh/strawberry_fresh_0158.jpg,fresh,strawberry,train
train/fresh/tomato_fresh_0127.jpg,fresh,tomato,train
train/fresh/carrot_fresh_0019.jpg,fresh,carrot,train
train/fresh/garlic_fresh_0137.jpg,fresh,garlic,train
train/fresh/garlic_fresh_0063.jpg,fresh,garlic,train
train/fresh/pear_fresh_0154.jpg,fresh,pear,train
train/fresh/potato_fresh_0142.jpg,fresh,potato,train
train/fresh/apple_fresh_0077.jpg,fresh,apple,train
train/fresh/orange_fresh_0069.jpg,fresh,orange,train
train/fresh/spinach_fresh_0064.jpg,fresh,spinach,train
train/fresh/cucumber_fresh_0128.jpg,fresh,cucumber,train
train/fresh/orange_fresh_0054.jpg,fresh,orange,train
train/fresh/garlic_fresh_0190.jpg,fresh,garlic,train
train/fresh/cucumber_fresh_0133.jpg,fresh,cucumber,train
train/fresh/peach_fresh_0018.jpg,fresh,peach,train
train/fresh/apple_fresh_0103.jpg,fresh,apple,train
train/fresh/bell_pepper_fresh_0088.jpg,fresh,bell_pepper,train
train/fresh/carrot_fresh_0138.jpg,fresh,carrot,train
train/fresh/orange_fresh_0043.jpg,fresh,orange,train
train/fresh/corn_fresh_0090.jpg,fresh,corn,train
train/fresh/cucumber_fresh_0176.jpg,fresh,cucumber,train
train/fresh/garlic_fresh_0011.jpg,fresh,garlic,train
train/fresh/banana_fresh_0033.jpg,fresh,banana,train
train/fresh/mango_fresh_0060.jpg,fresh,mango,train
train/fresh/garlic_fresh_0148.jpg,fresh,garlic,train
train/fresh/tomato_fresh_0046.jpg,fresh,tomato,train
train/fresh/orange_fresh_0080.jpg,fresh,orange,train
train/fresh/grapes_fresh_0125.jpg,fresh,grapes,train
train/fresh/carrot_fresh_0070.jpg,fresh,carrot,train
train/fresh/apple_fresh_0055.jpg,fresh,apple,train
train/fresh/broccoli_fresh_0197.jpg,fresh,broccoli,train
train/fresh/bell_pepper_fresh_0033.jpg,fresh,bell_pepper,train
train/fresh/broccoli_fresh_0052.jpg,fresh,broccoli,train
train/fresh/garlic_fresh_0016.jpg,fresh,garlic,train
train/fresh/garlic_fresh_0048.jpg,fresh,garlic,train
train/fresh/garlic_fresh_0105.jpg,fresh,garlic,train
train/fresh/lemon_fresh_0063.jpg,fresh,lemon,train
train/fresh/onion_fresh_0088.jpg,fresh,onion,train
train/fresh/mango_fresh_0158.jpg,fresh,mango,train
train/fresh/apple_fresh_0050.jpg,fresh,apple,train
train/fresh/spinach_fresh_0032.jpg,fresh,spinach,train
train/fresh/potato_fresh_0079.jpg,fresh,potato,train
train/fresh/potato_fresh_0186.jpg,fresh,potato,train
train/fresh/onion_fresh_0139.jpg,fresh,onion,train
train/fresh/potato_fresh_0154.jpg,fresh,potato,train
train/fresh/cucumber_fresh_0100.jpg,fresh,cucumber,train
train/fresh/mango_fresh_0054.jpg,fresh,mango,train
train/fresh/potato_fresh_0180.jpg,fresh,potato,train
train/fresh/tomato_fresh_0011.jpg,fresh,tomato,train
train/fresh/tomato_fresh_0089.jpg,fresh,tomato,train
train/fresh/pineapple_fresh_0043.jpg,fresh,pineapple,train
train/fresh/onion_fresh_0171.jpg,fresh,onion,train
train/fresh/onion_fresh_0157.jpg,fresh,onion,train
train/fresh/pineapple_fresh_0166.jpg,fresh,pineapple,train
train/fresh/tomato_fresh_0146.jpg,fresh,tomato,train
train/fresh/cucumber_fresh_0033.jpg,fresh,cucumber,train
train/fresh/pineapple_fresh_0150.jpg,fresh,pineapple,train
train/fresh/cucumber_fresh_0012.jpg,fresh,cucumber,train
train/fresh/mango_fresh_0184.jpg,fresh,mango,train
train/fresh/onion_fresh_0080.jpg,fresh,onion,train
train/fresh/cucumber_fresh_0184.jpg,fresh,cucumber,train
train/fresh/grapes_fresh_0046.jpg,fresh,grapes,train
train/fresh/cucumber_fresh_0096.jpg,fresh,cucumber,train
train/fresh/mango_fresh_0191.jpg,fresh,mango,train
train/fresh/onion_fresh_0117.jpg,fresh,onion,train
train/fresh/banana_fresh_0198.jpg,fresh,banana,train
train/fresh/cucumber_fresh_0041.jpg,fresh,cucumber,train
train/fresh/strawberry_fresh_0013.jpg,fresh,strawberry,train
train/fresh/corn_fresh_0069.jpg,fresh,corn,train
train/fresh/lemon_fresh_0176.jpg,fresh,lemon,train
train/fresh/apple_fresh_0172.jpg,fresh,apple,train
train/fresh/potato_fresh_0019.jpg,fresh,potato,train
train/fresh/broccoli_fresh_0175.jpg,fresh,broccoli,train
train/fresh/spinach_fresh_0061.jpg,fresh,spinach,train
train/fresh/carrot_fresh_0048.jpg,fresh,carrot,train
train/fresh/banana_fresh_0062.jpg,fresh,banana,train
train/fresh/potato_fresh_0189.jpg,fresh,potato,train
train/fresh/tomato_fresh_0087.jpg,fresh,tomato,train
train/fresh/apple_fresh_0101.jpg,fresh,apple,train
train/fresh/onion_fresh_0090.jpg,fresh,onion,train
train/fresh/grapes_fresh_0008.jpg,fresh,grapes,train
train/fresh/grapes_fresh_0134.jpg,fresh,grapes,train
train/fresh/pear_fresh_0069.jpg,fresh,pear,train
train/fresh/onion_fresh_0173.jpg,fresh,onion,train
train/fresh/mango_fresh_0041.jpg,fresh,mango,train
train/fresh/peach_fresh_0199.jpg,fresh,peach,train
train/fresh/pear_fresh_0163.jpg,fresh,pear,train
train/fresh/peach_fresh_0143.jpg,fresh,peach,train
train/fresh/peach_fresh_0163.jpg,fresh,peach,train
train/fresh/potato_fresh_0068.jpg,fresh,potato,train
train/fresh/carrot_fresh_0101.jpg,fresh,carrot,train
train/fresh/orange_fresh_0089.jpg,fresh,orange,train
train/fresh/grapes_fresh_0189.jpg,fresh,grapes,train
train/fresh/apple_fresh_0162.jpg,fresh,apple,train
train/fresh/spinach_fresh_0103.jpg,fresh,spinach,train
train/fresh/carrot_fresh_0129.jpg,fresh,carrot,train
train/fresh/orange_fresh_0164.jpg,fresh,orange,train
train/fresh/peach_fresh_0197.jpg,fresh,peach,train
train/fresh/potato_fresh_0035.jpg,fresh,potato,train
train/fresh/mango_fresh_0005.jpg,fresh,mango,train
train/fresh/lemon_fresh_0032.jpg,fresh,lemon,train
train/fresh/peach_fresh_0121.jpg,fresh,peach,train
train/fresh/mango_fresh_0081.jpg,fresh,mango,train
train/fresh/tomato_fresh_0062.jpg,fresh,tomato,train
train/fresh/pear_fresh_0025.jpg,fresh,pear,train
train/fresh/broccoli_fresh_0020.jpg,fresh,broccoli,train
train/fresh/potato_fresh_0036.jpg,fresh,potato,train
train/fresh/orange_fresh_0103.jpg,fresh,orange,train
train/fresh/potato_fresh_0140.jpg,fresh,potato,train
train/fresh/mango_fresh_0185.jpg,fresh,mango,train
train/fresh/carrot_fresh_0052.jpg,fresh,carrot,train
train/fresh/pineapple_fresh_0137.jpg,fresh,pineapple,train
train/fresh/apple_fresh_0003.jpg,fresh,apple,train
train/fresh/pineapple_fresh_0096.jpg,fresh,pineapple,train
train/fresh/broccoli_fresh_0193.jpg,fresh,broccoli,train
train/fresh/strawberry_fresh_0141.jpg,fresh,strawberry,train
train/fresh/strawberry_fresh_0049.jpg,fresh,strawberry,train
train/fresh/grapes_fresh_0032.jpg,fresh,grapes,train
train/fresh/banana_fresh_0099.jpg,fresh,banana,train
train/fresh/tomato_fresh_0100.jpg,fresh,tomato,train
train/fresh/mango_fresh_0017.jpg,fresh,mango,train
train/fresh/garlic_fresh_0117.jpg,fresh,garlic,train
train/fresh/grapes_fresh_0037.jpg,fresh,grapes,train
train/fresh/potato_fresh_0061.jpg,fresh,potato,train
train/fresh/orange_fresh_0167.jpg,fresh,orange,train
train/fresh/carrot_fresh_0037.jpg,fresh,carrot,train
train/fresh/spinach_fresh_0194.jpg,fresh,spinach,train
train/fresh/carrot_fresh_0132.jpg,fresh,carrot,train
train/fresh/grapes_fresh_0021.jpg,fresh,grapes,train
train/fresh/onion_fresh_0084.jpg,fresh,onion,train
train/fresh/strawberry_fresh_0161.jpg,fresh,strawberry,train
train/fresh/potato_fresh_0089.jpg,fresh,potato,train
train/fresh/cucumber_fresh_0066.jpg,fresh,cucumber,train
train/fresh/lemon_fresh_0159.jpg,fresh,lemon,train
train/fresh/carrot_fresh_0195.jpg,fresh,carrot,train
train/fresh/peach_fresh_0050.jpg,fresh,peach,train
train/fresh/orange_fresh_0116.jpg,fresh,orange,train
train/fresh/potato_fresh_0112.jpg,fresh,potato,train
train/fresh/banana_fresh_0009.jpg,fresh,banana,train
train/fresh/cucumber_fresh_0098.jpg,fresh,cucumber,train
train/fresh/grapes_fresh_0019.jpg,fresh,grapes,train
train/fresh/orange_fresh_0145.jpg,fresh,orange,train
train/fresh/lemon_fresh_0111.jpg,fresh,lemon,train
train/fresh/tomato_fresh_0136.jpg,fresh,tomato,train
train/fresh/banana_fresh_0187.jpg,fresh,banana,train
train/fresh/pear_fresh_0122.jpg,fresh,pear,train
train/fresh/carrot_fresh_0113.jpg,fresh,carrot,train
train/fresh/strawberry_fresh_0142.jpg,fresh,strawberry,train
train/fresh/pineapple_fresh_0018.jpg,fresh,pineapple,train
train/fresh/grapes_fresh_0188.jpg,fresh,grapes,train
train/fresh/lemon_fresh_0190.jpg,fresh,lemon,train
train/fresh/strawberry_fresh_0164.jpg,fresh,strawberry,train
train/fresh/mango_fresh_0162.jpg,fresh,mango,train
train/fresh/potato_fresh_0163.jpg,fresh,potato,train
train/fresh/carrot_fresh_0111.jpg,fresh,carrot,train
train/fresh/corn_fresh_0164.jpg,fresh,corn,train
train/fresh/pineapple_fresh_0010.jpg,fresh,pineapple,train
train/fresh/cucumber_fresh_0081.jpg,fresh,cucumber,train
train/fresh/potato_fresh_0169.jpg,fresh,potato,train
train/fresh/pineapple_fresh_0136.jpg,fresh,pineapple,train
train/fresh/garlic_fresh_0060.jpg,fresh,garlic,train
train/fresh/tomato_fresh_0051.jpg,fresh,tomato,train
train/fresh/broccoli_fresh_0165.jpg,fresh,broccoli,train
train/fresh/spinach_fresh_0175.jpg,fresh,spinach,train
train/fresh/pineapple_fresh_0146.jpg,fresh,pineapple,train
train/fresh/corn_fresh_0139.jpg,fresh,corn,train
train/fresh/broccoli_fresh_0167.jpg,fresh,broccoli,train
train/fresh/onion_fresh_0057.jpg,fresh,onion,train
train/fresh/peach_fresh_0167.jpg,fresh,peach,train
train/fresh/lemon_fresh_0178.jpg,fresh,lemon,train
train/fresh/peach_fresh_0072.jpg,fresh,peach,train
train/fresh/pineapple_fresh_0173.jpg,fresh,pineapple,train
train/fresh/orange_fresh_0177.jpg,fresh,orange,train
train/fresh/mango_fresh_0037.jpg,fresh,mango,train
train/fresh/tomato_fresh_0081.jpg,fresh,tomato,train
train/fresh/bell_pepper_fresh_0024.jpg,fresh,bell_pepper,train
train/fresh/apple_fresh_0171.jpg,fresh,apple,train
train/fresh/tomato_fresh_0133.jpg,fresh,tomato,train
train/fresh/onion_fresh_0022.jpg,fresh,onion,train
train/fresh/grapes_fresh_0000.jpg,fresh,grapes,train
train/fresh/peach_fresh_0095.jpg,fresh,peach,train
train/fresh/peach_fresh_0044.jpg,fresh,peach,train
train/fresh/strawberry_fresh_0083.jpg,fresh,strawberry,train
train/fresh/peach_fresh_0051.jpg,fresh,peach,train
train/fresh/apple_fresh_0052.jpg,fresh,apple,train
train/fresh/garlic_fresh_0180.jpg,fresh,garlic,train
train/fresh/tomato_fresh_0002.jpg,fresh,tomato,train
train/fresh/tomato_fresh_0183.jpg,fresh,tomato,train
train/fresh/corn_fresh_0148.jpg,fresh,corn,train
train/fresh/bell_pepper_fresh_0010.jpg,fresh,bell_pepper,train
train/fresh/potato_fresh_0041.jpg,fresh,potato,train
train/fresh/pineapple_fresh_0062.jpg,fresh,pineapple,train
train/fresh/corn_fresh_0130.jpg,fresh,corn,train
train/fresh/spinach_fresh_0123.jpg,fresh,spinach,train
train/fresh/peach_fresh_0049.jpg,fresh,peach,train
train/fresh/onion_fresh_0081.jpg,fresh,onion,train
train/fresh/pineapple_fresh_0065.jpg,fresh,pineapple,train
train/fresh/cucumber_fresh_0017.jpg,fresh,cucumber,train
train/fresh/garlic_fresh_0186.jpg,fresh,garlic,train
train/fresh/bell_pepper_fresh_0113.jpg,fresh,bell_pepper,train
train/fresh/carrot_fresh_0190.jpg,fresh,carrot,train
train/fresh/carrot_fresh_0170.jpg,fresh,carrot,train
train/fresh/pear_fresh_0018.jpg,fresh,pear,train
train/fresh/pineapple_fresh_0139.jpg,fresh,pineapple,train
train/fresh/apple_fresh_0059.jpg,fresh,apple,train
train/fresh/mango_fresh_0032.jpg,fresh,mango,train
train/fresh/potato_fresh_0022.jpg,fresh,potato,train
train/fresh/peach_fresh_0037.jpg,fresh,peach,train
train/fresh/orange_fresh_0189.jpg,fresh,orange,train
train/fresh/potato_fresh_0085.jpg,fresh,potato,train
train/fresh/peach_fresh_0154.jpg,fresh,peach,train
train/fresh/pineapple_fresh_0076.jpg,fresh,pineapple,train
train/fresh/mango_fresh_0080.jpg,fresh,mango,train
train/fresh/bell_pepper_fresh_0183.jpg,fresh,bell_pepper,train
train/fresh/strawberry_fresh_0006.jpg,fresh,strawberry,train
train/fresh/peach_fresh_0139.jpg,fresh,peach,train
train/fresh/pear_fresh_0170.jpg,fresh,pear,train
train/fresh/pineapple_fresh_0183.jpg,fresh,pineapple,train
train/fresh/onion_fresh_0002.jpg,fresh,onion,train
train/fresh/tomato_fresh_0007.jpg,fresh,tomato,train
train/fresh/orange_fresh_0131.jpg,fresh,orange,train
train/fresh/orange_fresh_0004.jpg,fresh,orange,train
train/fresh/garlic_fresh_0098.jpg,fresh,garlic,train
train/fresh/pear_fresh_0147.jpg,fresh,pear,train
train/fresh/broccoli_fresh_0134.jpg,fresh,broccoli,train
train/fresh/strawberry_fresh_0021.jpg,fresh,strawberry,train
train/fresh/strawberry_fresh_0169.jpg,fresh,strawberry,train
train/fresh/grapes_fresh_0010.jpg,fresh,grapes,train
train/fresh/corn_fresh_0125.jpg,fresh,corn,train
train/fresh/banana_fresh_0134.jpg,fresh,banana,train
train/fresh/apple_fresh_0094.jpg,fresh,apple,train
train/fresh/garlic_fresh_0123.jpg,fresh,garlic,train
train/fresh/carrot_fresh_0038.jpg,fresh,carrot,train
train/fresh/broccoli_fresh_0081.jpg,fresh,broccoli,train
train/fresh/orange_fresh_0033.jpg,fresh,orange,train
train/fresh/broccoli_fresh_0183.jpg,fresh,broccoli,train
train/fresh/lemon_fresh_0106.jpg,fresh,lemon,train
train/fresh/potato_fresh_0034.jpg,fresh,potato,train
train/fresh/strawberry_fresh_0074.jpg,fresh,strawberry,train
train/fresh/bell_pepper_fresh_0161.jpg,fresh,bell_pepper,train
train/fresh/grapes_fresh_0142.jpg,fresh,grapes,train
train/fresh/potato_fresh_0083.jpg,fresh,potato,train
train/fresh/pear_fresh_0043.jpg,fresh,pear,train
train/fresh/potato_fresh_0133.jpg,fresh,potato,train
train/fresh/pear_fresh_0197.jpg,fresh,pear,train
train/fresh/carrot_fresh_0001.jpg,fresh,carrot,train
train/fresh/pear_fresh_0033.jpg,fresh,pear,train
train/fresh/grapes_fresh_0148.jpg,fresh,grapes,train
train/fresh/orange_fresh_0097.jpg,fresh,orange,train
train/fresh/onion_fresh_0182.jpg,fresh,onion,train
train/fresh/bell_pepper_fresh_0016.jpg,fresh,bell_pepper,train
train/fresh/carrot_fresh_0146.jpg,fresh,carrot,train
train/fresh/cucumber_fresh_0121.jpg,fresh,cucumber,train
train/fresh/grapes_fresh_0030.jpg,fresh,grapes,train
train/fresh/onion_fresh_0019.jpg,fresh,onion,train
train/fresh/apple_fresh_0100.jpg,fresh,apple,train
train/fresh/broccoli_fresh_0124.jpg,fresh,broccoli,train
train/fresh/apple_fresh_0199.jpg,fresh,apple,train
train/fresh/apple_fresh_0038.jpg,fresh,apple,train
train/fresh/peach_fresh_0145.jpg,fresh,peach,train
train/fresh/bell_pepper_fresh_0018.jpg,fresh,bell_pepper,train
train/fresh/grapes_fresh_0179.jpg,fresh,grapes,train
train/fresh/mango_fresh_0176.jpg,fresh,mango,train
train/fresh/banana_fresh_0081.jpg,fresh,banana,train
train/fresh/spinach_fresh_0038.jpg,fresh,spinach,train
train/fresh/cucumber_fresh_0037.jpg,fresh,cucumber,train
train/fresh/mango_fresh_0124.jpg,fresh,mango,train
train/fresh/peach_fresh_0035.jpg,fresh,peach,train
train/fresh/pear_fresh_0097.jpg,fresh,pear,train
train/fresh/banana_fresh_0088.jpg,fresh,banana,train
train/fresh/corn_fresh_0063.jpg,fresh,corn,train
train/fresh/grapes_fresh_0082.jpg,fresh,grapes,train
train/fresh/grapes_fresh_0035.jpg,fresh,grapes,train
train/fresh/cucumber_fresh_0077.jpg,fresh,cucumber,train
train/fresh/banana_fresh_0177.jpg,fresh,banana,train
train/fresh/cucumber_fresh_0179.jpg,fresh,cucumber,train
train/fresh/carrot_fresh_0123.jpg,fresh,carrot,train
train/fresh/carrot_fresh_0136.jpg,fresh,carrot,train
train/fresh/mango_fresh_0127.jpg,fresh,mango,train
train/fresh/peach_fresh_0155.jpg,fresh,peach,train
train/fresh/tomato_fresh_0034.jpg,fresh,tomato,train
train/fresh/mango_fresh_0194.jpg,fresh,mango,train
train/fresh/banana_fresh_0024.jpg,fresh,banana,train
train/fresh/potato_fresh_0066.jpg,fresh,potato,train
train/fresh/carrot_fresh_0036.jpg,fresh,carrot,train
train/fresh/strawberry_fresh_0198.jpg,fresh,strawberry,train
train/fresh/broccoli_fresh_0198.jpg,fresh,broccoli,train
train/fresh/peach_fresh_0194.jpg,fresh,peach,train
train/fresh/broccoli_fresh_0100.jpg,fresh,broccoli,train
train/fresh/apple_fresh_0148.jpg,fresh,apple,train
train/fresh/apple_fresh_0125.jpg,fresh,apple,train
train/fresh/corn_fresh_0168.jpg,fresh,corn,train
train/fresh/strawberry_fresh_0090.jpg,fresh,strawberry,train
train/fresh/garlic_fresh_0139.jpg,fresh,garlic,train
train/fresh/grapes_fresh_0057.jpg,fresh,grapes,train
train/fresh/pineapple_fresh_0110.jpg,fresh,pineapple,train
train/fresh/bell_pepper_fresh_0184.jpg,fresh,bell_pepper,train
train/fresh/grapes_fresh_0120.jpg,fresh,grapes,train
train/fresh/pear_fresh_0168.jpg,fresh,pear,train
train/fresh/spinach_fresh_0158.jpg,fresh,spinach,train
train/fresh/carrot_fresh_0183.jpg,fresh,carrot,train
train/fresh/lemon_fresh_0162.jpg,fresh,lemon,train
train/fresh/pineapple_fresh_0091.jpg,fresh,pineapple,train
train/fresh/lemon_fresh_0014.jpg,fresh,lemon,train
train/fresh/broccoli_fresh_0139.jpg,fresh,broccoli,train
train/fresh/potato_fresh_0136.jpg,fresh,potato,train
train/fresh/pineapple_fresh_0121.jpg,fresh,pineapple,train
train/fresh/bell_pepper_fresh_0041.jpg,fresh,bell_pepper,train
train/fresh/spinach_fresh_0167.jpg,fresh,spinach,train
train/fresh/orange_fresh_0110.jpg,fresh,orange,train
train/fresh/banana_fresh_0083.jpg,fresh,banana,train
train/fresh/corn_fresh_0136.jpg,fresh,corn,train
train/fresh/mango_fresh_0096.jpg,fresh,mango,train
train/fresh/onion_fresh_0167.jpg,fresh,onion,train
train/fresh/onion_fresh_0026.jpg,fresh,onion,train
train/fresh/garlic_fresh_0136.jpg,fresh,garlic,train
train/fresh/broccoli_fresh_0031.jpg,fresh,broccoli,train
train/fresh/lemon_fresh_0185.jpg,fresh,lemon,train
train/fresh/pear_fresh_0136.jpg,fresh,pear,train
train/fresh/pineapple_fresh_0015.jpg,fresh,pineapple,train
train/fresh/onion_fresh_0128.jpg,fresh,onion,train
train/fresh/mango_fresh_0195.jpg,fresh,mango,train
train/fresh/bell_pepper_fresh_0022.jpg,fresh,bell_pepper,train
train/fresh/mango_fresh_0055.jpg,fresh,mango,train
train/fresh/corn_fresh_0115.jpg,fresh,corn,train
train/fresh/cucumber_fresh_0065.jpg,fresh,cucumber,train
train/fresh/onion_fresh_0127.jpg,fresh,onion,train
train/fresh/pear_fresh_0196.jpg,fresh,pear,train
train/fresh/mango_fresh_0058.jpg,fresh,mango,train
train/fresh/cucumber_fresh_0050.jpg,fresh,cucumber,train
train/fresh/grapes_fresh_0090.jpg,fresh,grapes,train
train/fresh/cucumber_fresh_0022.jpg,fresh,cucumber,train
train/fresh/broccoli_fresh_0168.jpg,fresh,broccoli,train
train/fresh/cucumber_fresh_0171.jpg,fresh,cucumber,train
train/fresh/garlic_fresh_0072.jpg,fresh,garlic,train
train/fresh/pear_fresh_0012.jpg,fresh,pear,train
train/fresh/broccoli_fresh_0181.jpg,fresh,broccoli,train
train/fresh/mango_fresh_0063.jpg,fresh,mango,train
train/fresh/orange_fresh_0175.jpg,fresh,orange,train
train/fresh/pear_fresh_0125.jpg,fresh,pear,train
train/fresh/banana_fresh_0054.jpg,fresh,banana,train
train/fresh/spinach_fresh_0149.jpg,fresh,spinach,train
train/fresh/apple_fresh_0116.jpg,fresh,apple,train
train/fresh/banana_fresh_0058.jpg,fresh,banana,train
train/fresh/apple_fresh_0119.jpg,fresh,apple,train
train/fresh/corn_fresh_0022.jpg,fresh,corn,train
train/fresh/carrot_fresh_0159.jpg,fresh,carrot,train
train/fresh/cucumber_fresh_0078.jpg,fresh,cucumber,train
train/fresh/lemon_fresh_0071.jpg,fresh,lemon,train
train/fresh/tomato_fresh_0045.jpg,fresh,tomato,train
train/fresh/cucumber_fresh_0137.jpg,fresh,cucumber,train
train/fresh/garlic_fresh_0087.jpg,fresh,garlic,train
train/fresh/potato_fresh_0071.jpg,fresh,potato,train
train/fresh/corn_fresh_0082.jpg,fresh,corn,train
train/fresh/lemon_fresh_0094.jpg,fresh,lemon,train
train/fresh/corn_fresh_0083.jpg,fresh,corn,train
train/fresh/banana_fresh_0002.jpg,fresh,banana,train
train/fresh/bell_pepper_fresh_0170.jpg,fresh,bell_pepper,train
train/fresh/garlic_fresh_0013.jpg,fresh,garlic,train
train/fresh/mango_fresh_0011.jpg,fresh,mango,train
train/fresh/pear_fresh_0173.jpg,fresh,pear,train
train/fresh/orange_fresh_0117.jpg,fresh,orange,train
train/fresh/pineapple_fresh_0155.jpg,fresh,pineapple,train
train/fresh/pineapple_fresh_0032.jpg,fresh,pineapple,train
train/fresh/banana_fresh_0026.jpg,fresh,banana,train
train/fresh/broccoli_fresh_0041.jpg,fresh,broccoli,train
train/fresh/potato_fresh_0162.jpg,fresh,potato,train
train/fresh/carrot_fresh_0057.jpg,fresh,carrot,train
train/fresh/cucumber_fresh_0144.jpg,fresh,cucumber,train
train/fresh/lemon_fresh_0000.jpg,fresh,lemon,train
train/fresh/strawberry_fresh_0092.jpg,fresh,strawberry,train
train/fresh/cucumber_fresh_0106.jpg,fresh,cucumber,train
train/fresh/carrot_fresh_0047.jpg,fresh,carrot,train
train/fresh/carrot_fresh_0050.jpg,fresh,carrot,train
train/fresh/lemon_fresh_0064.jpg,fresh,lemon,train
train/fresh/mango_fresh_0033.jpg,fresh,mango,train
train/fresh/strawberry_fresh_0071.jpg,fresh,strawberry,train
train/fresh/banana_fresh_0028.jpg,fresh,banana,train
train/fresh/bell_pepper_fresh_0159.jpg,fresh,bell_pepper,train
train/fresh/potato_fresh_0124.jpg,fresh,potato,train
train/fresh/cucumber_fresh_0142.jpg,fresh,cucumber,train
train/fresh/mango_fresh_0083.jpg,fresh,mango,train
train/fresh/garlic_fresh_0131.jpg,fresh,garlic,train
train/fresh/cucumber_fresh_0046.jpg,fresh,cucumber,train
train/fresh/broccoli_fresh_0138.jpg,fresh,broccoli,train
train/fresh/bell_pepper_fresh_0040.jpg,fresh,bell_pepper,train
train/fresh/broccoli_fresh_0029.jpg,fresh,broccoli,train
train/fresh/tomato_fresh_0018.jpg,fresh,tomato,train
train/fresh/mango_fresh_0016.jpg,fresh,mango,train
train/fresh/pineapple_fresh_0080.jpg,fresh,pineapple,train
train/fresh/peach_fresh_0076.jpg,fresh,peach,train
train/fresh/garlic_fresh_0057.jpg,fresh,garlic,train
train/fresh/spinach_fresh_0081.jpg,fresh,spinach,train
train/fresh/banana_fresh_0016.jpg,fresh,banana,train
train/fresh/broccoli_fresh_0016.jpg,fresh,broccoli,train
train/fresh/bell_pepper_fresh_0157.jpg,fresh,bell_pepper,train
train/fresh/strawberry_fresh_0003.jpg,fresh,strawberry,train
train/fresh/cucumber_fresh_0156.jpg,fresh,cucumber,train
train/fresh/cucumber_fresh_0032.jpg,fresh,cucumber,train
train/fresh/onion_fresh_0032.jpg,fresh,onion,train
train/fresh/mango_fresh_0107.jpg,fresh,mango,train
train/fresh/broccoli_fresh_0009.jpg,fresh,broccoli,train
train/fresh/pear_fresh_0172.jpg,fresh,pear,train
train/fresh/broccoli_fresh_0023.jpg,fresh,broccoli,train
train/fresh/onion_fresh_0047.jpg,fresh,onion,train
train/fresh/bell_pepper_fresh_0187.jpg,fresh,bell_pepper,train
train/fresh/pear_fresh_0029.jpg,fresh,pear,train
train/fresh/tomato_fresh_0065.jpg,fresh,tomato,train
train/fresh/spinach_fresh_0093.jpg,fresh,spinach,train
train/fresh/mango_fresh_0097.jpg,fresh,mango,train
train/fresh/onion_fresh_0052.jpg,fresh,onion,train
train/fresh/grapes_fresh_0155.jpg,fresh,grapes,train
train/fresh/lemon_fresh_0163.jpg,fresh,lemon,train
train/fresh/cucumber_fresh_0125.jpg,fresh,cucumber,train
train/fresh/lemon_fresh_0015.jpg,fresh,lemon,train
train/fresh/potato_fresh_0023.jpg,fresh,potato,train
train/fresh/banana_fresh_0186.jpg,fresh,banana,train
train/fresh/potato_fresh_0092.jpg,fresh,potato,train
train/fresh/lemon_fresh_0065.jpg,fresh,lemon,train
train/fresh/corn_fresh_0163.jpg,fresh,corn,train
train/fresh/tomato_fresh_0021.jpg,fresh,tomato,train
train/fresh/mango_fresh_0043.jpg,fresh,mango,train
train/fresh/lemon_fresh_0078.jpg,fresh,lemon,train
train/fresh/strawberry_fresh_0031.jpg,fresh,strawberry,train
train/fresh/pineapple_fresh_0113.jpg,fresh,pineapple,train
train/fresh/apple_fresh_0152.jpg,fresh,apple,train
train/fresh/pear_fresh_0111.jpg,fresh,pear,train
train/fresh/bell_pepper_fresh_0155.jpg,fresh,bell_pepper,train
train/fresh/tomato_fresh_0079.jpg,fresh,tomato,train
train/fresh/banana_fresh_0122.jpg,fresh,banana,train
train/fresh/cucumber_fresh_0148.jpg,fresh,cucumber,train
train/fresh/broccoli_fresh_0026.jpg,fresh,broccoli,train
train/fresh/mango_fresh_0128.jpg,fresh,mango,train
train/fresh/bell_pepper_fresh_0129.jpg,fresh,bell_pepper,train
train/fresh/orange_fresh_0025.jpg,fresh,orange,train
train/fresh/banana_fresh_0079.jpg,fresh,banana,train
train/fresh/onion_fresh_0008.jpg,fresh,onion,train
train/fresh/strawberry_fresh_0094.jpg,fresh,strawberry,train
train/fresh/peach_fresh_0079.jpg,fresh,peach,train
train/fresh/orange_fresh_0067.jpg,fresh,orange,train
train/fresh/corn_fresh_0031.jpg,fresh,corn,train
train/fresh/mango_fresh_0169.jpg,fresh,mango,train
train/fresh/onion_fresh_0004.jpg,fresh,onion,train
train/fresh/mango_fresh_0039.jpg,fresh,mango,train
train/fresh/garlic_fresh_0192.jpg,fresh,garlic,train
train/fresh/grapes_fresh_0070.jpg,fresh,grapes,train
train/fresh/potato_fresh_0176.jpg,fresh,potato,train
train/fresh/bell_pepper_fresh_0039.jpg,fresh,bell_pepper,train
train/fresh/peach_fresh_0162.jpg,fresh,peach,train
train/fresh/bell_pepper_fresh_0031.jpg,fresh,bell_pepper,train
train/fresh/grapes_fresh_0041.jpg,fresh,grapes,train
train/fresh/bell_pepper_fresh_0160.jpg,fresh,bell_pepper,train
train/fresh/lemon_fresh_0026.jpg,fresh,lemon,train
train/fresh/broccoli_fresh_0096.jpg,fresh,broccoli,train
train/fresh/corn_fresh_0030.jpg,fresh,corn,train
train/fresh/spinach_fresh_0125.jpg,fresh,spinach,train
train/fresh/lemon_fresh_0117.jpg,fresh,lemon,train
train/fresh/spinach_fresh_0117.jpg,fresh,spinach,train
train/fresh/corn_fresh_0048.jpg,fresh,corn,train
train/fresh/corn_fresh_0021.jpg,fresh,corn,train
train/fresh/peach_fresh_0054.jpg,fresh,peach,train
train/fresh/grapes_fresh_0077.jpg,fresh,grapes,train
train/fresh/garlic_fresh_0012.jpg,fresh,garlic,train
train/fresh/banana_fresh_0178.jpg,fresh,banana,train
train/fresh/orange_fresh_0153.jpg,fresh,orange,train
train/fresh/corn_fresh_0105.jpg,fresh,corn,train
train/fresh/strawberry_fresh_0002.jpg,fresh,strawberry,train
train/fresh/onion_fresh_0165.jpg,fresh,onion,train
train/fresh/broccoli_fresh_0160.jpg,fresh,broccoli,train
train/fresh/corn_fresh_0034.jpg,fresh,corn,train
train/fresh/peach_fresh_0029.jpg,fresh,peach,train
train/fresh/pear_fresh_0062.jpg,fresh,pear,train
train/fresh/peach_fresh_0171.jpg,fresh,peach,train
train/fresh/corn_fresh_0071.jpg,fresh,corn,train
train/fresh/peach_fresh_0075.jpg,fresh,peach,train
train/fresh/peach_fresh_0179.jpg,fresh,peach,train
train/fresh/bell_pepper_fresh_0111.jpg,fresh,bell_pepper,train
train/fresh/broccoli_fresh_0042.jpg,fresh,broccoli,train
train/fresh/lemon_fresh_0179.jpg,fresh,lemon,train
train/fresh/bell_pepper_fresh_0191.jpg,fresh,bell_pepper,train
train/fresh/peach_fresh_0149.jpg,fresh,peach,train
train/fresh/apple_fresh_0065.jpg,fresh,apple,train
train/fresh/corn_fresh_0111.jpg,fresh,corn,train
train/fresh/pineapple_fresh_0195.jpg,fresh,pineapple,train
train/fresh/broccoli_fresh_0018.jpg,fresh,broccoli,train
train/fresh/spinach_fresh_0130.jpg,fresh,spinach,train
train/fresh/corn_fresh_0116.jpg,fresh,corn,train
train/fresh/broccoli_fresh_0061.jpg,fresh,broccoli,train
train/fresh/apple_fresh_0039.jpg,fresh,apple,train
train/fresh/cucumber_fresh_0158.jpg,fresh,cucumber,train
train/fresh/grapes_fresh_0012.jpg,fresh,grapes,train
train/fresh/orange_fresh_0107.jpg,fresh,orange,train
train/fresh/apple_fresh_0098.jpg,fresh,apple,train
train/fresh/pineapple_fresh_0074.jpg,fresh,pineapple,train
train/fresh/carrot_fresh_0075.jpg,fresh,carrot,train
train/fresh/peach_fresh_0045.jpg,fresh,peach,train
train/fresh/tomato_fresh_0107.jpg,fresh,tomato,train
train/fresh/orange_fresh_0176.jpg,fresh,orange,train
train/fresh/tomato_fresh_0043.jpg,fresh,tomato,train
train/fresh/pineapple_fresh_0087.jpg,fresh,pineapple,train
train/fresh/carrot_fresh_0008.jpg,fresh,carrot,train
train/fresh/lemon_fresh_0031.jpg,fresh,lemon,train
train/fresh/spinach_fresh_0094.jpg,fresh,spinach,train
train/fresh/peach_fresh_0168.jpg,fresh,peach,train
train/fresh/carrot_fresh_0010.jpg,fresh,carrot,train
train/fresh/peach_fresh_0112.jpg,fresh,peach,train
train/fresh/broccoli_fresh_0142.jpg,fresh,broccoli,train
train/fresh/broccoli_fresh_0078.jpg,fresh,broccoli,train
train/fresh/pineapple_fresh_0039.jpg,fresh,pineapple,train
train/fresh/cucumber_fresh_0195.jpg,fresh,cucumber,train
train/fresh/grapes_fresh_0066.jpg,fresh,grapes,train
train/fresh/carrot_fresh_0164.jpg,fresh,carrot,train
train/fresh/grapes_fresh_0022.jpg,fresh,grapes,train
train/fresh/strawberry_fresh_0024.jpg,fresh,strawberry,train
train/fresh/potato_fresh_0145.jpg,fresh,potato,train
train/fresh/pear_fresh_0079.jpg,fresh,pear,train
train/fresh/corn_fresh_0161.jpg,fresh,corn,train
train/fresh/lemon_fresh_0123.jpg,fresh,lemon,train
train/fresh/apple_fresh_0043.jpg,fresh,apple,train
train/fresh/apple_fresh_0198.jpg,fresh,apple,train
train/fresh/spinach_fresh_0162.jpg,fresh,spinach,train
train/fresh/cucumber_fresh_0008.jpg,fresh,cucumber,train
train/fresh/broccoli_fresh_0195.jpg,fresh,broccoli,train
train/fresh/pear_fresh_0058.jpg,fresh,pear,train
train/fresh/onion_fresh_0145.jpg,fresh,onion,train
train/fresh/orange_fresh_0047.jpg,fresh,orange,train
train/fresh/broccoli_fresh_0170.jpg,fresh,broccoli,train
train/fresh/pineapple_fresh_0079.jpg,fresh,pineapple,train
train/fresh/pineapple_fresh_0158.jpg,fresh,pineapple,train
train/fresh/broccoli_fresh_0036.jpg,fresh,broccoli,train
train/fresh/garlic_fresh_0188.jpg,fresh,garlic,train
train/fresh/bell_pepper_fresh_0065.jpg,fresh,bell_pepper,train
train/fresh/spinach_fresh_0058.jpg,fresh,spinach,train
train/fresh/onion_fresh_0013.jpg,fresh,onion,train
train/fresh/lemon_fresh_0135.jpg,fresh,lemon,train
train/fresh/orange_fresh_0130.jpg,fresh,orange,train
train/fresh/apple_fresh_0104.jpg,fresh,apple,train
train/fresh/spinach_fresh_0074.jpg,fresh,spinach,train
train/fresh/lemon_fresh_0198.jpg,fresh,lemon,train
train/fresh/corn_fresh_0081.jpg,fresh,corn,train
train/fresh/strawberry_fresh_0192.jpg,fresh,strawberry,train
train/fresh/broccoli_fresh_0188.jpg,fresh,broccoli,train
train/fresh/potato_fresh_0192.jpg,fresh,potato,train
train/fresh/lemon_fresh_0099.jpg,fresh,lemon,train
train/fresh/mango_fresh_0144.jpg,fresh,mango,train
train/fresh/potato_fresh_0195.jpg,fresh,potato,train
train/fresh/broccoli_fresh_0164.jpg,fresh,broccoli,train
train/fresh/pineapple_fresh_0097.jpg,fresh,pineapple,train
train/fresh/cucumber_fresh_0011.jpg,fresh,cucumber,train
train/fresh/strawberry_fresh_0070.jpg,fresh,strawberry,train
train/fresh/banana_fresh_0053.jpg,fresh,banana,train
train/fresh/garlic_fresh_0199.jpg,fresh,garlic,train
train/fresh/banana_fresh_0080.jpg,fresh,banana,train
train/fresh/garlic_fresh_0088.jpg,fresh,garlic,train
train/fresh/grapes_fresh_0078.jpg,fresh,grapes,train
train/fresh/grapes_fresh_0158.jpg,fresh,grapes,train
train/fresh/apple_fresh_0087.jpg,fresh,apple,train
train/fresh/bell_pepper_fresh_0167.jpg,fresh,bell_pepper,train
train/fresh/bell_pepper_fresh_0050.jpg,fresh,bell_pepper,train
train/fresh/pear_fresh_0120.jpg,fresh,pear,train
train/fresh/banana_fresh_0147.jpg,fresh,banana,train
train/fresh/peach_fresh_0015.jpg,fresh,peach,train
train/fresh/grapes_fresh_0074.jpg,fresh,grapes,train
train/fresh/pineapple_fresh_0036.jpg,fresh,pineapple,train
train/fresh/onion_fresh_0186.jpg,fresh,onion,train
train/fresh/broccoli_fresh_0054.jpg,fresh,broccoli,train
train/fresh/pineapple_fresh_0109.jpg,fresh,pineapple,train
train/fresh/orange_fresh_0142.jpg,fresh,orange,train
train/fresh/onion_fresh_0031.jpg,fresh,onion,train
train/fresh/corn_fresh_0004.jpg,fresh,corn,train
train/fresh/cucumber_fresh_0054.jpg,fresh,cucumber,train
train/fresh/lemon_fresh_0077.jpg,fresh,lemon,train
train/fresh/lemon_fresh_0148.jpg,fresh,lemon,train
train/fresh/onion_fresh_0093.jpg,fresh,onion,train
train/fresh/orange_fresh_0109.jpg,fresh,orange,train
train/fresh/banana_fresh_0158.jpg,fresh,banana,train
train/fresh/garlic_fresh_0077.jpg,fresh,garlic,train
train/fresh/broccoli_fresh_0067.jpg,fresh,broccoli,train
train/fresh/banana_fresh_0191.jpg,fresh,banana,train
train/fresh/apple_fresh_0144.jpg,fresh,apple,train
train/fresh/potato_fresh_0018.jpg,fresh,potato,train
train/fresh/lemon_fresh_0150.jpg,fresh,lemon,train
train/fresh/spinach_fresh_0154.jpg,fresh,spinach,train
train/fresh/grapes_fresh_0002.jpg,fresh,grapes,train
train/fresh/garlic_fresh_0163.jpg,fresh,garlic,train
train/fresh/corn_fresh_0085.jpg,fresh,corn,train
train/fresh/onion_fresh_0049.jpg,fresh,onion,train
train/fresh/mango_fresh_0173.jpg,fresh,mango,train
train/fresh/banana_fresh_0037.jpg,fresh,banana,train
train/fresh/bell_pepper_fresh_0082.jpg,fresh,bell_pepper,train
train/fresh/pineapple_fresh_0184.jpg,fresh,pineapple,train
train/fresh/broccoli_fresh_0039.jpg,fresh,broccoli,train
train/fresh/bell_pepper_fresh_0179.jpg,fresh,bell_pepper,train
train/fresh/strawberry_fresh_0112.jpg,fresh,strawberry,train
train/fresh/cucumber_fresh_0146.jpg,fresh,cucumber,train
train/fresh/pear_fresh_0121.jpg,fresh,pear,train
train/fresh/pear_fresh_0089.jpg,fresh,pear,train
train/fresh/bell_pepper_fresh_0194.jpg,fresh,bell_pepper,train
train/fresh/pear_fresh_0094.jpg,fresh,pear,train
train/fresh/lemon_fresh_0076.jpg,fresh,lemon,train
train/fresh/garlic_fresh_0114.jpg,fresh,garlic,train
train/fresh/orange_fresh_0124.jpg,fresh,orange,train
train/fresh/banana_fresh_0174.jpg,fresh,banana,train
train/fresh/carrot_fresh_0177.jpg,fresh,carrot,train
train/fresh/carrot_fresh_0147.jpg,fresh,carrot,train
train/fresh/tomato_fresh_0020.jpg,fresh,tomato,train
train/fresh/mango_fresh_0052.jpg,fresh,mango,train
train/fresh/pear_fresh_0088.jpg,fresh,pear,train
train/fresh/spinach_fresh_0108.jpg,fresh,spinach,train
train/fresh/carrot_fresh_0012.jpg,fresh,carrot,train
train/fresh/onion_fresh_0024.jpg,fresh,onion,train
train/fresh/apple_fresh_0133.jpg,fresh,apple,train
train/fresh/broccoli_fresh_0065.jpg,fresh,broccoli,train
train/fresh/peach_fresh_0175.jpg,fresh,peach,train
train/fresh/spinach_fresh_0017.jpg,fresh,spinach,train
train/fresh/carrot_fresh_0069.jpg,fresh,carrot,train
train/fresh/peach_fresh_0150.jpg,fresh,peach,train
train/fresh/carrot_fresh_0092.jpg,fresh,carrot,train
train/fresh/lemon_fresh_0167.jpg,fresh,lemon,train
train/fresh/mango_fresh_0111.jpg,fresh,mango,train
train/fresh/apple_fresh_0047.jpg,fresh,apple,train
train/fresh/corn_fresh_0124.jpg,fresh,corn,train
train/fresh/banana_fresh_0171.jpg,fresh,banana,train
train/fresh/garlic_fresh_0109.jpg,fresh,garlic,train
train/fresh/apple_fresh_0107.jpg,fresh,apple,train
train/fresh/bell_pepper_fresh_0156.jpg,fresh,bell_pepper,train
train/fresh/apple_fresh_0143.jpg,fresh,apple,train
train/fresh/pineapple_fresh_0069.jpg,fresh,pineapple,train
train/fresh/peach_fresh_0101.jpg,fresh,peach,train
train/fresh/garlic_fresh_0185.jpg,fresh,garlic,train
train/fresh/tomato_fresh_0113.jpg,fresh,tomato,train
train/fresh/potato_fresh_0028.jpg,fresh,potato,train
train/fresh/broccoli_fresh_0089.jpg,fresh,broccoli,train
train/fresh/garlic_fresh_0068.jpg,fresh,garlic,train
train/fresh/banana_fresh_0092.jpg,fresh,banana,train
train/fresh/orange_fresh_0062.jpg,fresh,orange,train
train/fresh/mango_fresh_0177.jpg,fresh,mango,train
train/fresh/apple_fresh_0177.jpg,fresh,apple,train
train/fresh/garlic_fresh_0099.jpg,fresh,garlic,train
train/fresh/strawberry_fresh_0147.jpg,fresh,strawberry,train
train/fresh/spinach_fresh_0148.jpg,fresh,spinach,train
train/fresh/broccoli_fresh_0093.jpg,fresh,broccoli,train
train/fresh/orange_fresh_0011.jpg,fresh,orange,train
train/fresh/spinach_fresh_0030.jpg,fresh,spinach,train
train/fresh/mango_fresh_0188.jpg,fresh,mango,train
train/fresh/carrot_fresh_0102.jpg,fresh,carrot,train
train/fresh/carrot_fresh_0198.jpg,fresh,carrot,train
train/fresh/orange_fresh_0065.jpg,fresh,orange,train
train/fresh/pineapple_fresh_0026.jpg,fresh,pineapple,train
train/fresh/banana_fresh_0167.jpg,fresh,banana,train
train/fresh/tomato_fresh_0143.jpg,fresh,tomato,train
train/fresh/banana_fresh_0182.jpg,fresh,banana,train
train/fresh/cucumber_fresh_0047.jpg,fresh,cucumber,train
train/fresh/apple_fresh_0089.jpg,fresh,apple,train
train/fresh/spinach_fresh_0144.jpg,fresh,spinach,train
train/fresh/pear_fresh_0165.jpg,fresh,pear,train
train/fresh/pear_fresh_0145.jpg,fresh,pear,train
train/fresh/pineapple_fresh_0084.jpg,fresh,pineapple,train
train/fresh/broccoli_fresh_0102.jpg,fresh,broccoli,train
train/fresh/corn_fresh_0054.jpg,fresh,corn,train
train/fresh/strawberry_fresh_0162.jpg,fresh,strawberry,train
train/fresh/broccoli_fresh_0074.jpg,fresh,broccoli,train
train/fresh/peach_fresh_0185.jpg,fresh,peach,train
train/fresh/spinach_fresh_0016.jpg,fresh,spinach,train
train/fresh/spinach_fresh_0181.jpg,fresh,spinach,train
train/fresh/bell_pepper_fresh_0141.jpg,fresh,bell_pepper,train
train/fresh/pear_fresh_0007.jpg,fresh,pear,train
train/fresh/onion_fresh_0086.jpg,fresh,onion,train
train/fresh/lemon_fresh_0187.jpg,fresh,lemon,train
train/fresh/peach_fresh_0024.jpg,fresh,peach,train
train/fresh/onion_fresh_0197.jpg,fresh,onion,train
train/fresh/onion_fresh_0067.jpg,fresh,onion,train
train/fresh/spinach_fresh_0192.jpg,fresh,spinach,train
train/fresh/mango_fresh_0109.jpg,fresh,mango,train
train/fresh/orange_fresh_0053.jpg,fresh,orange,train
train/fresh/lemon_fresh_0143.jpg,fresh,lemon,train
train/fresh/grapes_fresh_0043.jpg,fresh,grapes,train
train/fresh/strawberry_fresh_0069.jpg,fresh,strawberry,train
train/fresh/strawberry_fresh_0121.jpg,fresh,strawberry,train
train/fresh/carrot_fresh_0074.jpg,fresh,carrot,train
train/fresh/grapes_fresh_0092.jpg,fresh,grapes,train
train/fresh/bell_pepper_fresh_0062.jpg,fresh,bell_pepper,train
train/fresh/spinach_fresh_0147.jpg,fresh,spinach,train
train/fresh/spinach_fresh_0122.jpg,fresh,spinach,train
train/fresh/lemon_fresh_0016.jpg,fresh,lemon,train
train/fresh/pear_fresh_0041.jpg,fresh,pear,train
train/fresh/onion_fresh_0125.jpg,fresh,onion,train
train/fresh/lemon_fresh_0142.jpg,fresh,lemon,train
train/fresh/corn_fresh_0005.jpg,fresh,corn,train
train/fresh/lemon_fresh_0058.jpg,fresh,lemon,train
train/fresh/peach_fresh_0134.jpg,fresh,peach,train
train/fresh/pineapple_fresh_0063.jpg,fresh,pineapple,train
train/fresh/strawberry_fresh_0011.jpg,fresh,strawberry,train
train/fresh/bell_pepper_fresh_0036.jpg,fresh,bell_pepper,train
train/fresh/bell_pepper_fresh_0145.jpg,fresh,bell_pepper,train
train/fresh/mango_fresh_0129.jpg,fresh,mango,train
train/fresh/corn_fresh_0120.jpg,fresh,corn,train
train/fresh/strawberry_fresh_0064.jpg,fresh,strawberry,train
train/fresh/orange_fresh_0016.jpg,fresh,orange,train
train/fresh/strawberry_fresh_0191.jpg,fresh,strawberry,train
train/fresh/spinach_fresh_0050.jpg,fresh,spinach,train
train/fresh/apple_fresh_0064.jpg,fresh,apple,train
train/fresh/peach_fresh_0033.jpg,fresh,peach,train
train/fresh/strawberry_fresh_0053.jpg,fresh,strawberry,train
train/fresh/mango_fresh_0112.jpg,fresh,mango,train
train/fresh/pineapple_fresh_0007.jpg,fresh,pineapple,train
train/fresh/lemon_fresh_0193.jpg,fresh,lemon,train
train/fresh/pineapple_fresh_0050.jpg,fresh,pineapple,train
train/fresh/grapes_fresh_0014.jpg,fresh,grapes,train
train/fresh/carrot_fresh_0122.jpg,fresh,carrot,train
train/fresh/potato_fresh_0141.jpg,fresh,potato,train
train/fresh/peach_fresh_0128.jpg,fresh,peach,train
train/fresh/mango_fresh_0064.jpg,fresh,mango,train
train/fresh/cucumber_fresh_0069.jpg,fresh,cucumber,train
train/fresh/onion_fresh_0007.jpg,fresh,onion,train
train/fresh/mango_fresh_0138.jpg,fresh,mango,train
train/fresh/grapes_fresh_0194.jpg,fresh,grapes,train
train/fresh/mango_fresh_0023.jpg,fresh,mango,train
train/fresh/pear_fresh_0135.jpg,fresh,pear,train
train/fresh/banana_fresh_0022.jpg,fresh,banana,train
train/fresh/bell_pepper_fresh_0133.jpg,fresh,bell_pepper,train
train/fresh/strawberry_fresh_0109.jpg,fresh,strawberry,train
train/fresh/broccoli_fresh_0004.jpg,fresh,broccoli,train
train/fresh/pear_fresh_0150.jpg,fresh,pear,train
train/fresh/peach_fresh_0159.jpg,fresh,peach,train
train/fresh/strawberry_fresh_0052.jpg,fresh,strawberry,train
train/fresh/peach_fresh_0069.jpg,fresh,peach,train
train/fresh/potato_fresh_0197.jpg,fresh,potato,train
train/fresh/corn_fresh_0106.jpg,fresh,corn,train
train/fresh/strawberry_fresh_0168.jpg,fresh,strawberry,train
train/fresh/apple_fresh_0006.jpg,fresh,apple,train
train/fresh/garlic_fresh_0151.jpg,fresh,garlic,train
train/fresh/pear_fresh_0129.jpg,fresh,pear,train
train/fresh/grapes_fresh_0023.jpg,fresh,grapes,train
train/fresh/lemon_fresh_0055.jpg,fresh,lemon,train
train/fresh/grapes_fresh_0176.jpg,fresh,grapes,train
train/fresh/grapes_fresh_0034.jpg,fresh,grapes,train
train/fresh/pear_fresh_0016.jpg,fresh,pear,train
train/fresh/broccoli_fresh_0179.jpg,fresh,broccoli,train
train/fresh/corn_fresh_0140.jpg,fresh,corn,train
train/fresh/corn_fresh_0184.jpg,fresh,corn,train
train/fresh/tomato_fresh_0138.jpg,fresh,tomato,train
train/fresh/pear_fresh_0134.jpg,fresh,pear,train
train/fresh/mango_fresh_0048.jpg,fresh,mango,train
train/fresh/bell_pepper_fresh_0091.jpg,fresh,bell_pepper,train
train/fresh/cucumber_fresh_0197.jpg,fresh,cucumber,train
train/fresh/grapes_fresh_0186.jpg,fresh,grapes,train
train/fresh/tomato_fresh_0067.jpg,fresh,tomato,train
train/fresh/pear_fresh_0098.jpg,fresh,pear,train
train/fresh/spinach_fresh_0182.jpg,fresh,spinach,train
train/fresh/cucumber_fresh_0053.jpg,fresh,cucumber,train
train/fresh/grapes_fresh_0196.jpg,fresh,grapes,train
train/fresh/onion_fresh_0033.jpg,fresh,onion,train
train/fresh/tomato_fresh_0063.jpg,fresh,tomato,train
train/fresh/spinach_fresh_0065.jpg,fresh,spinach,train
train/fresh/mango_fresh_0010.jpg,fresh,mango,train
train/fresh/bell_pepper_fresh_0149.jpg,fresh,bell_pepper,train
train/fresh/tomato_fresh_0191.jpg,fresh,tomato,train
train/fresh/cucumber_fresh_0029.jpg,fresh,cucumber,train
train/fresh/pineapple_fresh_0138.jpg,fresh,pineapple,train
train/fresh/garlic_fresh_0145.jpg,fresh,garlic,train
train/fresh/grapes_fresh_0098.jpg,fresh,grapes,train
train/fresh/onion_fresh_0113.jpg,fresh,onion,train
train/fresh/spinach_fresh_0101.jpg,fresh,spinach,train
train/fresh/strawberry_fresh_0120.jpg,fresh,strawberry,train
train/fresh/cucumber_fresh_0049.jpg,fresh,cucumber,train
train/fresh/lemon_fresh_0199.jpg,fresh,lemon,train
train/fresh/peach_fresh_0017.jpg,fresh,peach,train
train/fresh/apple_fresh_0151.jpg,fresh,apple,train
train/fresh/peach_fresh_0187.jpg,fresh,peach,train
train/fresh/bell_pepper_fresh_0032.jpg,fresh,bell_pepper,train
train/fresh/pear_fresh_0030.jpg,fresh,pear,train
train/fresh/tomato_fresh_0039.jpg,fresh,tomato,train
train/fresh/orange_fresh_0028.jpg,fresh,orange,train
train/fresh/garlic_fresh_0000.jpg,fresh,garlic,train
train/fresh/pineapple_fresh_0092.jpg,fresh,pineapple,train
train/fresh/banana_fresh_0098.jpg,fresh,banana,train
train/fresh/spinach_fresh_0077.jpg,fresh,spinach,train
train/fresh/pear_fresh_0156.jpg,fresh,pear,train
train/fresh/spinach_fresh_0019.jpg,fresh,spinach,train
train/fresh/lemon_fresh_0177.jpg,fresh,lemon,train
train/fresh/onion_fresh_0132.jpg,fresh,onion,train
train/fresh/grapes_fresh_0102.jpg,fresh,grapes,train
train/fresh/potato_fresh_0082.jpg,fresh,potato,train
train/fresh/potato_fresh_0095.jpg,fresh,potato,train
train/fresh/garlic_fresh_0062.jpg,fresh,garlic,train
train/fresh/mango_fresh_0008.jpg,fresh,mango,train
train/fresh/carrot_fresh_0030.jpg,fresh,carrot,train
train/fresh/corn_fresh_0067.jpg,fresh,corn,train
train/fresh/broccoli_fresh_0079.jpg,fresh,broccoli,train
train/fresh/banana_fresh_0195.jpg,fresh,banana,train
train/fresh/onion_fresh_0009.jpg,fresh,onion,train
train/fresh/bell_pepper_fresh_0006.jpg,fresh,bell_pepper,train
train/fresh/peach_fresh_0137.jpg,fresh,peach,train
train/fresh/spinach_fresh_0056.jpg,fresh,spinach,train
train/fresh/bell_pepper_fresh_0093.jpg,fresh,bell_pepper,train
train/fresh/spinach_fresh_0090.jpg,fresh,spinach,train
train/fresh/banana_fresh_0154.jpg,fresh,banana,train
train/fresh/tomato_fresh_0010.jpg,fresh,tomato,train
train/fresh/banana_fresh_0027.jpg,fresh,banana,train
train/fresh/lemon_fresh_0090.jpg,fresh,lemon,train
train/fresh/orange_fresh_0045.jpg,fresh,orange,train
train/fresh/bell_pepper_fresh_0072.jpg,fresh,bell_pepper,train
train/fresh/tomato_fresh_0094.jpg,fresh,tomato,train
train/fresh/onion_fresh_0187.jpg,fresh,onion,train
train/fresh/potato_fresh_0183.jpg,fresh,potato,train
train/fresh/spinach_fresh_0083.jpg,fresh,spinach,train
train/fresh/garlic_fresh_0019.jpg,fresh,garlic,train
train/fresh/strawberry_fresh_0063.jpg,fresh,strawberry,train
train/fresh/lemon_fresh_0017.jpg,fresh,lemon,train
train/fresh/grapes_fresh_0086.jpg,fresh,grapes,train
train/fresh/cucumber_fresh_0024.jpg,fresh,cucumber,train
train/fresh/corn_fresh_0102.jpg,fresh,corn,train
train/fresh/bell_pepper_fresh_0014.jpg,fresh,bell_pepper,train
train/fresh/orange_fresh_0024.jpg,fresh,orange,train
train/fresh/pear_fresh_0075.jpg,fresh,pear,train
train/fresh/tomato_fresh_0194.jpg,fresh,tomato,train
train/fresh/pineapple_fresh_0194.jpg,fresh,pineapple,train
train/fresh/garlic_fresh_0071.jpg,fresh,garlic,train
train/fresh/banana_fresh_0192.jpg,fresh,banana,train
train/fresh/spinach_fresh_0193.jpg,fresh,spinach,train
train/fresh/grapes_fresh_0145.jpg,fresh,grapes,train
train/fresh/apple_fresh_0041.jpg,fresh,apple,train
train/fresh/apple_fresh_0183.jpg,fresh,apple,train
train/fresh/tomato_fresh_0155.jpg,fresh,tomato,train
train/fresh/strawberry_fresh_0039.jpg,fresh,strawberry,train
train/fresh/orange_fresh_0035.jpg,fresh,orange,train
train/fresh/grapes_fresh_0065.jpg,fresh,grapes,train
train/fresh/spinach_fresh_0049.jpg,fresh,spinach,train
train/fresh/orange_fresh_0170.jpg,fresh,orange,train
train/fresh/pear_fresh_0167.jpg,fresh,pear,train
train/fresh/peach_fresh_0108.jpg,fresh,peach,train
train/fresh/broccoli_fresh_0172.jpg,fresh,broccoli,train
train/fresh/apple_fresh_0110.jpg,fresh,apple,train
train/fresh/garlic_fresh_0061.jpg,fresh,garlic,train
train/fresh/strawberry_fresh_0004.jpg,fresh,strawberry,train
train/fresh/strawberry_fresh_0050.jpg,fresh,strawberry,train
train/fresh/pineapple_fresh_0151.jpg,fresh,pineapple,train
train/fresh/orange_fresh_0123.jpg,fresh,orange,train
train/fresh/bell_pepper_fresh_0125.jpg,fresh,bell_pepper,train
train/fresh/strawberry_fresh_0012.jpg,fresh,strawberry,train
train/fresh/potato_fresh_0149.jpg,fresh,potato,train
train/fresh/pineapple_fresh_0115.jpg,fresh,pineapple,train
train/fresh/orange_fresh_0046.jpg,fresh,orange,train
train/fresh/apple_fresh_0128.jpg,fresh,apple,train
train/fresh/carrot_fresh_0104.jpg,fresh,carrot,train
train/fresh/potato_fresh_0010.jpg,fresh,potato,train
train/fresh/garlic_fresh_0173.jpg,fresh,garlic,train
train/fresh/pineapple_fresh_0072.jpg,fresh,pineapple,train
train/fresh/corn_fresh_0045.jpg,fresh,corn,train
train/fresh/potato_fresh_0196.jpg,fresh,potato,train
train/fresh/carrot_fresh_0027.jpg,fresh,carrot,train
train/fresh/potato_fresh_0051.jpg,fresh,potato,train
train/fresh/mango_fresh_0198.jpg,fresh,mango,train
train/fresh/lemon_fresh_0060.jpg,fresh,lemon,train
train/fresh/apple_fresh_0090.jpg,fresh,apple,train
train/fresh/lemon_fresh_0129.jpg,fresh,lemon,train
train/fresh/corn_fresh_0098.jpg,fresh,corn,train
train/fresh/spinach_fresh_0082.jpg,fresh,spinach,train
train/fresh/lemon_fresh_0169.jpg,fresh,lemon,train
train/fresh/peach_fresh_0005.jpg,fresh,peach,train
train/fresh/tomato_fresh_0024.jpg,fresh,tomato,train
train/fresh/garlic_fresh_0058.jpg,fresh,garlic,train
train/fresh/bell_pepper_fresh_0148.jpg,fresh,bell_pepper,train
train/fresh/broccoli_fresh_0080.jpg,fresh,broccoli,train
train/fresh/potato_fresh_0131.jpg,fresh,potato,train
train/fresh/bell_pepper_fresh_0192.jpg,fresh,bell_pepper,train
train/fresh/carrot_fresh_0153.jpg,fresh,carrot,train
train/fresh/spinach_fresh_0024.jpg,fresh,spinach,train
train/fresh/bell_pepper_fresh_0186.jpg,fresh,bell_pepper,train
train/fresh/apple_fresh_0106.jpg,fresh,apple,train
train/fresh/spinach_fresh_0040.jpg,fresh,spinach,train
train/fresh/pineapple_fresh_0162.jpg,fresh,pineapple,train
train/fresh/tomato_fresh_0038.jpg,fresh,tomato,train
train/fresh/bell_pepper_fresh_0080.jpg,fresh,bell_pepper,train
train/fresh/spinach_fresh_0001.jpg,fresh,spinach,train
train/fresh/cucumber_fresh_0006.jpg,fresh,cucumber,train
train/fresh/mango_fresh_0020.jpg,fresh,mango,train
train/fresh/tomato_fresh_0077.jpg,fresh,tomato,train
train/fresh/bell_pepper_fresh_0035.jpg,fresh,bell_pepper,train
train/fresh/corn_fresh_0094.jpg,fresh,corn,train
train/fresh/cucumber_fresh_0174.jpg,fresh,cucumber,train
train/fresh/corn_fresh_0014.jpg,fresh,corn,train
train/fresh/banana_fresh_0166.jpg,fresh,banana,train
train/fresh/pear_fresh_0113.jpg,fresh,pear,train
train/fresh/pineapple_fresh_0071.jpg,fresh,pineapple,train
train/fresh/apple_fresh_0186.jpg,fresh,apple,train
train/fresh/banana_fresh_0071.jpg,fresh,banana,train
train/fresh/pineapple_fresh_0055.jpg,fresh,pineapple,train
train/fresh/apple_fresh_0197.jpg,fresh,apple,train
train/fresh/strawberry_fresh_0116.jpg,fresh,strawberry,train
train/fresh/bell_pepper_fresh_0008.jpg,fresh,bell_pepper,train
train/fresh/banana_fresh_0011.jpg,fresh,banana,train
train/fresh/pineapple_fresh_0181.jpg,fresh,pineapple,train
train/fresh/broccoli_fresh_0025.jpg,fresh,broccoli,train
train/fresh/garlic_fresh_0162.jpg,fresh,garlic,train
train/fresh/grapes_fresh_0063.jpg,fresh,grapes,train
train/fresh/banana_fresh_0095.jpg,fresh,banana,train
train/fresh/pear_fresh_0052.jpg,fresh,pear,train
train/fresh/spinach_fresh_0188.jpg,fresh,spinach,train
train/fresh/pear_fresh_0190.jpg,fresh,pear,train
train/fresh/onion_fresh_0054.jpg,fresh,onion,train
train/fresh/spinach_fresh_0092.jpg,fresh,spinach,train
train/fresh/lemon_fresh_0147.jpg,fresh,lemon,train
train/fresh/potato_fresh_0087.jpg,fresh,potato,train
train/fresh/garlic_fresh_0125.jpg,fresh,garlic,train
train/fresh/carrot_fresh_0168.jpg,fresh,carrot,train
train/fresh/cucumber_fresh_0124.jpg,fresh,cucumber,train
train/fresh/pineapple_fresh_0187.jpg,fresh,pineapple,train
train/fresh/broccoli_fresh_0185.jpg,fresh,broccoli,train
train/fresh/mango_fresh_0007.jpg,fresh,mango,train
train/fresh/lemon_fresh_0131.jpg,fresh,lemon,train
train/fresh/strawberry_fresh_0167.jpg,fresh,strawberry,train
train/fresh/tomato_fresh_0174.jpg,fresh,tomato,train
train/fresh/peach_fresh_0104.jpg,fresh,peach,train
train/fresh/orange_fresh_0091.jpg,fresh,orange,train
train/fresh/banana_fresh_0172.jpg,fresh,banana,train
train/fresh/apple_fresh_0011.jpg,fresh,apple,train
train/fresh/cucumber_fresh_0193.jpg,fresh,cucumber,train
train/fresh/cucumber_fresh_0071.jpg,fresh,cucumber,train
train/fresh/mango_fresh_0006.jpg,fresh,mango,train
train/fresh/pineapple_fresh_0169.jpg,fresh,pineapple,train
train/fresh/corn_fresh_0032.jpg,fresh,corn,train
train/fresh/corn_fresh_0188.jpg,fresh,corn,train
train/fresh/apple_fresh_0073.jpg,fresh,apple,train
train/fresh/pineapple_fresh_0179.jpg,fresh,pineapple,train
train/fresh/orange_fresh_0075.jpg,fresh,orange,train
train/fresh/broccoli_fresh_0187.jpg,fresh,broccoli,train
train/fresh/tomato_fresh_0128.jpg,fresh,tomato,train
train/fresh/broccoli_fresh_0047.jpg,fresh,broccoli,train
train/fresh/tomato_fresh_0066.jpg,fresh,tomato,train
train/fresh/banana_fresh_0130.jpg,fresh,banana,train
train/fresh/banana_fresh_0183.jpg,fresh,banana,train
train/fresh/pear_fresh_0006.jpg,fresh,pear,train
train/fresh/banana_fresh_0107.jpg,fresh,banana,train
train/fresh/potato_fresh_0057.jpg,fresh,potato,train
train/fresh/potato_fresh_0166.jpg,fresh,potato,train
train/fresh/corn_fresh_0189.jpg,fresh,corn,train
train/fresh/mango_fresh_0155.jpg,fresh,mango,train
train/fresh/corn_fresh_0028.jpg,fresh,corn,train
train/fresh/tomato_fresh_0055.jpg,fresh,tomato,train
train/fresh/peach_fresh_0138.jpg,fresh,peach,train
train/fresh/lemon_fresh_0047.jpg,fresh,lemon,train
train/fresh/cucumber_fresh_0064.jpg,fresh,cucumber,train
train/fresh/tomato_fresh_0095.jpg,fresh,tomato,train
train/fresh/bell_pepper_fresh_0127.jpg,fresh,bell_pepper,train
train/fresh/pineapple_fresh_0118.jpg,fresh,pineapple,train
train/fresh/bell_pepper_fresh_0081.jpg,fresh,bell_pepper,train
train/fresh/garlic_fresh_0092.jpg,fresh,garlic,train
train/fresh/tomato_fresh_0058.jpg,fresh,tomato,train
train/fresh/carrot_fresh_0156.jpg,fresh,carrot,train
train/fresh/strawberry_fresh_0181.jpg,fresh,strawberry,train
train/fresh/carrot_fresh_0054.jpg,fresh,carrot,train
train/fresh/apple_fresh_0167.jpg,fresh,apple,train
train/fresh/mango_fresh_0125.jpg,fresh,mango,train
train/fresh/apple_fresh_0027.jpg,fresh,apple,train
train/fresh/onion_fresh_0017.jpg,fresh,onion,train
train/fresh/potato_fresh_0064.jpg,fresh,potato,train
train/fresh/peach_fresh_0068.jpg,fresh,peach,train
train/fresh/garlic_fresh_0085.jpg,fresh,garlic,train
train/fresh/lemon_fresh_0137.jpg,fresh,lemon,train
train/fresh/grapes_fresh_0154.jpg,fresh,grapes,train
train/fresh/spinach_fresh_0132.jpg,fresh,spinach,train
train/fresh/carrot_fresh_0139.jpg,fresh,carrot,train
train/fresh/pear_fresh_0026.jpg,fresh,pear,train
train/fresh/peach_fresh_0132.jpg,fresh,peach,train
train/fresh/spinach_fresh_0054.jpg,fresh,spinach,train
train/fresh/corn_fresh_0153.jpg,fresh,corn,train
train/fresh/peach_fresh_0093.jpg,fresh,peach,train
train/fresh/bell_pepper_fresh_0020.jpg,fresh,bell_pepper,train
train/fresh/grapes_fresh_0104.jpg,fresh,grapes,train
train/fresh/orange_fresh_0039.jpg,fresh,orange,train
train/fresh/onion_fresh_0103.jpg,fresh,onion,train
train/fresh/corn_fresh_0050.jpg,fresh,corn,train
train/fresh/tomato_fresh_0057.jpg,fresh,tomato,train
train/fresh/mango_fresh_0079.jpg,fresh,mango,train
train/fresh/potato_fresh_0117.jpg,fresh,potato,train
train/fresh/broccoli_fresh_0115.jpg,fresh,broccoli,train
train/fresh/cucumber_fresh_0099.jpg,fresh,cucumber,train
train/fresh/apple_fresh_0118.jpg,fresh,apple,train
train/fresh/broccoli_fresh_0019.jpg,fresh,broccoli,train
train/fresh/carrot_fresh_0045.jpg,fresh,carrot,train
train/fresh/garlic_fresh_0079.jpg,fresh,garlic,train
train/fresh/corn_fresh_0027.jpg,fresh,corn,train
train/fresh/orange_fresh_0101.jpg,fresh,orange,train
train/fresh/potato_fresh_0000.jpg,fresh,potato,train
train/fresh/broccoli_fresh_0152.jpg,fresh,broccoli,train
train/fresh/pineapple_fresh_0122.jpg,fresh,pineapple,train
train/fresh/cucumber_fresh_0120.jpg,fresh,cucumber,train
train/fresh/grapes_fresh_0124.jpg,fresh,grapes,train
train/fresh/grapes_fresh_0126.jpg,fresh,grapes,train
train/fresh/spinach_fresh_0026.jpg,fresh,spinach,train
train/fresh/mango_fresh_0018.jpg,fresh,mango,train
train/fresh/broccoli_fresh_0194.jpg,fresh,broccoli,train
train/fresh/bell_pepper_fresh_0064.jpg,fresh,bell_pepper,train
train/fresh/orange_fresh_0068.jpg,fresh,orange,train
train/fresh/cucumber_fresh_0083.jpg,fresh,cucumber,train
train/fresh/carrot_fresh_0150.jpg,fresh,carrot,train
train/fresh/orange_fresh_0081.jpg,fresh,orange,train
train/fresh/orange_fresh_0042.jpg,fresh,orange,train
train/fresh/pear_fresh_0166.jpg,fresh,pear,train
train/fresh/pineapple_fresh_0107.jpg,fresh,pineapple,train
train/fresh/grapes_fresh_0075.jpg,fresh,grapes,train
train/fresh/spinach_fresh_0131.jpg,fresh,spinach,train
train/fresh/bell_pepper_fresh_0066.jpg,fresh,bell_pepper,train
train/fresh/bell_pepper_fresh_0096.jpg,fresh,bell_pepper,train
train/fresh/spinach_fresh_0165.jpg,fresh,spinach,train
train/fresh/banana_fresh_0132.jpg,fresh,banana,train
train/fresh/potato_fresh_0151.jpg,fresh,potato,train
train/fresh/pineapple_fresh_0160.jpg,fresh,pineapple,train
train/fresh/carrot_fresh_0034.jpg,fresh,carrot,train
train/fresh/grapes_fresh_0111.jpg,fresh,grapes,train
train/fresh/mango_fresh_0070.jpg,fresh,mango,train
train/fresh/lemon_fresh_0001.jpg,fresh,lemon,train
train/fresh/mango_fresh_0036.jpg,fresh,mango,train
train/fresh/pineapple_fresh_0082.jpg,fresh,pineapple,train
train/fresh/bell_pepper_fresh_0116.jpg,fresh,bell_pepper,train
train/fresh/tomato_fresh_0196.jpg,fresh,tomato,train
train/fresh/broccoli_fresh_0103.jpg,fresh,broccoli,train
train/fresh/carrot_fresh_0194.jpg,fresh,carrot,train
train/fresh/grapes_fresh_0060.jpg,fresh,grapes,train
train/fresh/orange_fresh_0111.jpg,fresh,orange,train
train/fresh/pineapple_fresh_0004.jpg,fresh,pineapple,train
train/fresh/banana_fresh_0001.jpg,fresh,banana,train
train/fresh/apple_fresh_0037.jpg,fresh,apple,train
train/fresh/strawberry_fresh_0041.jpg,fresh,strawberry,train
train/fresh/strawberry_fresh_0118.jpg,fresh,strawberry,train
train/fresh/strawberry_fresh_0106.jpg,fresh,strawberry,train
train/fresh/peach_fresh_0066.jpg,fresh,peach,train
train/fresh/banana_fresh_0045.jpg,fresh,banana,train
train/fresh/tomato_fresh_0109.jpg,fresh,tomato,train
train/fresh/carrot_fresh_0128.jpg,fresh,carrot,train
train/fresh/corn_fresh_0077.jpg,fresh,corn,train
train/fresh/lemon_fresh_0103.jpg,fresh,lemon,train
train/fresh/strawberry_fresh_0073.jpg,fresh,strawberry,train
train/fresh/tomato_fresh_0006.jpg,fresh,tomato,train
train/fresh/banana_fresh_0096.jpg,fresh,banana,train
train/fresh/carrot_fresh_0187.jpg,fresh,carrot,train
train/fresh/corn_fresh_0119.jpg,fresh,corn,train
train/fresh/garlic_fresh_0164.jpg,fresh,garlic,train
train/fresh/garlic_fresh_0006.jpg,fresh,garlic,train
train/fresh/mango_fresh_0186.jpg,fresh,mango,train
train/fresh/cucumber_fresh_0198.jpg,fresh,cucumber,train
train/fresh/garlic_fresh_0040.jpg,fresh,garlic,train
train/fresh/tomato_fresh_0093.jpg,fresh,tomato,train
train/fresh/carrot_fresh_0193.jpg,fresh,carrot,train
train/fresh/lemon_fresh_0158.jpg,fresh,lemon,train
train/fresh/spinach_fresh_0018.jpg,fresh,spinach,train
train/fresh/strawberry_fresh_0089.jpg,fresh,strawberry,train
train/fresh/orange_fresh_0060.jpg,fresh,orange,train
train/fresh/bell_pepper_fresh_0189.jpg,fresh,bell_pepper,train
train/fresh/corn_fresh_0066.jpg,fresh,corn,train
train/fresh/banana_fresh_0093.jpg,fresh,banana,train
train/fresh/garlic_fresh_0055.jpg,fresh,garlic,train
train/fresh/banana_fresh_0118.jpg,fresh,banana,train
train/fresh/cucumber_fresh_0166.jpg,fresh,cucumber,train
train/fresh/mango_fresh_0183.jpg,fresh,mango,train
train/fresh/orange_fresh_0013.jpg,fresh,orange,train
train/fresh/onion_fresh_0159.jpg,fresh,onion,train
train/fresh/strawberry_fresh_0010.jpg,fresh,strawberry,train
train/fresh/strawberry_fresh_0099.jpg,fresh,strawberry,train
train/fresh/grapes_fresh_0020.jpg,fresh,grapes,train
train/fresh/potato_fresh_0030.jpg,fresh,potato,train
train/fresh/corn_fresh_0060.jpg,fresh,corn,train
train/fresh/mango_fresh_0067.jpg,fresh,mango,train
train/fresh/apple_fresh_0075.jpg,fresh,apple,train
train/fresh/banana_fresh_0193.jpg,fresh,banana,train
train/fresh/orange_fresh_0031.jpg,fresh,orange,train
train/fresh/spinach_fresh_0187.jpg,fresh,spinach,train
train/fresh/cucumber_fresh_0067.jpg,fresh,cucumber,train
train/fresh/orange_fresh_0061.jpg,fresh,orange,train
train/fresh/orange_fresh_0119.jpg,fresh,orange,train
train/fresh/bell_pepper_fresh_0152.jpg,fresh,bell_pepper,train
train/fresh/grapes_fresh_0122.jpg,fresh,grapes,train
train/fresh/spinach_fresh_0051.jpg,fresh,spinach,train
train/fresh/mango_fresh_0000.jpg,fresh,mango,train
train/fresh/grapes_fresh_0097.jpg,fresh,grapes,train
train/fresh/broccoli_fresh_0082.jpg,fresh,broccoli,train
train/fresh/grapes_fresh_0169.jpg,fresh,grapes,train
train/fresh/grapes_fresh_0045.jpg,fresh,grapes,train
train/fresh/apple_fresh_0046.jpg,fresh,apple,train
train/fresh/cucumber_fresh_0151.jpg,fresh,cucumber,train
train/fresh/bell_pepper_fresh_0164.jpg,fresh,bell_pepper,train
train/fresh/garlic_fresh_0113.jpg,fresh,garlic,train
train/fresh/orange_fresh_0096.jpg,fresh,orange,train
train/fresh/pineapple_fresh_0042.jpg,fresh,pineapple,train
train/fresh/onion_fresh_0066.jpg,fresh,onion,train
train/fresh/strawberry_fresh_0163.jpg,fresh,strawberry,train
train/fresh/tomato_fresh_0052.jpg,fresh,tomato,train
train/fresh/spinach_fresh_0073.jpg,fresh,spinach,train
train/fresh/spinach_fresh_0169.jpg,fresh,spinach,train
train/fresh/cucumber_fresh_0164.jpg,fresh,cucumber,train
train/fresh/tomato_fresh_0001.jpg,fresh,tomato,train
train/fresh/grapes_fresh_0025.jpg,fresh,grapes,train
train/fresh/broccoli_fresh_0127.jpg,fresh,broccoli,train
train/fresh/grapes_fresh_0198.jpg,fresh,grapes,train
train/fresh/carrot_fresh_0114.jpg,fresh,carrot,train
train/fresh/potato_fresh_0103.jpg,fresh,potato,train
train/fresh/orange_fresh_0191.jpg,fresh,orange,train
train/fresh/spinach_fresh_0025.jpg,fresh,spinach,train
train/fresh/pineapple_fresh_0000.jpg,fresh,pineapple,train
train/fresh/tomato_fresh_0025.jpg,fresh,tomato,train
train/fresh/peach_fresh_0053.jpg,fresh,peach,train
train/fresh/lemon_fresh_0101.jpg,fresh,lemon,train
train/fresh/strawberry_fresh_0110.jpg,fresh,strawberry,train
train/fresh/bell_pepper_fresh_0166.jpg,fresh,bell_pepper,train
train/fresh/lemon_fresh_0025.jpg,fresh,lemon,train
train/fresh/spinach_fresh_0080.jpg,fresh,spinach,train
train/fresh/onion_fresh_0195.jpg,fresh,onion,train
train/fresh/bell_pepper_fresh_0181.jpg,fresh,bell_pepper,train
train/fresh/broccoli_fresh_0099.jpg,fresh,broccoli,train
train/fresh/pear_fresh_0108.jpg,fresh,pear,train
train/fresh/pear_fresh_0187.jpg,fresh,pear,train
train/fresh/garlic_fresh_0110.jpg,fresh,garlic,train
train/fresh/onion_fresh_0059.jpg,fresh,onion,train
train/fresh/potato_fresh_0012.jpg,fresh,potato,train
train/fresh/garlic_fresh_0143.jpg,fresh,garlic,train
train/fresh/cucumber_fresh_0139.jpg,fresh,cucumber,train
train/fresh/broccoli_fresh_0046.jpg,fresh,broccoli,train
train/fresh/cucumber_fresh_0015.jpg,fresh,cucumber,train
train/fresh/carrot_fresh_0167.jpg,fresh,carrot,train
train/fresh/grapes_fresh_0009.jpg,fresh,grapes,train
train/fresh/cucumber_fresh_0111.jpg,fresh,cucumber,train
train/fresh/banana_fresh_0159.jpg,fresh,banana,train
train/fresh/pineapple_fresh_0196.jpg,fresh,pineapple,train
train/fresh/pineapple_fresh_0171.jpg,fresh,pineapple,train
train/fresh/pear_fresh_0060.jpg,fresh,pear,train
train/fresh/corn_fresh_0076.jpg,fresh,corn,train
train/fresh/carrot_fresh_0073.jpg,fresh,carrot,train
train/fresh/lemon_fresh_0110.jpg,fresh,lemon,train
train/fresh/carrot_fresh_0152.jpg,fresh,carrot,train
train/fresh/potato_fresh_0100.jpg,fresh,potato,train
train/fresh/broccoli_fresh_0101.jpg,fresh,broccoli,train
train/fresh/broccoli_fresh_0030.jpg,fresh,broccoli,train
train/fresh/mango_fresh_0145.jpg,fresh,mango,train
train/fresh/orange_fresh_0000.jpg,fresh,orange,train
train/fresh/banana_fresh_0149.jpg,fresh,banana,train
train/fresh/potato_fresh_0198.jpg,fresh,potato,train
train/fresh/grapes_fresh_0183.jpg,fresh,grapes,train
train/fresh/apple_fresh_0072.jpg,fresh,apple,train
train/fresh/strawberry_fresh_0072.jpg,fresh,strawberry,train
train/fresh/broccoli_fresh_0196.jpg,fresh,broccoli,train
train/fresh/spinach_fresh_0183.jpg,fresh,spinach,train
train/fresh/grapes_fresh_0006.jpg,fresh,grapes,train
train/fresh/tomato_fresh_0042.jpg,fresh,tomato,train
train/fresh/peach_fresh_0094.jpg,fresh,peach,train
train/fresh/carrot_fresh_0061.jpg,fresh,carrot,train
train/fresh/apple_fresh_0088.jpg,fresh,apple,train
train/fresh/corn_fresh_0157.jpg,fresh,corn,train
train/fresh/lemon_fresh_0080.jpg,fresh,lemon,train
train/fresh/strawberry_fresh_0108.jpg,fresh,strawberry,train
train/fresh/bell_pepper_fresh_0058.jpg,fresh,bell_pepper,train
train/fresh/peach_fresh_0151.jpg,fresh,peach,train
train/fresh/potato_fresh_0060.jpg,fresh,potato,train
train/fresh/mango_fresh_0134.jpg,fresh,mango,train
train/fresh/carrot_fresh_0056.jpg,fresh,carrot,train
train/fresh/spinach_fresh_0143.jpg,fresh,spinach,train
train/fresh/lemon_fresh_0051.jpg,fresh,lemon,train
train/fresh/apple_fresh_0025.jpg,fresh,apple,train
train/fresh/bell_pepper_fresh_0146.jpg,fresh,bell_pepper,train
train/fresh/broccoli_fresh_0050.jpg,fresh,broccoli,train
train/fresh/carrot_fresh_0013.jpg,fresh,carrot,train
train/fresh/mango_fresh_0123.jpg,fresh,mango,train
train/fresh/cucumber_fresh_0169.jpg,fresh,cucumber,train
train/fresh/cucumber_fresh_0052.jpg,fresh,cucumber,train
train/fresh/carrot_fresh_0058.jpg,fresh,carrot,train
train/fresh/pineapple_fresh_0182.jpg,fresh,pineapple,train
train/fresh/banana_fresh_0162.jpg,fresh,banana,train
train/fresh/corn_fresh_0088.jpg,fresh,corn,train
train/fresh/lemon_fresh_0028.jpg,fresh,lemon,train
train/fresh/mango_fresh_0014.jpg,fresh,mango,train
train/fresh/banana_fresh_0146.jpg,fresh,banana,train
train/fresh/cucumber_fresh_0161.jpg,fresh,cucumber,train
train/fresh/peach_fresh_0031.jpg,fresh,peach,train
train/fresh/spinach_fresh_0034.jpg,fresh,spinach,train
train/fresh/cucumber_fresh_0152.jpg,fresh,cucumber,train
train/fresh/broccoli_fresh_0162.jpg,fresh,broccoli,train
train/fresh/broccoli_fresh_0090.jpg,fresh,broccoli,train
train/fresh/onion_fresh_0016.jpg,fresh,onion,train
train/fresh/corn_fresh_0044.jpg,fresh,corn,train
train/fresh/pear_fresh_0137.jpg,fresh,pear,train
train/fresh/broccoli_fresh_0066.jpg,fresh,broccoli,train
train/fresh/cucumber_fresh_0040.jpg,fresh,cucumber,train
train/fresh/apple_fresh_0147.jpg,fresh,apple,train
train/fresh/broccoli_fresh_0073.jpg,fresh,broccoli,train
train/fresh/spinach_fresh_0176.jpg,fresh,spinach,train
train/fresh/carrot_fresh_0141.jpg,fresh,carrot,train
train/fresh/mango_fresh_0175.jpg,fresh,mango,train
train/fresh/garlic_fresh_0083.jpg,fresh,garlic,train
train/fresh/lemon_fresh_0039.jpg,fresh,lemon,train
train/fresh/tomato_fresh_0168.jpg,fresh,tomato,train
train/fresh/onion_fresh_0094.jpg,fresh,onion,train
train/fresh/pineapple_fresh_0163.jpg,fresh,pineapple,train
train/fresh/orange_fresh_0071.jpg,fresh,orange,train
train/fresh/onion_fresh_0083.jpg,fresh,onion,train
train/fresh/cucumber_fresh_0105.jpg,fresh,cucumber,train
train/fresh/banana_fresh_0085.jpg,fresh,banana,train
train/fresh/broccoli_fresh_0126.jpg,fresh,broccoli,train
train/fresh/pear_fresh_0131.jpg,fresh,pear,train
train/fresh/lemon_fresh_0030.jpg,fresh,lemon,train
train/fresh/lemon_fresh_0102.jpg,fresh,lemon,train
train/fresh/cucumber_fresh_0181.jpg,fresh,cucumber,train
train/fresh/lemon_fresh_0019.jpg,fresh,lemon,train
train/fresh/corn_fresh_0007.jpg,fresh,corn,train
train/fresh/bell_pepper_fresh_0138.jpg,fresh,bell_pepper,train
train/fresh/garlic_fresh_0187.jpg,fresh,garlic,train
train/fresh/potato_fresh_0040.jpg,fresh,potato,train
train/fresh/onion_fresh_0144.jpg,fresh,onion,train
train/fresh/grapes_fresh_0164.jpg,fresh,grapes,train
train/fresh/bell_pepper_fresh_0043.jpg,fresh,bell_pepper,train
train/fresh/spinach_fresh_0177.jpg,fresh,spinach,train
train/fresh/carrot_fresh_0094.jpg,fresh,carrot,train
train/fresh/corn_fresh_0113.jpg,fresh,corn,train
train/fresh/carrot_fresh_0033.jpg,fresh,carrot,train
train/fresh/tomato_fresh_0027.jpg,fresh,tomato,train
train/fresh/pineapple_fresh_0197.jpg,fresh,pineapple,train
train/fresh/apple_fresh_0190.jpg,fresh,apple,train
train/fresh/peach_fresh_0055.jpg,fresh,peach,train
train/fresh/cucumber_fresh_0143.jpg,fresh,cucumber,train
train/fresh/strawberry_fresh_0097.jpg,fresh,strawberry,train
train/fresh/peach_fresh_0176.jpg,fresh,peach,train
train/fresh/strawberry_fresh_0102.jpg,fresh,strawberry,train
train/fresh/potato_fresh_0004.jpg,fresh,potato,train
train/fresh/pineapple_fresh_0060.jpg,fresh,pineapple,train
train/fresh/tomato_fresh_0149.jpg,fresh,tomato,train
train/fresh/apple_fresh_0049.jpg,fresh,apple,train
train/fresh/strawberry_fresh_0017.jpg,fresh,strawberry,train
train/fresh/carrot_fresh_0028.jpg,fresh,carrot,train
train/fresh/carrot_fresh_0124.jpg,fresh,carrot,train
train/fresh/peach_fresh_0090.jpg,fresh,peach,train
train/fresh/banana_fresh_0148.jpg,fresh,banana,train
train/fresh/orange_fresh_0127.jpg,fresh,orange,train
train/fresh/strawberry_fresh_0172.jpg,fresh,strawberry,train
train/fresh/orange_fresh_0162.jpg,fresh,orange,train
train/fresh/mango_fresh_0066.jpg,fresh,mango,train
train/fresh/apple_fresh_0127.jpg,fresh,apple,train
train/fresh/cucumber_fresh_0140.jpg,fresh,cucumber,train
train/fresh/tomato_fresh_0028.jpg,fresh,tomato,train
train/fresh/onion_fresh_0135.jpg,fresh,onion,train
train/fresh/pear_fresh_0126.jpg,fresh,pear,train
train/fresh/banana_fresh_0005.jpg,fresh,banana,train
train/fresh/grapes_fresh_0061.jpg,fresh,grapes,train
train/fresh/garlic_fresh_0128.jpg,fresh,garlic,train
train/fresh/peach_fresh_0016.jpg,fresh,peach,train
train/fresh/corn_fresh_0149.jpg,fresh,corn,train
train/fresh/peach_fresh_0124.jpg,fresh,peach,train
train/fresh/garlic_fresh_0171.jpg,fresh,garlic,train
train/fresh/garlic_fresh_0025.jpg,fresh,garlic,train
train/fresh/peach_fresh_0001.jpg,fresh,peach,train
train/fresh/lemon_fresh_0127.jpg,fresh,lemon,train
train/fresh/carrot_fresh_0119.jpg,fresh,carrot,train
train/fresh/orange_fresh_0163.jpg,fresh,orange,train
train/fresh/tomato_fresh_0069.jpg,fresh,tomato,train
train/fresh/corn_fresh_0109.jpg,fresh,corn,train
train/fresh/carrot_fresh_0161.jpg,fresh,carrot,train
train/fresh/lemon_fresh_0155.jpg,fresh,lemon,train
train/fresh/pineapple_fresh_0081.jpg,fresh,pineapple,train
train/fresh/tomato_fresh_0179.jpg,fresh,tomato,train
train/fresh/tomato_fresh_0140.jpg,fresh,tomato,train
train/fresh/bell_pepper_fresh_0196.jpg,fresh,bell_pepper,train
train/fresh/cucumber_fresh_0045.jpg,fresh,cucumber,train
train/fresh/potato_fresh_0122.jpg,fresh,potato,train
train/fresh/pineapple_fresh_0027.jpg,fresh,pineapple,train
train/fresh/peach_fresh_0106.jpg,fresh,peach,train
train/fresh/lemon_fresh_0095.jpg,fresh,lemon,train
train/fresh/onion_fresh_0133.jpg,fresh,onion,train
train/fresh/corn_fresh_0043.jpg,fresh,corn,train
train/fresh/broccoli_fresh_0064.jpg,fresh,broccoli,train
train/fresh/tomato_fresh_0145.jpg,fresh,tomato,train
train/fresh/apple_fresh_0161.jpg,fresh,apple,train
train/fresh/tomato_fresh_0105.jpg,fresh,tomato,train
train/fresh/garlic_fresh_0166.jpg,fresh,garlic,train
train/fresh/spinach_fresh_0196.jpg,fresh,spinach,train
train/fresh/grapes_fresh_0128.jpg,fresh,grapes,train
train/fresh/strawberry_fresh_0080.jpg,fresh,strawberry,train
train/fresh/potato_fresh_0091.jpg,fresh,potato,train
train/fresh/strawberry_fresh_0180.jpg,fresh,strawberry,train
train/fresh/grapes_fresh_0174.jpg,fresh,grapes,train
train/fresh/mango_fresh_0149.jpg,fresh,mango,train
train/fresh/pear_fresh_0073.jpg,fresh,pear,train
train/fresh/spinach_fresh_0160.jpg,fresh,spinach,train
train/fresh/bell_pepper_fresh_0182.jpg,fresh,bell_pepper,train
train/fresh/grapes_fresh_0051.jpg,fresh,grapes,train
train/fresh/carrot_fresh_0189.jpg,fresh,carrot,train
train/fresh/banana_fresh_0144.jpg,fresh,banana,train
train/fresh/corn_fresh_0089.jpg,fresh,corn,train
train/fresh/bell_pepper_fresh_0015.jpg,fresh,bell_pepper,train
train/fresh/pear_fresh_0171.jpg,fresh,pear,train
train/fresh/tomato_fresh_0190.jpg,fresh,tomato,train
train/fresh/onion_fresh_0142.jpg,fresh,onion,train
train/fresh/grapes_fresh_0079.jpg,fresh,grapes,train
train/fresh/apple_fresh_0194.jpg,fresh,apple,train
train/fresh/corn_fresh_0112.jpg,fresh,corn,train
train/fresh/cucumber_fresh_0107.jpg,fresh,cucumber,train
train/fresh/garlic_fresh_0070.jpg,fresh,garlic,train
train/fresh/bell_pepper_fresh_0009.jpg,fresh,bell_pepper,train
train/fresh/pineapple_fresh_0017.jpg,fresh,pineapple,train
train/fresh/grapes_fresh_0031.jpg,fresh,grapes,train
train/fresh/broccoli_fresh_0006.jpg,fresh,broccoli,train
train/fresh/broccoli_fresh_0027.jpg,fresh,broccoli,train
train/fresh/mango_fresh_0003.jpg,fresh,mango,train
train/fresh/peach_fresh_0007.jpg,fresh,peach,train
train/fresh/potato_fresh_0093.jpg,fresh,potato,train
train/fresh/onion_fresh_0180.jpg,fresh,onion,train
train/fresh/corn_fresh_0016.jpg,fresh,corn,train
train/fresh/tomato_fresh_0103.jpg,fresh,tomato,train
train/fresh/cucumber_fresh_0060.jpg,fresh,cucumber,train
train/fresh/garlic_fresh_0103.jpg,fresh,garlic,train
train/fresh/pineapple_fresh_0038.jpg,fresh,pineapple,train
train/fresh/peach_fresh_0136.jpg,fresh,peach,train
train/fresh/onion_fresh_0055.jpg,fresh,onion,train
train/fresh/garlic_fresh_0146.jpg,fresh,garlic,train
train/fresh/strawberry_fresh_0114.jpg,fresh,strawberry,train
train/fresh/lemon_fresh_0049.jpg,fresh,lemon,train
train/fresh/tomato_fresh_0050.jpg,fresh,tomato,train
train/fresh/garlic_fresh_0005.jpg,fresh,garlic,train
train/fresh/banana_fresh_0101.jpg,fresh,banana,train
train/fresh/tomato_fresh_0014.jpg,fresh,tomato,train
train/fresh/mango_fresh_0050.jpg,fresh,mango,train
train/fresh/carrot_fresh_0182.jpg,fresh,carrot,train
train/fresh/pear_fresh_0038.jpg,fresh,pear,train
train/fresh/tomato_fresh_0142.jpg,fresh,tomato,train
train/fresh/pear_fresh_0164.jpg,fresh,pear,train
train/fresh/onion_fresh_0087.jpg,fresh,onion,train
train/fresh/strawberry_fresh_0133.jpg,fresh,strawberry,train
train/fresh/onion_fresh_0068.jpg,fresh,onion,train
train/fresh/pear_fresh_0040.jpg,fresh,pear,train
train/fresh/bell_pepper_fresh_0092.jpg,fresh,bell_pepper,train
train/fresh/lemon_fresh_0107.jpg,fresh,lemon,train
train/fresh/tomato_fresh_0030.jpg,fresh,tomato,train
train/fresh/lemon_fresh_0041.jpg,fresh,lemon,train
train/fresh/broccoli_fresh_0014.jpg,fresh,broccoli,train
train/fresh/cucumber_fresh_0102.jpg,fresh,cucumber,train
train/fresh/lemon_fresh_0108.jpg,fresh,lemon,train
train/fresh/pear_fresh_0189.jpg,fresh,pear,train
train/fresh/apple_fresh_0066.jpg,fresh,apple,train
train/fresh/garlic_fresh_0051.jpg,fresh,garlic,train
train/fresh/cucumber_fresh_0036.jpg,fresh,cucumber,train
train/fresh/cucumber_fresh_0080.jpg,fresh,cucumber,train
train/fresh/pear_fresh_0176.jpg,fresh,pear,train
train/fresh/garlic_fresh_0127.jpg,fresh,garlic,train
train/fresh/grapes_fresh_0170.jpg,fresh,grapes,train
train/fresh/carrot_fresh_0098.jpg,fresh,carrot,train
train/fresh/garlic_fresh_0147.jpg,fresh,garlic,train
train/fresh/strawberry_fresh_0155.jpg,fresh,strawberry,train
train/fresh/banana_fresh_0143.jpg,fresh,banana,train
train/fresh/banana_fresh_0197.jpg,fresh,banana,train
train/fresh/corn_fresh_0096.jpg,fresh,corn,train
train/fresh/carrot_fresh_0022.jpg,fresh,carrot,train
train/fresh/strawberry_fresh_0159.jpg,fresh,strawberry,train
train/fresh/potato_fresh_0099.jpg,fresh,potato,train
train/fresh/pineapple_fresh_0125.jpg,fresh,pineapple,train
train/fresh/spinach_fresh_0062.jpg,fresh,spinach,train
train/fresh/pear_fresh_0133.jpg,fresh,pear,train
train/fresh/pineapple_fresh_0135.jpg,fresh,pineapple,train
train/fresh/peach_fresh_0196.jpg,fresh,peach,train
train/fresh/bell_pepper_fresh_0178.jpg,fresh,bell_pepper,train
train/fresh/pineapple_fresh_0132.jpg,fresh,pineapple,train
train/fresh/apple_fresh_0093.jpg,fresh,apple,train
train/fresh/carrot_fresh_0000.jpg,fresh,carrot,train
train/fresh/carrot_fresh_0140.jpg,fresh,carrot,train
train/fresh/broccoli_fresh_0007.jpg,fresh,broccoli,train
train/fresh/strawberry_fresh_0020.jpg,fresh,strawberry,train
train/fresh/banana_fresh_0123.jpg,fresh,banana,train
train/fresh/peach_fresh_0056.jpg,fresh,peach,train
train/fresh/lemon_fresh_0075.jpg,fresh,lemon,train
train/fresh/pineapple_fresh_0128.jpg,fresh,pineapple,train
train/fresh/lemon_fresh_0141.jpg,fresh,lemon,train
train/fresh/carrot_fresh_0020.jpg,fresh,carrot,train
train/fresh/pear_fresh_0037.jpg,fresh,pear,train
train/fresh/apple_fresh_0158.jpg,fresh,apple,train
train/fresh/peach_fresh_0161.jpg,fresh,peach,train
train/fresh/pineapple_fresh_0028.jpg,fresh,pineapple,train
train/fresh/broccoli_fresh_0176.jpg,fresh,broccoli,train
train/fresh/pear_fresh_0116.jpg,fresh,pear,train
train/fresh/corn_fresh_0145.jpg,fresh,corn,train
train/fresh/tomato_fresh_0085.jpg,fresh,tomato,train
train/fresh/lemon_fresh_0128.jpg,fresh,lemon,train
train/fresh/spinach_fresh_0109.jpg,fresh,spinach,train
train/fresh/carrot_fresh_0076.jpg,fresh,carrot,train
train/fresh/pineapple_fresh_0178.jpg,fresh,pineapple,train
train/fresh/lemon_fresh_0132.jpg,fresh,lemon,train
train/fresh/orange_fresh_0020.jpg,fresh,orange,train
train/fresh/spinach_fresh_0134.jpg,fresh,spinach,train
train/fresh/mango_fresh_0099.jpg,fresh,mango,train
train/fresh/mango_fresh_0095.jpg,fresh,mango,train
train/fresh/tomato_fresh_0101.jpg,fresh,tomato,train
train/fresh/pear_fresh_0050.jpg,fresh,pear,train
train/fresh/onion_fresh_0130.jpg,fresh,onion,train
train/fresh/pear_fresh_0042.jpg,fresh,pear,train
train/fresh/lemon_fresh_0029.jpg,fresh,lemon,train
train/fresh/pineapple_fresh_0145.jpg,fresh,pineapple,train
train/fresh/mango_fresh_0031.jpg,fresh,mango,train
train/fresh/pear_fresh_0010.jpg,fresh,pear,train
train/fresh/orange_fresh_0193.jpg,fresh,orange,train
train/fresh/strawberry_fresh_0022.jpg,fresh,strawberry,train
train/fresh/broccoli_fresh_0033.jpg,fresh,broccoli,train
train/fresh/broccoli_fresh_0131.jpg,fresh,broccoli,train
train/fresh/potato_fresh_0119.jpg,fresh,potato,train
train/fresh/banana_fresh_0051.jpg,fresh,banana,train
train/fresh/apple_fresh_0113.jpg,fresh,apple,train
train/fresh/apple_fresh_0023.jpg,fresh,apple,train
train/fresh/grapes_fresh_0091.jpg,fresh,grapes,train
train/fresh/broccoli_fresh_0017.jpg,fresh,broccoli,train
train/fresh/lemon_fresh_0097.jpg,fresh,lemon,train
train/fresh/pear_fresh_0086.jpg,fresh,pear,train
train/fresh/strawberry_fresh_0047.jpg,fresh,strawberry,train
train/fresh/spinach_fresh_0135.jpg,fresh,spinach,train
train/fresh/onion_fresh_0000.jpg,fresh,onion,train
train/fresh/mango_fresh_0090.jpg,fresh,mango,train
train/fresh/lemon_fresh_0054.jpg,fresh,lemon,train
train/fresh/orange_fresh_0074.jpg,fresh,orange,train
train/fresh/peach_fresh_0089.jpg,fresh,peach,train
train/fresh/orange_fresh_0144.jpg,fresh,orange,train
train/fresh/strawberry_fresh_0067.jpg,fresh,strawberry,train
train/fresh/orange_fresh_0006.jpg,fresh,orange,train
train/fresh/potato_fresh_0106.jpg,fresh,potato,train
train/fresh/spinach_fresh_0002.jpg,fresh,spinach,train
train/fresh/broccoli_fresh_0044.jpg,fresh,broccoli,train
train/fresh/apple_fresh_0146.jpg,fresh,apple,train
train/fresh/banana_fresh_0017.jpg,fresh,banana,train
train/fresh/bell_pepper_fresh_0143.jpg,fresh,bell_pepper,train
train/fresh/carrot_fresh_0023.jpg,fresh,carrot,train
train/fresh/bell_pepper_fresh_0150.jpg,fresh,bell_pepper,train
train/fresh/pear_fresh_0143.jpg,fresh,pear,train
train/fresh/strawberry_fresh_0170.jpg,fresh,strawberry,train
train/fresh/strawberry_fresh_0105.jpg,fresh,strawberry,train
train/fresh/corn_fresh_0131.jpg,fresh,corn,train
train/fresh/potato_fresh_0055.jpg,fresh,potato,train
train/fresh/bell_pepper_fresh_0142.jpg,fresh,bell_pepper,train
train/fresh/broccoli_fresh_0068.jpg,fresh,broccoli,train
train/fresh/spinach_fresh_0033.jpg,fresh,spinach,train
train/fresh/corn_fresh_0117.jpg,fresh,corn,train
train/fresh/garlic_fresh_0004.jpg,fresh,garlic,train
train/fresh/grapes_fresh_0094.jpg,fresh,grapes,train
train/fresh/potato_fresh_0172.jpg,fresh,potato,train
train/fresh/lemon_fresh_0011.jpg,fresh,lemon,train
train/fresh/corn_fresh_0035.jpg,fresh,corn,train
train/fresh/tomato_fresh_0158.jpg,fresh,tomato,train
train/fresh/orange_fresh_0066.jpg,fresh,orange,train
train/fresh/cucumber_fresh_0091.jpg,fresh,cucumber,train
train/fresh/pineapple_fresh_0008.jpg,fresh,pineapple,train
train/fresh/mango_fresh_0093.jpg,fresh,mango,train
train/fresh/garlic_fresh_0023.jpg,fresh,garlic,train
train/fresh/spinach_fresh_0010.jpg,fresh,spinach,train
train/fresh/pineapple_fresh_0059.jpg,fresh,pineapple,train
train/fresh/strawberry_fresh_0197.jpg,fresh,strawberry,train
train/fresh/mango_fresh_0046.jpg,fresh,mango,train
train/fresh/onion_fresh_0174.jpg,fresh,onion,train
train/fresh/pear_fresh_0032.jpg,fresh,pear,train
train/fresh/pear_fresh_0027.jpg,fresh,pear,train
train/fresh/tomato_fresh_0139.jpg,fresh,tomato,train
train/fresh/bell_pepper_fresh_0124.jpg,fresh,bell_pepper,train
train/fresh/strawberry_fresh_0146.jpg,fresh,strawberry,train
train/fresh/lemon_fresh_0170.jpg,fresh,lemon,train
train/fresh/apple_fresh_0182.jpg,fresh,apple,train
train/fresh/corn_fresh_0191.jpg,fresh,corn,train
train/fresh/tomato_fresh_0195.jpg,fresh,tomato,train
train/fresh/carrot_fresh_0181.jpg,fresh,carrot,train
train/fresh/corn_fresh_0107.jpg,fresh,corn,train
train/fresh/banana_fresh_0117.jpg,fresh,banana,train
train/fresh/pineapple_fresh_0119.jpg,fresh,pineapple,train
train/fresh/onion_fresh_0151.jpg,fresh,onion,train
train/fresh/bell_pepper_fresh_0195.jpg,fresh,bell_pepper,train
train/fresh/pineapple_fresh_0116.jpg,fresh,pineapple,train
train/fresh/peach_fresh_0041.jpg,fresh,peach,train
train/fresh/potato_fresh_0052.jpg,fresh,potato,train
train/fresh/peach_fresh_0067.jpg,fresh,peach,train
train/fresh/pear_fresh_0182.jpg,fresh,pear,train
train/fresh/pineapple_fresh_0068.jpg,fresh,pineapple,train
train/fresh/pineapple_fresh_0005.jpg,fresh,pineapple,train
train/fresh/pineapple_fresh_0170.jpg,fresh,pineapple,train
train/fresh/mango_fresh_0142.jpg,fresh,mango,train
train/fresh/banana_fresh_0129.jpg,fresh,banana,train
train/fresh/apple_fresh_0129.jpg,fresh,apple,train
train/fresh/grapes_fresh_0064.jpg,fresh,grapes,train
train/fresh/apple_fresh_0179.jpg,fresh,apple,train
train/fresh/cucumber_fresh_0038.jpg,fresh,cucumber,train
train/fresh/corn_fresh_0070.jpg,fresh,corn,train
train/fresh/tomato_fresh_0177.jpg,fresh,tomato,train
train/fresh/pineapple_fresh_0192.jpg,fresh,pineapple,train
train/fresh/orange_fresh_0135.jpg,fresh,orange,train
train/fresh/apple_fresh_0169.jpg,fresh,apple,train
train/fresh/cucumber_fresh_0026.jpg,fresh,cucumber,train
train/fresh/cucumber_fresh_0119.jpg,fresh,cucumber,train
train/fresh/orange_fresh_0187.jpg,fresh,orange,train
train/fresh/pear_fresh_0123.jpg,fresh,pear,train
train/fresh/mango_fresh_0182.jpg,fresh,mango,train
train/fresh/lemon_fresh_0034.jpg,fresh,lemon,train
train/fresh/garlic_fresh_0049.jpg,fresh,garlic,train
train/fresh/apple_fresh_0009.jpg,fresh,apple,train
train/fresh/tomato_fresh_0118.jpg,fresh,tomato,train
train/fresh/onion_fresh_0163.jpg,fresh,onion,train
train/fresh/grapes_fresh_0197.jpg,fresh,grapes,train
train/fresh/apple_fresh_0196.jpg,fresh,apple,train
train/fresh/spinach_fresh_0088.jpg,fresh,spinach,train
train/fresh/cucumber_fresh_0165.jpg,fresh,cucumber,train
train/fresh/apple_fresh_0013.jpg,fresh,apple,train
train/fresh/grapes_fresh_0150.jpg,fresh,grapes,train
train/fresh/pineapple_fresh_0190.jpg,fresh,pineapple,train
train/fresh/banana_fresh_0173.jpg,fresh,banana,train
train/fresh/onion_fresh_0193.jpg,fresh,onion,train
train/fresh/spinach_fresh_0041.jpg,fresh,spinach,train
train/fresh/corn_fresh_0121.jpg,fresh,corn,train
train/fresh/peach_fresh_0119.jpg,fresh,peach,train
train/fresh/peach_fresh_0062.jpg,fresh,peach,train
train/fresh/cucumber_fresh_0058.jpg,fresh,cucumber,train
train/fresh/pear_fresh_0109.jpg,fresh,pear,train
train/fresh/carrot_fresh_0064.jpg,fresh,carrot,train
train/fresh/tomato_fresh_0078.jpg,fresh,tomato,train
train/fresh/mango_fresh_0151.jpg,fresh,mango,train
train/fresh/peach_fresh_0091.jpg,fresh,peach,train
train/fresh/pear_fresh_0179.jpg,fresh,pear,train
train/fresh/tomato_fresh_0048.jpg,fresh,tomato,train
train/fresh/pear_fresh_0118.jpg,fresh,pear,train
train/fresh/garlic_fresh_0090.jpg,fresh,garlic,train
train/fresh/pear_fresh_0002.jpg,fresh,pear,train
train/fresh/grapes_fresh_0153.jpg,fresh,grapes,train
train/fresh/onion_fresh_0098.jpg,fresh,onion,train
train/fresh/banana_fresh_0003.jpg,fresh,banana,train
train/fresh/bell_pepper_fresh_0136.jpg,fresh,bell_pepper,train
train/fresh/onion_fresh_0170.jpg,fresh,onion,train
train/fresh/onion_fresh_0070.jpg,fresh,onion,train
train/fresh/mango_fresh_0038.jpg,fresh,mango,train
train/fresh/pear_fresh_0127.jpg,fresh,pear,train
train/fresh/potato_fresh_0005.jpg,fresh,potato,train
train/fresh/onion_fresh_0074.jpg,fresh,onion,train
train/fresh/pear_fresh_0128.jpg,fresh,pear,train
train/fresh/cucumber_fresh_0159.jpg,fresh,cucumber,train
train/fresh/broccoli_fresh_0092.jpg,fresh,broccoli,train
train/fresh/spinach_fresh_0003.jpg,fresh,spinach,train
train/fresh/peach_fresh_0039.jpg,fresh,peach,train
train/fresh/carrot_fresh_0154.jpg,fresh,carrot,train
train/fresh/orange_fresh_0056.jpg,fresh,orange,train
train/fresh/spinach_fresh_0199.jpg,fresh,spinach,train
train/fresh/lemon_fresh_0105.jpg,fresh,lemon,train
train/fresh/orange_fresh_0159.jpg,fresh,orange,train
train/fresh/spinach_fresh_0107.jpg,fresh,spinach,train
train/fresh/cucumber_fresh_0039.jpg,fresh,cucumber,train
train/fresh/pear_fresh_0081.jpg,fresh,pear,train
train/fresh/pineapple_fresh_0034.jpg,fresh,pineapple,train
train/fresh/corn_fresh_0013.jpg,fresh,corn,train
train/fresh/onion_fresh_0150.jpg,fresh,onion,train
train/fresh/corn_fresh_0155.jpg,fresh,corn,train
train/fresh/mango_fresh_0168.jpg,fresh,mango,train
train/fresh/apple_fresh_0036.jpg,fresh,apple,train
train/fresh/orange_fresh_0003.jpg,fresh,orange,train
train/fresh/apple_fresh_0193.jpg,fresh,apple,train
train/fresh/tomato_fresh_0076.jpg,fresh,tomato,train
train/fresh/apple_fresh_0074.jpg,fresh,apple,train
train/fresh/mango_fresh_0026.jpg,fresh,mango,train
train/fresh/onion_fresh_0188.jpg,fresh,onion,train
train/fresh/mango_fresh_0161.jpg,fresh,mango,train
train/fresh/lemon_fresh_0082.jpg,fresh,lemon,train
train/fresh/pineapple_fresh_0198.jpg,fresh,pineapple,train
train/fresh/strawberry_fresh_0149.jpg,fresh,strawberry,train
train/fresh/spinach_fresh_0012.jpg,fresh,spinach,train
train/fresh/carrot_fresh_0142.jpg,fresh,carrot,train
train/fresh/tomato_fresh_0037.jpg,fresh,tomato,train
train/fresh/apple_fresh_0022.jpg,fresh,apple,train
train/fresh/banana_fresh_0137.jpg,fresh,banana,train
train/fresh/apple_fresh_0164.jpg,fresh,apple,train
train/fresh/broccoli_fresh_0097.jpg,fresh,broccoli,train
train/fresh/garlic_fresh_0086.jpg,fresh,garlic,train
train/fresh/mango_fresh_0053.jpg,fresh,mango,train
train/fresh/carrot_fresh_0134.jpg,fresh,carrot,train
train/fresh/garlic_fresh_0129.jpg,fresh,garlic,train
train/fresh/spinach_fresh_0102.jpg,fresh,spinach,train
train/fresh/corn_fresh_0108.jpg,fresh,corn,train
train/fresh/grapes_fresh_0144.jpg,fresh,grapes,train
train/fresh/carrot_fresh_0042.jpg,fresh,carrot,train
train/fresh/spinach_fresh_0022.jpg,fresh,spinach,train
train/fresh/potato_fresh_0165.jpg,fresh,potato,train
train/fresh/onion_fresh_0124.jpg,fresh,onion,train
train/fresh/bell_pepper_fresh_0185.jpg,fresh,bell_pepper,train
train/fresh/banana_fresh_0039.jpg,fresh,banana,train
train/fresh/onion_fresh_0028.jpg,fresh,onion,train
train/fresh/cucumber_fresh_0185.jpg,fresh,cucumber,train
train/fresh/broccoli_fresh_0057.jpg,fresh,broccoli,train
train/fresh/grapes_fresh_0088.jpg,fresh,grapes,train
train/fresh/garlic_fresh_0080.jpg,fresh,garlic,train
train/fresh/strawberry_fresh_0115.jpg,fresh,strawberry,train
train/fresh/garlic_fresh_0122.jpg,fresh,garlic,train
train/fresh/mango_fresh_0086.jpg,fresh,mango,train
train/fresh/grapes_fresh_0119.jpg,fresh,grapes,train
train/fresh/peach_fresh_0059.jpg,fresh,peach,train
train/fresh/onion_fresh_0064.jpg,fresh,onion,train
train/fresh/garlic_fresh_0067.jpg,fresh,garlic,train
train/fresh/mango_fresh_0049.jpg,fresh,mango,train
train/fresh/corn_fresh_0178.jpg,fresh,corn,train
train/fresh/banana_fresh_0106.jpg,fresh,banana,train
train/fresh/garlic_fresh_0010.jpg,fresh,garlic,train
train/fresh/banana_fresh_0121.jpg,fresh,banana,train
train/fresh/lemon_fresh_0002.jpg,fresh,lemon,train
train/fresh/onion_fresh_0035.jpg,fresh,onion,train
train/fresh/orange_fresh_0126.jpg,fresh,orange,train
train/fresh/cucumber_fresh_0009.jpg,fresh,cucumber,train
train/fresh/strawberry_fresh_0027.jpg,fresh,strawberry,train
train/fresh/strawberry_fresh_0103.jpg,fresh,strawberry,train
train/fresh/orange_fresh_0032.jpg,fresh,orange,train
train/fresh/onion_fresh_0075.jpg,fresh,onion,train
train/fresh/onion_fresh_0010.jpg,fresh,onion,train
train/fresh/orange_fresh_0055.jpg,fresh,orange,train
train/fresh/bell_pepper_fresh_0002.jpg,fresh,bell_pepper,train
train/fresh/pear_fresh_0103.jpg,fresh,pear,train
train/fresh/tomato_fresh_0082.jpg,fresh,tomato,train
train/fresh/pear_fresh_0014.jpg,fresh,pear,train
train/fresh/carrot_fresh_0003.jpg,fresh,carrot,train
train/fresh/carrot_fresh_0116.jpg,fresh,carrot,train
train/fresh/corn_fresh_0134.jpg,fresh,corn,train
train/fresh/grapes_fresh_0192.jpg,fresh,grapes,train
train/fresh/potato_fresh_0054.jpg,fresh,potato,train
train/fresh/mango_fresh_0115.jpg,fresh,mango,train
train/fresh/garlic_fresh_0196.jpg,fresh,garlic,train
train/fresh/lemon_fresh_0053.jpg,fresh,lemon,train
train/fresh/bell_pepper_fresh_0100.jpg,fresh,bell_pepper,train
train/fresh/grapes_fresh_0015.jpg,fresh,grapes,train
train/fresh/carrot_fresh_0135.jpg,fresh,carrot,train
train/fresh/cucumber_fresh_0089.jpg,fresh,cucumber,train
train/fresh/mango_fresh_0118.jpg,fresh,mango,train
train/fresh/pear_fresh_0192.jpg,fresh,pear,train
train/fresh/potato_fresh_0069.jpg,fresh,potato,train
train/fresh/apple_fresh_0154.jpg,fresh,apple,train
train/fresh/strawberry_fresh_0123.jpg,fresh,strawberry,train
train/fresh/bell_pepper_fresh_0003.jpg,fresh,bell_pepper,train
train/fresh/garlic_fresh_0026.jpg,fresh,garlic,train
train/fresh/corn_fresh_0003.jpg,fresh,corn,train
train/fresh/corn_fresh_0046.jpg,fresh,corn,train
train/fresh/banana_fresh_0114.jpg,fresh,banana,train
train/fresh/garlic_fresh_0014.jpg,fresh,garlic,train
train/fresh/tomato_fresh_0154.jpg,fresh,tomato,train
train/fresh/cucumber_fresh_0072.jpg,fresh,cucumber,train
train/fresh/potato_fresh_0134.jpg,fresh,potato,train
train/fresh/grapes_fresh_0167.jpg,fresh,grapes,train
train/fresh/peach_fresh_0122.jpg,fresh,peach,train
train/fresh/bell_pepper_fresh_0199.jpg,fresh,bell_pepper,train
train/fresh/broccoli_fresh_0098.jpg,fresh,broccoli,train
train/fresh/potato_fresh_0129.jpg,fresh,potato,train
train/fresh/garlic_fresh_0152.jpg,fresh,garlic,train
train/fresh/grapes_fresh_0038.jpg,fresh,grapes,train
train/fresh/pineapple_fresh_0167.jpg,fresh,pineapple,train
train/fresh/banana_fresh_0153.jpg,fresh,banana,train
train/fresh/broccoli_fresh_0088.jpg,fresh,broccoli,train
train/fresh/pineapple_fresh_0066.jpg,fresh,pineapple,train
train/fresh/strawberry_fresh_0065.jpg,fresh,strawberry,train
train/fresh/apple_fresh_0178.jpg,fresh,apple,train
train/fresh/tomato_fresh_0096.jpg,fresh,tomato,train
train/fresh/pear_fresh_0178.jpg,fresh,pear,train
train/fresh/grapes_fresh_0039.jpg,fresh,grapes,train
train/fresh/tomato_fresh_0000.jpg,fresh,tomato,train
train/fresh/pear_fresh_0191.jpg,fresh,pear,train
train/fresh/lemon_fresh_0133.jpg,fresh,lemon,train
train/fresh/peach_fresh_0131.jpg,fresh,peach,train
train/fresh/apple_fresh_0091.jpg,fresh,apple,train
train/fresh/grapes_fresh_0130.jpg,fresh,grapes,train
train/fresh/potato_fresh_0050.jpg,fresh,potato,train
train/fresh/onion_fresh_0095.jpg,fresh,onion,train
train/fresh/broccoli_fresh_0045.jpg,fresh,broccoli,train
train/fresh/pineapple_fresh_0019.jpg,fresh,pineapple,train
train/fresh/bell_pepper_fresh_0104.jpg,fresh,bell_pepper,train
train/fresh/banana_fresh_0190.jpg,fresh,banana,train
train/fresh/spinach_fresh_0171.jpg,fresh,spinach,train
train/fresh/spinach_fresh_0070.jpg,fresh,spinach,train
train/fresh/garlic_fresh_0100.jpg,fresh,garlic,train
train/fresh/pineapple_fresh_0049.jpg,fresh,pineapple,train
train/fresh/cucumber_fresh_0177.jpg,fresh,cucumber,train
train/fresh/garlic_fresh_0046.jpg,fresh,garlic,train
train/fresh/apple_fresh_0130.jpg,fresh,apple,train
train/fresh/cucumber_fresh_0018.jpg,fresh,cucumber,train
train/fresh/lemon_fresh_0149.jpg,fresh,lemon,train
train/fresh/orange_fresh_0084.jpg,fresh,orange,train
train/fresh/potato_fresh_0127.jpg,fresh,potato,train
train/fresh/onion_fresh_0023.jpg,fresh,onion,train
train/fresh/orange_fresh_0178.jpg,fresh,orange,train
train/fresh/strawberry_fresh_0035.jpg,fresh,strawberry,train
train/fresh/garlic_fresh_0022.jpg,fresh,garlic,train
train/fresh/bell_pepper_fresh_0107.jpg,fresh,bell_pepper,train
train/fresh/broccoli_fresh_0104.jpg,fresh,broccoli,train
train/fresh/pineapple_fresh_0185.jpg,fresh,pineapple,train
train/fresh/garlic_fresh_0047.jpg,fresh,garlic,train
train/fresh/lemon_fresh_0038.jpg,fresh,lemon,train
train/fresh/onion_fresh_0015.jpg,fresh,onion,train
train/fresh/orange_fresh_0057.jpg,fresh,orange,train
train/fresh/onion_fresh_0199.jpg,fresh,onion,train
train/fresh/pear_fresh_0119.jpg,fresh,pear,train
train/fresh/onion_fresh_0036.jpg,fresh,onion,train
train/fresh/peach_fresh_0115.jpg,fresh,peach,train
train/fresh/mango_fresh_0103.jpg,fresh,mango,train
train/fresh/bell_pepper_fresh_0144.jpg,fresh,bell_pepper,train
train/fresh/bell_pepper_fresh_0177.jpg,fresh,bell_pepper,train
train/fresh/garlic_fresh_0054.jpg,fresh,garlic,train
train/fresh/corn_fresh_0052.jpg,fresh,corn,train
train/fresh/strawberry_fresh_0061.jpg,fresh,strawberry,train
train/fresh/apple_fresh_0002.jpg,fresh,apple,train
train/fresh/strawberry_fresh_0113.jpg,fresh,strawberry,train
train/fresh/pineapple_fresh_0046.jpg,fresh,pineapple,train
train/fresh/potato_fresh_0135.jpg,fresh,potato,train
train/fresh/mango_fresh_0091.jpg,fresh,mango,train
train/fresh/peach_fresh_0025.jpg,fresh,peach,train
train/fresh/spinach_fresh_0045.jpg,fresh,spinach,train
train/fresh/corn_fresh_0008.jpg,fresh,corn,train
train/fresh/tomato_fresh_0185.jpg,fresh,tomato,train
train/fresh/mango_fresh_0159.jpg,fresh,mango,train
train/fresh/potato_fresh_0076.jpg,fresh,potato,train
train/fresh/strawberry_fresh_0131.jpg,fresh,strawberry,train
train/fresh/broccoli_fresh_0037.jpg,fresh,broccoli,train
train/fresh/potato_fresh_0188.jpg,fresh,potato,train
train/fresh/orange_fresh_0137.jpg,fresh,orange,train
train/fresh/carrot_fresh_0192.jpg,fresh,carrot,train
train/fresh/bell_pepper_fresh_0173.jpg,fresh,bell_pepper,train
train/fresh/banana_fresh_0086.jpg,fresh,banana,train
train/fresh/lemon_fresh_0009.jpg,fresh,lemon,train
train/fresh/onion_fresh_0014.jpg,fresh,onion,train
train/fresh/lemon_fresh_0067.jpg,fresh,lemon,train
train/fresh/lemon_fresh_0010.jpg,fresh,lemon,train
train/fresh/corn_fresh_0154.jpg,fresh,corn,train
train/fresh/pineapple_fresh_0127.jpg,fresh,pineapple,train
train/fresh/onion_fresh_0183.jpg,fresh,onion,train
train/fresh/apple_fresh_0139.jpg,fresh,apple,train
train/fresh/grapes_fresh_0114.jpg,fresh,grapes,train
train/fresh/orange_fresh_0197.jpg,fresh,orange,train
train/fresh/bell_pepper_fresh_0087.jpg,fresh,bell_pepper,train
train/fresh/broccoli_fresh_0114.jpg,fresh,broccoli,train
train/fresh/lemon_fresh_0122.jpg,fresh,lemon,train
train/fresh/pear_fresh_0175.jpg,fresh,pear,train
train/fresh/potato_fresh_0120.jpg,fresh,potato,train
train/fresh/apple_fresh_0117.jpg,fresh,apple,train
train/fresh/pear_fresh_0028.jpg,fresh,pear,train
train/fresh/lemon_fresh_0192.jpg,fresh,lemon,train
train/fresh/lemon_fresh_0006.jpg,fresh,lemon,train
train/fresh/bell_pepper_fresh_0153.jpg,fresh,bell_pepper,train
train/fresh/peach_fresh_0133.jpg,fresh,peach,train
train/fresh/carrot_fresh_0180.jpg,fresh,carrot,train
train/fresh/peach_fresh_0043.jpg,fresh,peach,train
train/fresh/banana_fresh_0034.jpg,fresh,banana,train
train/fresh/tomato_fresh_0186.jpg,fresh,tomato,train
train/fresh/pear_fresh_0031.jpg,fresh,pear,train
train/fresh/garlic_fresh_0150.jpg,fresh,garlic,train
train/fresh/spinach_fresh_0079.jpg,fresh,spinach,train
train/fresh/onion_fresh_0089.jpg,fresh,onion,train
train/fresh/carrot_fresh_0004.jpg,fresh,carrot,train
train/fresh/lemon_fresh_0164.jpg,fresh,lemon,train
train/fresh/spinach_fresh_0096.jpg,fresh,spinach,train
train/fresh/apple_fresh_0031.jpg,fresh,apple,train
train/fresh/strawberry_fresh_0139.jpg,fresh,strawberry,train
train/fresh/potato_fresh_0185.jpg,fresh,potato,train
train/fresh/spinach_fresh_0046.jpg,fresh,spinach,train
train/fresh/grapes_fresh_0116.jpg,fresh,grapes,train
train/fresh/tomato_fresh_0098.jpg,fresh,tomato,train
train/fresh/broccoli_fresh_0072.jpg,fresh,broccoli,train
train/fresh/banana_fresh_0124.jpg,fresh,banana,train
train/fresh/pear_fresh_0013.jpg,fresh,pear,train
train/fresh/onion_fresh_0148.jpg,fresh,onion,train
train/fresh/corn_fresh_0175.jpg,fresh,corn,train
train/fresh/potato_fresh_0033.jpg,fresh,potato,train
train/fresh/cucumber_fresh_0109.jpg,fresh,cucumber,train
train/fresh/orange_fresh_0058.jpg,fresh,orange,train
train/fresh/lemon_fresh_0096.jpg,fresh,lemon,train
train/fresh/corn_fresh_0051.jpg,fresh,corn,train
train/fresh/carrot_fresh_0035.jpg,fresh,carrot,train
train/fresh/lemon_fresh_0005.jpg,fresh,lemon,train
train/fresh/pear_fresh_0051.jpg,fresh,pear,train
train/fresh/grapes_fresh_0160.jpg,fresh,grapes,train
train/fresh/strawberry_fresh_0119.jpg,fresh,strawberry,train
train/fresh/potato_fresh_0070.jpg,fresh,potato,train
train/fresh/bell_pepper_fresh_0083.jpg,fresh,bell_pepper,train
train/fresh/peach_fresh_0135.jpg,fresh,peach,train
train/fresh/garlic_fresh_0177.jpg,fresh,garlic,train
train/fresh/garlic_fresh_0115.jpg,fresh,garlic,train
train/fresh/corn_fresh_0167.jpg,fresh,corn,train
train/fresh/pear_fresh_0049.jpg,fresh,pear,train
train/fresh/spinach_fresh_0139.jpg,fresh,spinach,train
train/fresh/carrot_fresh_0110.jpg,fresh,carrot,train
train/fresh/orange_fresh_0194.jpg,fresh,orange,train
train/fresh/pineapple_fresh_0077.jpg,fresh,pineapple,train
train/fresh/orange_fresh_0092.jpg,fresh,orange,train
train/fresh/orange_fresh_0037.jpg,fresh,orange,train
train/fresh/apple_fresh_0105.jpg,fresh,apple,train
train/fresh/banana_fresh_0056.jpg,fresh,banana,train
train/fresh/apple_fresh_0080.jpg,fresh,apple,train
train/fresh/bell_pepper_fresh_0119.jpg,fresh,bell_pepper,train
train/fresh/pear_fresh_0057.jpg,fresh,pear,train
train/fresh/onion_fresh_0122.jpg,fresh,onion,train
train/fresh/strawberry_fresh_0085.jpg,fresh,strawberry,train
train/fresh/tomato_fresh_0032.jpg,fresh,tomato,train
train/fresh/strawberry_fresh_0060.jpg,fresh,strawberry,train
train/fresh/orange_fresh_0156.jpg,fresh,orange,train
train/fresh/orange_fresh_0102.jpg,fresh,orange,train
train/fresh/broccoli_fresh_0048.jpg,fresh,broccoli,train
train/fresh/corn_fresh_0141.jpg,fresh,corn,train
train/fresh/grapes_fresh_0131.jpg,fresh,grapes,train
train/fresh/spinach_fresh_0184.jpg,fresh,spinach,train
train/fresh/spinach_fresh_0072.jpg,fresh,spinach,train
train/fresh/garlic_fresh_0184.jpg,fresh,garlic,train
train/fresh/broccoli_fresh_0116.jpg,fresh,broccoli,train
train/fresh/onion_fresh_0011.jpg,fresh,onion,train
train/fresh/orange_fresh_0143.jpg,fresh,orange,train
train/fresh/banana_fresh_0140.jpg,fresh,banana,train
train/fresh/garlic_fresh_0169.jpg,fresh,garlic,train
train/fresh/onion_fresh_0178.jpg,fresh,onion,train
train/fresh/strawberry_fresh_0194.jpg,fresh,strawberry,train
train/fresh/bell_pepper_fresh_0188.jpg,fresh,bell_pepper,train
train/fresh/carrot_fresh_0077.jpg,fresh,carrot,train
train/fresh/apple_fresh_0181.jpg,fresh,apple,train
train/fresh/potato_fresh_0037.jpg,fresh,potato,train
train/fresh/pear_fresh_0053.jpg,fresh,pear,train
train/fresh/cucumber_fresh_0020.jpg,fresh,cucumber,train
train/fresh/apple_fresh_0000.jpg,fresh,apple,train
train/fresh/onion_fresh_0172.jpg,fresh,onion,train
train/fresh/potato_fresh_0181.jpg,fresh,potato,train
train/fresh/corn_fresh_0127.jpg,fresh,corn,train
train/fresh/pear_fresh_0036.jpg,fresh,pear,train
train/fresh/lemon_fresh_0168.jpg,fresh,lemon,train
train/fresh/bell_pepper_fresh_0044.jpg,fresh,bell_pepper,train
train/fresh/strawberry_fresh_0043.jpg,fresh,strawberry,train
train/fresh/tomato_fresh_0061.jpg,fresh,tomato,train
train/fresh/orange_fresh_0182.jpg,fresh,orange,train
train/fresh/pear_fresh_0104.jpg,fresh,pear,train
train/fresh/pear_fresh_0100.jpg,fresh,pear,train
train/fresh/potato_fresh_0094.jpg,fresh,potato,train
train/fresh/spinach_fresh_0104.jpg,fresh,spinach,train
train/fresh/potato_fresh_0063.jpg,fresh,potato,train
train/fresh/broccoli_fresh_0189.jpg,fresh,broccoli,train
train/fresh/spinach_fresh_0042.jpg,fresh,spinach,train
train/fresh/spinach_fresh_0037.jpg,fresh,spinach,train
train/fresh/apple_fresh_0099.jpg,fresh,apple,train
train/fresh/corn_fresh_0073.jpg,fresh,corn,train
train/fresh/pear_fresh_0047.jpg,fresh,pear,train
train/fresh/broccoli_fresh_0035.jpg,fresh,broccoli,train
train/fresh/pear_fresh_0046.jpg,fresh,pear,train
train/fresh/strawberry_fresh_0189.jpg,fresh,strawberry,train
train/fresh/apple_fresh_0163.jpg,fresh,apple,train
train/fresh/tomato_fresh_0175.jpg,fresh,tomato,train
train/fresh/apple_fresh_0083.jpg,fresh,apple,train
train/fresh/broccoli_fresh_0084.jpg,fresh,broccoli,train
train/fresh/tomato_fresh_0169.jpg,fresh,tomato,train
train/fresh/pear_fresh_0066.jpg,fresh,pear,train
train/fresh/pear_fresh_0188.jpg,fresh,pear,train
train/fresh/pear_fresh_0020.jpg,fresh,pear,train
train/fresh/banana_fresh_0076.jpg,fresh,banana,train
train/fresh/spinach_fresh_0190.jpg,fresh,spinach,train
train/fresh/broccoli_fresh_0140.jpg,fresh,broccoli,train
train/fresh/garlic_fresh_0015.jpg,fresh,garlic,train
train/fresh/apple_fresh_0082.jpg,fresh,apple,train
train/fresh/potato_fresh_0152.jpg,fresh,potato,train
train/fresh/mango_fresh_0110.jpg,fresh,mango,train
train/fresh/peach_fresh_0153.jpg,fresh,peach,train
train/fresh/bell_pepper_fresh_0063.jpg,fresh,bell_pepper,train
train/fresh/apple_fresh_0120.jpg,fresh,apple,train
train/fresh/bell_pepper_fresh_0095.jpg,fresh,bell_pepper,train
train/fresh/broccoli_fresh_0095.jpg,fresh,broccoli,train
train/fresh/pineapple_fresh_0033.jpg,fresh,pineapple,train
train/fresh/peach_fresh_0174.jpg,fresh,peach,train
train/fresh/broccoli_fresh_0112.jpg,fresh,broccoli,train
train/fresh/garlic_fresh_0076.jpg,fresh,garlic,train
train/fresh/peach_fresh_0070.jpg,fresh,peach,train
train/fresh/mango_fresh_0088.jpg,fresh,mango,train
train/fresh/garlic_fresh_0037.jpg,fresh,garlic,train
train/fresh/grapes_fresh_0193.jpg,fresh,grapes,train
train/fresh/peach_fresh_0189.jpg,fresh,peach,train
train/fresh/onion_fresh_0111.jpg,fresh,onion,train
train/fresh/orange_fresh_0192.jpg,fresh,orange,train
train/fresh/pineapple_fresh_0057.jpg,fresh,pineapple,train
train/fresh/pear_fresh_0153.jpg,fresh,pear,train
train/fresh/apple_fresh_0069.jpg,fresh,apple,train
train/fresh/grapes_fresh_0073.jpg,fresh,grapes,train
train/fresh/potato_fresh_0042.jpg,fresh,potato,train
train/fresh/orange_fresh_0180.jpg,fresh,orange,train
train/fresh/cucumber_fresh_0059.jpg,fresh,cucumber,train
train/fresh/mango_fresh_0190.jpg,fresh,mango,train
train/fresh/strawberry_fresh_0001.jpg,fresh,strawberry,train
train/fresh/corn_fresh_0198.jpg,fresh,corn,train
train/fresh/peach_fresh_0111.jpg,fresh,peach,train
train/fresh/pear_fresh_0174.jpg,fresh,pear,train
train/fresh/apple_fresh_0137.jpg,fresh,apple,train
train/fresh/peach_fresh_0165.jpg,fresh,peach,train
train/fresh/banana_fresh_0055.jpg,fresh,banana,train
train/fresh/lemon_fresh_0044.jpg,fresh,lemon,train
train/fresh/mango_fresh_0114.jpg,fresh,mango,train
train/fresh/spinach_fresh_0140.jpg,fresh,spinach,train
train/fresh/bell_pepper_fresh_0055.jpg,fresh,bell_pepper,train
train/fresh/orange_fresh_0106.jpg,fresh,orange,train
train/fresh/corn_fresh_0152.jpg,fresh,corn,train
train/fresh/peach_fresh_0144.jpg,fresh,peach,train
train/fresh/broccoli_fresh_0143.jpg,fresh,broccoli,train
train/fresh/garlic_fresh_0130.jpg,fresh,garlic,train
train/fresh/corn_fresh_0185.jpg,fresh,corn,train
train/fresh/banana_fresh_0133.jpg,fresh,banana,train
train/fresh/garlic_fresh_0056.jpg,fresh,garlic,train
train/fresh/bell_pepper_fresh_0086.jpg,fresh,bell_pepper,train
train/fresh/apple_fresh_0156.jpg,fresh,apple,train
train/fresh/spinach_fresh_0155.jpg,fresh,spinach,train
train/fresh/lemon_fresh_0197.jpg,fresh,lemon,train
train/fresh/spinach_fresh_0153.jpg,fresh,spinach,train
train/fresh/bell_pepper_fresh_0059.jpg,fresh,bell_pepper,train
train/fresh/potato_fresh_0161.jpg,fresh,potato,train
train/fresh/pineapple_fresh_0085.jpg,fresh,pineapple,train
train/fresh/corn_fresh_0177.jpg,fresh,corn,train
train/fresh/apple_fresh_0142.jpg,fresh,apple,train
train/fresh/onion_fresh_0100.jpg,fresh,onion,train
train/fresh/mango_fresh_0068.jpg,fresh,mango,train
train/fresh/grapes_fresh_0187.jpg,fresh,grapes,train
train/fresh/tomato_fresh_0022.jpg,fresh,tomato,train
train/fresh/onion_fresh_0191.jpg,fresh,onion,train
train/fresh/banana_fresh_0131.jpg,fresh,banana,train
train/fresh/corn_fresh_0147.jpg,fresh,corn,train
train/fresh/cucumber_fresh_0194.jpg,fresh,cucumber,train
train/fresh/grapes_fresh_0096.jpg,fresh,grapes,train
train/fresh/orange_fresh_0173.jpg,fresh,orange,train
train/fresh/strawberry_fresh_0136.jpg,fresh,strawberry,train
train/fresh/orange_fresh_0125.jpg,fresh,orange,train
train/fresh/corn_fresh_0137.jpg,fresh,corn,train
train/fresh/apple_fresh_0134.jpg,fresh,apple,train
train/fresh/garlic_fresh_0028.jpg,fresh,garlic,train
train/fresh/grapes_fresh_0175.jpg,fresh,grapes,train
train/fresh/spinach_fresh_0179.jpg,fresh,spinach,train
train/fresh/potato_fresh_0056.jpg,fresh,potato,train
train/fresh/peach_fresh_0032.jpg,fresh,peach,train
train/fresh/garlic_fresh_0008.jpg,fresh,garlic,train
train/fresh/bell_pepper_fresh_0060.jpg,fresh,bell_pepper,train
train/fresh/potato_fresh_0170.jpg,fresh,potato,train
train/fresh/broccoli_fresh_0002.jpg,fresh,broccoli,train
train/fresh/tomato_fresh_0153.jpg,fresh,tomato,train
train/fresh/cucumber_fresh_0025.jpg,fresh,cucumber,train
train/fresh/tomato_fresh_0036.jpg,fresh,tomato,train
train/fresh/spinach_fresh_0091.jpg,fresh,spinach,train
train/fresh/tomato_fresh_0172.jpg,fresh,tomato,train
train/fresh/broccoli_fresh_0076.jpg,fresh,broccoli,train
train/fresh/potato_fresh_0111.jpg,fresh,potato,train
train/fresh/peach_fresh_0183.jpg,fresh,peach,train
train/fresh/pineapple_fresh_0124.jpg,fresh,pineapple,train
train/fresh/pineapple_fresh_0106.jpg,fresh,pineapple,train
train/fresh/banana_fresh_0090.jpg,fresh,banana,train
train/fresh/cucumber_fresh_0061.jpg,fresh,cucumber,train
train/fresh/garlic_fresh_0156.jpg,fresh,garlic,train
train/fresh/bell_pepper_fresh_0074.jpg,fresh,bell_pepper,train
train/fresh/cucumber_fresh_0085.jpg,fresh,cucumber,train
train/fresh/mango_fresh_0065.jpg,fresh,mango,train
train/fresh/peach_fresh_0099.jpg,fresh,peach,train
train/fresh/corn_fresh_0065.jpg,fresh,corn,train
train/fresh/onion_fresh_0037.jpg,fresh,onion,train
train/fresh/apple_fresh_0126.jpg,fresh,apple,train
train/fresh/onion_fresh_0146.jpg,fresh,onion,train
train/fresh/corn_fresh_0146.jpg,fresh,corn,train
train/fresh/garlic_fresh_0020.jpg,fresh,garlic,train
train/fresh/pineapple_fresh_0029.jpg,fresh,pineapple,train
train/fresh/apple_fresh_0026.jpg,fresh,apple,train
train/fresh/lemon_fresh_0021.jpg,fresh,lemon,train
train/fresh/onion_fresh_0060.jpg,fresh,onion,train
train/fresh/orange_fresh_0085.jpg,fresh,orange,train
train/fresh/broccoli_fresh_0155.jpg,fresh,broccoli,train
train/fresh/pineapple_fresh_0089.jpg,fresh,pineapple,train
train/fresh/garlic_fresh_0183.jpg,fresh,garlic,train
train/fresh/pineapple_fresh_0148.jpg,fresh,pineapple,train
train/fresh/peach_fresh_0180.jpg,fresh,peach,train
train/fresh/spinach_fresh_0100.jpg,fresh,spinach,train
train/fresh/onion_fresh_0154.jpg,fresh,onion,train
train/fresh/carrot_fresh_0144.jpg,fresh,carrot,train
train/fresh/lemon_fresh_0118.jpg,fresh,lemon,train
train/fresh/peach_fresh_0073.jpg,fresh,peach,train
train/fresh/tomato_fresh_0182.jpg,fresh,tomato,train
train/fresh/carrot_fresh_0112.jpg,fresh,carrot,train
train/fresh/peach_fresh_0100.jpg,fresh,peach,train
train/fresh/peach_fresh_0003.jpg,fresh,peach,train
train/fresh/pineapple_fresh_0152.jpg,fresh,pineapple,train
train/fresh/orange_fresh_0041.jpg,fresh,orange,train
train/fresh/strawberry_fresh_0058.jpg,fresh,strawberry,train
train/fresh/corn_fresh_0170.jpg,fresh,corn,train
train/fresh/banana_fresh_0142.jpg,fresh,banana,train
train/fresh/spinach_fresh_0039.jpg,fresh,spinach,train
train/fresh/lemon_fresh_0087.jpg,fresh,lemon,train
train/fresh/apple_fresh_0176.jpg,fresh,apple,train
train/fresh/corn_fresh_0183.jpg,fresh,corn,train
train/fresh/orange_fresh_0083.jpg,fresh,orange,train
train/fresh/lemon_fresh_0042.jpg,fresh,lemon,train
train/fresh/orange_fresh_0179.jpg,fresh,orange,train
train/fresh/grapes_fresh_0068.jpg,fresh,grapes,train
train/fresh/strawberry_fresh_0179.jpg,fresh,strawberry,train
train/fresh/carrot_fresh_0133.jpg,fresh,carrot,train
train/fresh/pineapple_fresh_0047.jpg,fresh,pineapple,train
train/fresh/bell_pepper_fresh_0000.jpg,fresh,bell_pepper,train
train/fresh/banana_fresh_0168.jpg,fresh,banana,train
train/fresh/grapes_fresh_0055.jpg,fresh,grapes,train
train/fresh/strawberry_fresh_0145.jpg,fresh,strawberry,train
train/fresh/onion_fresh_0158.jpg,fresh,onion,train
train/fresh/potato_fresh_0126.jpg,fresh,potato,train
train/fresh/spinach_fresh_0121.jpg,fresh,spinach,train
train/fresh/corn_fresh_0040.jpg,fresh,corn,train
train/fresh/banana_fresh_0065.jpg,fresh,banana,train
train/fresh/carrot_fresh_0199.jpg,fresh,carrot,train
train/fresh/lemon_fresh_0191.jpg,fresh,lemon,train
train/fresh/banana_fresh_0089.jpg,fresh,banana,train
train/fresh/strawberry_fresh_0137.jpg,fresh,strawberry,train
train/fresh/orange_fresh_0012.jpg,fresh,orange,train
train/fresh/tomato_fresh_0071.jpg,fresh,tomato,train
train/fresh/banana_fresh_0155.jpg,fresh,banana,train
train/fresh/potato_fresh_0121.jpg,fresh,potato,train
train/fresh/carrot_fresh_0163.jpg,fresh,carrot,train
train/fresh/pineapple_fresh_0003.jpg,fresh,pineapple,train
train/fresh/orange_fresh_0114.jpg,fresh,orange,train
train/fresh/onion_fresh_0006.jpg,fresh,onion,train
train/fresh/garlic_fresh_0097.jpg,fresh,garlic,train
train/fresh/garlic_fresh_0021.jpg,fresh,garlic,train
train/fresh/spinach_fresh_0137.jpg,fresh,spinach,train
train/fresh/pineapple_fresh_0129.jpg,fresh,pineapple,train
train/fresh/corn_fresh_0159.jpg,fresh,corn,train
train/fresh/corn_fresh_0062.jpg,fresh,corn,train
train/fresh/mango_fresh_0042.jpg,fresh,mango,train
train/fresh/tomato_fresh_0019.jpg,fresh,tomato,train
train/fresh/garlic_fresh_0181.jpg,fresh,garlic,train
train/fresh/lemon_fresh_0182.jpg,fresh,lemon,train
train/fresh/bell_pepper_fresh_0123.jpg,fresh,bell_pepper,train
train/fresh/grapes_fresh_0105.jpg,fresh,grapes,train
train/fresh/corn_fresh_0162.jpg,fresh,corn,train
train/fresh/broccoli_fresh_0086.jpg,fresh,broccoli,train
train/fresh/pineapple_fresh_0134.jpg,fresh,pineapple,train
train/fresh/potato_fresh_0067.jpg,fresh,potato,train
train/fresh/grapes_fresh_0146.jpg,fresh,grapes,train
train/fresh/apple_fresh_0096.jpg,fresh,apple,train
train/fresh/orange_fresh_0105.jpg,fresh,orange,train
train/fresh/carrot_fresh_0017.jpg,fresh,carrot,train
train/fresh/peach_fresh_0058.jpg,fresh,peach,train
train/fresh/corn_fresh_0135.jpg,fresh,corn,train
train/fresh/pear_fresh_0003.jpg,fresh,pear,train
train/fresh/corn_fresh_0068.jpg,fresh,corn,train
train/fresh/broccoli_fresh_0053.jpg,fresh,broccoli,train
train/fresh/cucumber_fresh_0094.jpg,fresh,cucumber,train
train/fresh/onion_fresh_0041.jpg,fresh,onion,train
train/fresh/broccoli_fresh_0077.jpg,fresh,broccoli,train
train/fresh/pear_fresh_0078.jpg,fresh,pear,train
train/fresh/bell_pepper_fresh_0052.jpg,fresh,bell_pepper,train
train/fresh/strawberry_fresh_0128.jpg,fresh,strawberry,train
train/fresh/tomato_fresh_0178.jpg,fresh,tomato,train
train/fresh/garlic_fresh_0149.jpg,fresh,garlic,train
train/fresh/peach_fresh_0083.jpg,fresh,peach,train
train/fresh/carrot_fresh_0103.jpg,fresh,carrot,train
train/fresh/carrot_fresh_0002.jpg,fresh,carrot,train
train/fresh/tomato_fresh_0054.jpg,fresh,tomato,train
train/rotten/onion_rotten_0024.jpg,rotten,onion,train
train/rotten/banana_rotten_0123.jpg,rotten,banana,train
train/rotten/lemon_rotten_0094.jpg,rotten,lemon,train
train/rotten/orange_rotten_0161.jpg,rotten,orange,train
train/rotten/grapes_rotten_0125.jpg,rotten,grapes,train
train/rotten/tomato_rotten_0051.jpg,rotten,tomato,train
train/rotten/carrot_rotten_0079.jpg,rotten,carrot,train
train/rotten/corn_rotten_0132.jpg,rotten,corn,train
train/rotten/potato_rotten_0153.jpg,rotten,potato,train
train/rotten/corn_rotten_0000.jpg,rotten,corn,train
train/rotten/cucumber_rotten_0112.jpg,rotten,cucumber,train
train/rotten/peach_rotten_0185.jpg,rotten,peach,train
train/rotten/pineapple_rotten_0158.jpg,rotten,pineapple,train
train/rotten/garlic_rotten_0122.jpg,rotten,garlic,train
train/rotten/strawberry_rotten_0021.jpg,rotten,strawberry,train
train/rotten/carrot_rotten_0121.jpg,rotten,carrot,train
train/rotten/onion_rotten_0099.jpg,rotten,onion,train
train/rotten/peach_rotten_0061.jpg,rotten,peach,train
train/rotten/potato_rotten_0095.jpg,rotten,potato,train
train/rotten/peach_rotten_0147.jpg,rotten,peach,train
train/rotten/broccoli_rotten_0086.jpg,rotten,broccoli,train
train/rotten/banana_rotten_0069.jpg,rotten,banana,train
train/rotten/apple_rotten_0046.jpg,rotten,apple,train
train/rotten/spinach_rotten_0099.jpg,rotten,spinach,train
train/rotten/corn_rotten_0115.jpg,rotten,corn,train
train/rotten/orange_rotten_0176.jpg,rotten,orange,train
train/rotten/onion_rotten_0141.jpg,rotten,onion,train
train/rotten/cucumber_rotten_0070.jpg,rotten,cucumber,train
train/rotten/broccoli_rotten_0115.jpg,rotten,broccoli,train
train/rotten/spinach_rotten_0172.jpg,rotten,spinach,train
train/rotten/peach_rotten_0062.jpg,rotten,peach,train
train/rotten/broccoli_rotten_0178.jpg,rotten,broccoli,train
train/rotten/apple_rotten_0093.jpg,rotten,apple,train
train/rotten/apple_rotten_0149.jpg,rotten,apple,train
train/rotten/cucumber_rotten_0033.jpg,rotten,cucumber,train
train/rotten/garlic_rotten_0044.jpg,rotten,garlic,train
train/rotten/carrot_rotten_0025.jpg,rotten,carrot,train
train/rotten/carrot_rotten_0177.jpg,rotten,carrot,train
train/rotten/spinach_rotten_0051.jpg,rotten,spinach,train
train/rotten/grapes_rotten_0019.jpg,rotten,grapes,train
train/rotten/potato_rotten_0078.jpg,rotten,potato,train
train/rotten/peach_rotten_0135.jpg,rotten,peach,train
train/rotten/tomato_rotten_0148.jpg,rotten,tomato,train
train/rotten/banana_rotten_0198.jpg,rotten,banana,train
train/rotten/potato_rotten_0080.jpg,rotten,potato,train
train/rotten/apple_rotten_0175.jpg,rotten,apple,train
train/rotten/strawberry_rotten_0184.jpg,rotten,strawberry,train
train/rotten/strawberry_rotten_0167.jpg,rotten,strawberry,train
train/rotten/broccoli_rotten_0096.jpg,rotten,broccoli,train
train/rotten/pear_rotten_0169.jpg,rotten,pear,train
train/rotten/apple_rotten_0120.jpg,rotten,apple,train
train/rotten/spinach_rotten_0098.jpg,rotten,spinach,train
train/rotten/banana_rotten_0184.jpg,rotten,banana,train
train/rotten/broccoli_rotten_0191.jpg,rotten,broccoli,train
train/rotten/strawberry_rotten_0141.jpg,rotten,strawberry,train
train/rotten/cucumber_rotten_0082.jpg,rotten,cucumber,train
train/rotten/bell_pepper_rotten_0050.jpg,rotten,bell_pepper,train
train/rotten/potato_rotten_0142.jpg,rotten,potato,train
train/rotten/bell_pepper_rotten_0166.jpg,rotten,bell_pepper,train
train/rotten/broccoli_rotten_0042.jpg,rotten,broccoli,train
train/rotten/carrot_rotten_0092.jpg,rotten,carrot,train
train/rotten/potato_rotten_0140.jpg,rotten,potato,train
train/rotten/onion_rotten_0157.jpg,rotten,onion,train
train/rotten/banana_rotten_0196.jpg,rotten,banana,train
train/rotten/pear_rotten_0067.jpg,rotten,pear,train
train/rotten/tomato_rotten_0020.jpg,rotten,tomato,train
train/rotten/onion_rotten_0010.jpg,rotten,onion,train
train/rotten/banana_rotten_0064.jpg,rotten,banana,train
train/rotten/banana_rotten_0134.jpg,rotten,banana,train
train/rotten/lemon_rotten_0154.jpg,rotten,lemon,train
train/rotten/grapes_rotten_0151.jpg,rotten,grapes,train
train/rotten/pineapple_rotten_0005.jpg,rotten,pineapple,train
train/rotten/orange_rotten_0048.jpg,rotten,orange,train
train/rotten/spinach_rotten_0008.jpg,rotten,spinach,train
train/rotten/pear_rotten_0173.jpg,rotten,pear,train
train/rotten/lemon_rotten_0143.jpg,rotten,lemon,train
train/rotten/strawberry_rotten_0097.jpg,rotten,strawberry,train
train/rotten/orange_rotten_0078.jpg,rotten,orange,train
train/rotten/tomato_rotten_0029.jpg,rotten,tomato,train
train/rotten/apple_rotten_0125.jpg,rotten,apple,train
train/rotten/bell_pepper_rotten_0101.jpg,rotten,bell_pepper,train
train/rotten/bell_pepper_rotten_0161.jpg,rotten,bell_pepper,train
train/rotten/bell_pepper_rotten_0165.jpg,rotten,bell_pepper,train
train/rotten/pineapple_rotten_0065.jpg,rotten,pineapple,train
train/rotten/cucumber_rotten_0013.jpg,rotten,cucumber,train
train/rotten/carrot_rotten_0135.jpg,rotten,carrot,train
train/rotten/pineapple_rotten_0115.jpg,rotten,pineapple,train
train/rotten/mango_rotten_0068.jpg,rotten,mango,train
train/rotten/potato_rotten_0037.jpg,rotten,potato,train
train/rotten/carrot_rotten_0017.jpg,rotten,carrot,train
train/rotten/pear_rotten_0104.jpg,rotten,pear,train
train/rotten/mango_rotten_0049.jpg,rotten,mango,train
train/rotten/grapes_rotten_0023.jpg,rotten,grapes,train
train/rotten/peach_rotten_0168.jpg,rotten,peach,train
train/rotten/grapes_rotten_0084.jpg,rotten,grapes,train
train/rotten/peach_rotten_0143.jpg,rotten,peach,train
train/rotten/pear_rotten_0160.jpg,rotten,pear,train
train/rotten/banana_rotten_0180.jpg,rotten,banana,train
train/rotten/pineapple_rotten_0068.jpg,rotten,pineapple,train
train/rotten/spinach_rotten_0121.jpg,rotten,spinach,train
train/rotten/strawberry_rotten_0041.jpg,rotten,strawberry,train
train/rotten/onion_rotten_0048.jpg,rotten,onion,train
train/rotten/carrot_rotten_0189.jpg,rotten,carrot,train
train/rotten/lemon_rotten_0161.jpg,rotten,lemon,train
train/rotten/broccoli_rotten_0135.jpg,rotten,broccoli,train
train/rotten/mango_rotten_0179.jpg,rotten,mango,train
train/rotten/potato_rotten_0173.jpg,rotten,potato,train
train/rotten/onion_rotten_0195.jpg,rotten,onion,train
train/rotten/tomato_rotten_0056.jpg,rotten,tomato,train
train/rotten/pear_rotten_0055.jpg,rotten,pear,train
train/rotten/orange_rotten_0179.jpg,rotten,orange,train
train/rotten/orange_rotten_0102.jpg,rotten,orange,train
train/rotten/apple_rotten_0101.jpg,rotten,apple,train
train/rotten/tomato_rotten_0109.jpg,rotten,tomato,train
train/rotten/tomato_rotten_0167.jpg,rotten,tomato,train
train/rotten/cucumber_rotten_0176.jpg,rotten,cucumber,train
train/rotten/grapes_rotten_0112.jpg,rotten,grapes,train
train/rotten/banana_rotten_0058.jpg,rotten,banana,train
train/rotten/onion_rotten_0059.jpg,rotten,onion,train
train/rotten/strawberry_rotten_0080.jpg,rotten,strawberry,train
train/rotten/apple_rotten_0171.jpg,rotten,apple,train
train/rotten/broccoli_rotten_0155.jpg,rotten,broccoli,train
train/rotten/tomato_rotten_0019.jpg,rotten,tomato,train
train/rotten/potato_rotten_0081.jpg,rotten,potato,train
train/rotten/potato_rotten_0126.jpg,rotten,potato,train
train/rotten/garlic_rotten_0118.jpg,rotten,garlic,train
train/rotten/lemon_rotten_0054.jpg,rotten,lemon,train
train/rotten/potato_rotten_0183.jpg,rotten,potato,train
train/rotten/onion_rotten_0077.jpg,rotten,onion,train
train/rotten/peach_rotten_0188.jpg,rotten,peach,train
train/rotten/grapes_rotten_0197.jpg,rotten,grapes,train
train/rotten/pear_rotten_0021.jpg,rotten,pear,train
train/rotten/orange_rotten_0181.jpg,rotten,orange,train
train/rotten/tomato_rotten_0097.jpg,rotten,tomato,train
train/rotten/bell_pepper_rotten_0064.jpg,rotten,bell_pepper,train
train/rotten/spinach_rotten_0192.jpg,rotten,spinach,train
train/rotten/bell_pepper_rotten_0072.jpg,rotten,bell_pepper,train
train/rotten/corn_rotten_0086.jpg,rotten,corn,train
train/rotten/pineapple_rotten_0127.jpg,rotten,pineapple,train
train/rotten/grapes_rotten_0158.jpg,rotten,grapes,train
train/rotten/grapes_rotten_0072.jpg,rotten,grapes,train
train/rotten/pear_rotten_0136.jpg,rotten,pear,train
train/rotten/cucumber_rotten_0181.jpg,rotten,cucumber,train
train/rotten/peach_rotten_0003.jpg,rotten,peach,train
train/rotten/orange_rotten_0110.jpg,rotten,orange,train
train/rotten/bell_pepper_rotten_0177.jpg,rotten,bell_pepper,train
train/rotten/grapes_rotten_0007.jpg,rotten,grapes,train
train/rotten/corn_rotten_0127.jpg,rotten,corn,train
train/rotten/lemon_rotten_0153.jpg,rotten,lemon,train
train/rotten/lemon_rotten_0160.jpg,rotten,lemon,train
train/rotten/carrot_rotten_0069.jpg,rotten,carrot,train
train/rotten/tomato_rotten_0126.jpg,rotten,tomato,train
train/rotten/bell_pepper_rotten_0073.jpg,rotten,bell_pepper,train
train/rotten/banana_rotten_0062.jpg,rotten,banana,train
train/rotten/bell_pepper_rotten_0105.jpg,rotten,bell_pepper,train
train/rotten/potato_rotten_0031.jpg,rotten,potato,train
train/rotten/banana_rotten_0007.jpg,rotten,banana,train
train/rotten/onion_rotten_0192.jpg,rotten,onion,train
train/rotten/lemon_rotten_0102.jpg,rotten,lemon,train
train/rotten/spinach_rotten_0033.jpg,rotten,spinach,train
train/rotten/potato_rotten_0124.jpg,rotten,potato,train
train/rotten/strawberry_rotten_0051.jpg,rotten,strawberry,train
train/rotten/banana_rotten_0131.jpg,rotten,banana,train
train/rotten/broccoli_rotten_0015.jpg,rotten,broccoli,train
train/rotten/broccoli_rotten_0108.jpg,rotten,broccoli,train
train/rotten/cucumber_rotten_0031.jpg,rotten,cucumber,train
train/rotten/lemon_rotten_0088.jpg,rotten,lemon,train
train/rotten/pear_rotten_0037.jpg,rotten,pear,train
train/rotten/tomato_rotten_0043.jpg,rotten,tomato,train
train/rotten/pear_rotten_0068.jpg,rotten,pear,train
train/rotten/tomato_rotten_0103.jpg,rotten,tomato,train
train/rotten/apple_rotten_0092.jpg,rotten,apple,train
train/rotten/strawberry_rotten_0105.jpg,rotten,strawberry,train
train/rotten/peach_rotten_0082.jpg,rotten,peach,train
train/rotten/lemon_rotten_0195.jpg,rotten,lemon,train
train/rotten/peach_rotten_0042.jpg,rotten,peach,train
train/rotten/corn_rotten_0009.jpg,rotten,corn,train
train/rotten/strawberry_rotten_0042.jpg,rotten,strawberry,train
train/rotten/onion_rotten_0021.jpg,rotten,onion,train
train/rotten/pineapple_rotten_0042.jpg,rotten,pineapple,train
train/rotten/tomato_rotten_0189.jpg,rotten,tomato,train
train/rotten/cucumber_rotten_0108.jpg,rotten,cucumber,train
train/rotten/pear_rotten_0174.jpg,rotten,pear,train
train/rotten/corn_rotten_0034.jpg,rotten,corn,train
train/rotten/corn_rotten_0042.jpg,rotten,corn,train
train/rotten/garlic_rotten_0022.jpg,rotten,garlic,train
train/rotten/bell_pepper_rotten_0011.jpg,rotten,bell_pepper,train
train/rotten/lemon_rotten_0020.jpg,rotten,lemon,train
train/rotten/cucumber_rotten_0032.jpg,rotten,cucumber,train
train/rotten/pear_rotten_0038.jpg,rotten,pear,train
train/rotten/garlic_rotten_0028.jpg,rotten,garlic,train
train/rotten/pineapple_rotten_0036.jpg,rotten,pineapple,train
train/rotten/apple_rotten_0036.jpg,rotten,apple,train
train/rotten/mango_rotten_0121.jpg,rotten,mango,train
train/rotten/potato_rotten_0064.jpg,rotten,potato,train
train/rotten/pineapple_rotten_0092.jpg,rotten,pineapple,train
train/rotten/pineapple_rotten_0071.jpg,rotten,pineapple,train
train/rotten/bell_pepper_rotten_0181.jpg,rotten,bell_pepper,train
train/rotten/mango_rotten_0130.jpg,rotten,mango,train
train/rotten/peach_rotten_0093.jpg,rotten,peach,train
train/rotten/cucumber_rotten_0107.jpg,rotten,cucumber,train
train/rotten/pear_rotten_0078.jpg,rotten,pear,train
train/rotten/garlic_rotten_0126.jpg,rotten,garlic,train
train/rotten/carrot_rotten_0038.jpg,rotten,carrot,train
train/rotten/orange_rotten_0128.jpg,rotten,orange,train
train/rotten/grapes_rotten_0077.jpg,rotten,grapes,train
train/rotten/pineapple_rotten_0028.jpg,rotten,pineapple,train
train/rotten/cucumber_rotten_0051.jpg,rotten,cucumber,train
train/rotten/onion_rotten_0003.jpg,rotten,onion,train
train/rotten/grapes_rotten_0141.jpg,rotten,grapes,train
train/rotten/potato_rotten_0111.jpg,rotten,potato,train
train/rotten/tomato_rotten_0192.jpg,rotten,tomato,train
train/rotten/grapes_rotten_0002.jpg,rotten,grapes,train
train/rotten/lemon_rotten_0005.jpg,rotten,lemon,train
train/rotten/pear_rotten_0125.jpg,rotten,pear,train
train/rotten/peach_rotten_0026.jpg,rotten,peach,train
train/rotten/carrot_rotten_0020.jpg,rotten,carrot,train
train/rotten/tomato_rotten_0027.jpg,rotten,tomato,train
train/rotten/potato_rotten_0000.jpg,rotten,potato,train
train/rotten/carrot_rotten_0182.jpg,rotten,carrot,train
train/rotten/grapes_rotten_0082.jpg,rotten,grapes,train
train/rotten/lemon_rotten_0178.jpg,rotten,lemon,train
train/rotten/carrot_rotten_0160.jpg,rotten,carrot,train
train/rotten/potato_rotten_0090.jpg,rotten,potato,train
train/rotten/cucumber_rotten_0152.jpg,rotten,cucumber,train
train/rotten/peach_rotten_0190.jpg,rotten,peach,train
train/rotten/bell_pepper_rotten_0163.jpg,rotten,bell_pepper,train
train/rotten/corn_rotten_0138.jpg,rotten,corn,train
train/rotten/onion_rotten_0060.jpg,rotten,onion,train
train/rotten/lemon_rotten_0092.jpg,rotten,lemon,train
train/rotten/pear_rotten_0004.jpg,rotten,pear,train
train/rotten/spinach_rotten_0104.jpg,rotten,spinach,train
train/rotten/spinach_rotten_0096.jpg,rotten,spinach,train
train/rotten/broccoli_rotten_0058.jpg,rotten,broccoli,train
train/rotten/pear_rotten_0095.jpg,rotten,pear,train
train/rotten/tomato_rotten_0150.jpg,rotten,tomato,train
train/rotten/mango_rotten_0115.jpg,rotten,mango,train
train/rotten/broccoli_rotten_0032.jpg,rotten,broccoli,train
train/rotten/mango_rotten_0074.jpg,rotten,mango,train
train/rotten/strawberry_rotten_0022.jpg,rotten,strawberry,train
train/rotten/bell_pepper_rotten_0068.jpg,rotten,bell_pepper,train
train/rotten/strawberry_rotten_0036.jpg,rotten,strawberry,train
train/rotten/peach_rotten_0071.jpg,rotten,peach,train
train/rotten/strawberry_rotten_0052.jpg,rotten,strawberry,train
train/rotten/apple_rotten_0044.jpg,rotten,apple,train
train/rotten/mango_rotten_0104.jpg,rotten,mango,train
train/rotten/tomato_rotten_0110.jpg,rotten,tomato,train
train/rotten/broccoli_rotten_0026.jpg,rotten,broccoli,train
train/rotten/spinach_rotten_0078.jpg,rotten,spinach,train
train/rotten/potato_rotten_0101.jpg,rotten,potato,train
train/rotten/onion_rotten_0097.jpg,rotten,onion,train
train/rotten/broccoli_rotten_0157.jpg,rotten,broccoli,train
train/rotten/onion_rotten_0179.jpg,rotten,onion,train
train/rotten/orange_rotten_0120.jpg,rotten,orange,train
train/rotten/garlic_rotten_0083.jpg,rotten,garlic,train
train/rotten/pineapple_rotten_0060.jpg,rotten,pineapple,train
train/rotten/peach_rotten_0013.jpg,rotten,peach,train
train/rotten/cucumber_rotten_0139.jpg,rotten,cucumber,train
train/rotten/grapes_rotten_0070.jpg,rotten,grapes,train
train/rotten/mango_rotten_0147.jpg,rotten,mango,train
train/rotten/corn_rotten_0078.jpg,rotten,corn,train
train/rotten/peach_rotten_0012.jpg,rotten,peach,train
train/rotten/carrot_rotten_0119.jpg,rotten,carrot,train
train/rotten/spinach_rotten_0016.jpg,rotten,spinach,train
train/rotten/pear_rotten_0018.jpg,rotten,pear,train
train/rotten/orange_rotten_0124.jpg,rotten,orange,train
train/rotten/strawberry_rotten_0090.jpg,rotten,strawberry,train
train/rotten/garlic_rotten_0146.jpg,rotten,garlic,train
train/rotten/carrot_rotten_0096.jpg,rotten,carrot,train
train/rotten/mango_rotten_0194.jpg,rotten,mango,train
train/rotten/tomato_rotten_0005.jpg,rotten,tomato,train
train/rotten/onion_rotten_0000.jpg,rotten,onion,train
train/rotten/spinach_rotten_0054.jpg,rotten,spinach,train
train/rotten/potato_rotten_0165.jpg,rotten,potato,train
train/rotten/mango_rotten_0018.jpg,rotten,mango,train
train/rotten/grapes_rotten_0034.jpg,rotten,grapes,train
train/rotten/strawberry_rotten_0122.jpg,rotten,strawberry,train
train/rotten/peach_rotten_0079.jpg,rotten,peach,train
train/rotten/strawberry_rotten_0129.jpg,rotten,strawberry,train
train/rotten/onion_rotten_0014.jpg,rotten,onion,train
train/rotten/peach_rotten_0144.jpg,rotten,peach,train
train/rotten/corn_rotten_0090.jpg,rotten,corn,train
train/rotten/broccoli_rotten_0179.jpg,rotten,broccoli,train
train/rotten/pineapple_rotten_0183.jpg,rotten,pineapple,train
train/rotten/onion_rotten_0196.jpg,rotten,onion,train
train/rotten/pineapple_rotten_0086.jpg,rotten,pineapple,train
train/rotten/cucumber_rotten_0150.jpg,rotten,cucumber,train
train/rotten/strawberry_rotten_0147.jpg,rotten,strawberry,train
train/rotten/pineapple_rotten_0018.jpg,rotten,pineapple,train
train/rotten/garlic_rotten_0006.jpg,rotten,garlic,train
train/rotten/strawberry_rotten_0008.jpg,rotten,strawberry,train
train/rotten/grapes_rotten_0124.jpg,rotten,grapes,train
train/rotten/banana_rotten_0128.jpg,rotten,banana,train
train/rotten/broccoli_rotten_0012.jpg,rotten,broccoli,train
train/rotten/broccoli_rotten_0023.jpg,rotten,broccoli,train
train/rotten/broccoli_rotten_0161.jpg,rotten,broccoli,train
train/rotten/cucumber_rotten_0133.jpg,rotten,cucumber,train
train/rotten/grapes_rotten_0148.jpg,rotten,grapes,train
train/rotten/peach_rotten_0108.jpg,rotten,peach,train
train/rotten/tomato_rotten_0098.jpg,rotten,tomato,train
train/rotten/peach_rotten_0199.jpg,rotten,peach,train
train/rotten/potato_rotten_0129.jpg,rotten,potato,train
train/rotten/lemon_rotten_0125.jpg,rotten,lemon,train
train/rotten/potato_rotten_0123.jpg,rotten,potato,train
train/rotten/apple_rotten_0015.jpg,rotten,apple,train
train/rotten/mango_rotten_0023.jpg,rotten,mango,train
train/rotten/spinach_rotten_0193.jpg,rotten,spinach,train
train/rotten/lemon_rotten_0093.jpg,rotten,lemon,train
train/rotten/spinach_rotten_0111.jpg,rotten,spinach,train
train/rotten/banana_rotten_0013.jpg,rotten,banana,train
train/rotten/carrot_rotten_0167.jpg,rotten,carrot,train
train/rotten/spinach_rotten_0140.jpg,rotten,spinach,train
train/rotten/tomato_rotten_0017.jpg,rotten,tomato,train
train/rotten/peach_rotten_0070.jpg,rotten,peach,train
train/rotten/carrot_rotten_0049.jpg,rotten,carrot,train
train/rotten/cucumber_rotten_0170.jpg,rotten,cucumber,train
train/rotten/broccoli_rotten_0160.jpg,rotten,broccoli,train
train/rotten/peach_rotten_0090.jpg,rotten,peach,train
train/rotten/grapes_rotten_0122.jpg,rotten,grapes,train
train/rotten/cucumber_rotten_0080.jpg,rotten,cucumber,train
train/rotten/garlic_rotten_0050.jpg,rotten,garlic,train
train/rotten/bell_pepper_rotten_0198.jpg,rotten,bell_pepper,train
train/rotten/broccoli_rotten_0011.jpg,rotten,broccoli,train
train/rotten/orange_rotten_0129.jpg,rotten,orange,train
train/rotten/carrot_rotten_0088.jpg,rotten,carrot,train
train/rotten/spinach_rotten_0077.jpg,rotten,spinach,train
train/rotten/orange_rotten_0023.jpg,rotten,orange,train
train/rotten/lemon_rotten_0194.jpg,rotten,lemon,train
train/rotten/peach_rotten_0057.jpg,rotten,peach,train
train/rotten/pear_rotten_0119.jpg,rotten,pear,train
train/rotten/grapes_rotten_0118.jpg,rotten,grapes,train
train/rotten/cucumber_rotten_0010.jpg,rotten,cucumber,train
train/rotten/orange_rotten_0012.jpg,rotten,orange,train
train/rotten/pineapple_rotten_0106.jpg,rotten,pineapple,train
train/rotten/grapes_rotten_0091.jpg,rotten,grapes,train
train/rotten/spinach_rotten_0095.jpg,rotten,spinach,train
train/rotten/corn_rotten_0037.jpg,rotten,corn,train
train/rotten/tomato_rotten_0141.jpg,rotten,tomato,train
train/rotten/tomato_rotten_0025.jpg,rotten,tomato,train
train/rotten/mango_rotten_0032.jpg,rotten,mango,train
train/rotten/apple_rotten_0032.jpg,rotten,apple,train
train/rotten/onion_rotten_0112.jpg,rotten,onion,train
train/rotten/lemon_rotten_0155.jpg,rotten,lemon,train
train/rotten/carrot_rotten_0000.jpg,rotten,carrot,train
train/rotten/onion_rotten_0068.jpg,rotten,onion,train
train/rotten/carrot_rotten_0127.jpg,rotten,carrot,train
train/rotten/strawberry_rotten_0094.jpg,rotten,strawberry,train
train/rotten/onion_rotten_0029.jpg,rotten,onion,train
train/rotten/cucumber_rotten_0128.jpg,rotten,cucumber,train
train/rotten/bell_pepper_rotten_0142.jpg,rotten,bell_pepper,train
train/rotten/peach_rotten_0192.jpg,rotten,peach,train
train/rotten/peach_rotten_0066.jpg,rotten,peach,train
train/rotten/cucumber_rotten_0165.jpg,rotten,cucumber,train
train/rotten/cucumber_rotten_0018.jpg,rotten,cucumber,train
train/rotten/lemon_rotten_0122.jpg,rotten,lemon,train
train/rotten/grapes_rotten_0048.jpg,rotten,grapes,train
train/rotten/lemon_rotten_0106.jpg,rotten,lemon,train
train/rotten/potato_rotten_0022.jpg,rotten,potato,train
train/rotten/strawberry_rotten_0043.jpg,rotten,strawberry,train
train/rotten/potato_rotten_0089.jpg,rotten,potato,train
train/rotten/garlic_rotten_0058.jpg,rotten,garlic,train
train/rotten/grapes_rotten_0032.jpg,rotten,grapes,train
train/rotten/mango_rotten_0143.jpg,rotten,mango,train
train/rotten/banana_rotten_0183.jpg,rotten,banana,train
train/rotten/bell_pepper_rotten_0044.jpg,rotten,bell_pepper,train
train/rotten/banana_rotten_0076.jpg,rotten,banana,train
train/rotten/banana_rotten_0119.jpg,rotten,banana,train
train/rotten/strawberry_rotten_0137.jpg,rotten,strawberry,train
train/rotten/lemon_rotten_0078.jpg,rotten,lemon,train
train/rotten/pear_rotten_0195.jpg,rotten,pear,train
train/rotten/tomato_rotten_0057.jpg,rotten,tomato,train
train/rotten/banana_rotten_0161.jpg,rotten,banana,train
train/rotten/onion_rotten_0177.jpg,rotten,onion,train
train/rotten/carrot_rotten_0061.jpg,rotten,carrot,train
train/rotten/spinach_rotten_0011.jpg,rotten,spinach,train
train/rotten/cucumber_rotten_0151.jpg,rotten,cucumber,train
train/rotten/carrot_rotten_0070.jpg,rotten,carrot,train
train/rotten/potato_rotten_0147.jpg,rotten,potato,train
train/rotten/pineapple_rotten_0035.jpg,rotten,pineapple,train
train/rotten/lemon_rotten_0058.jpg,rotten,lemon,train
train/rotten/potato_rotten_0178.jpg,rotten,potato,train
train/rotten/potato_rotten_0003.jpg,rotten,potato,train
train/rotten/tomato_rotten_0107.jpg,rotten,tomato,train
train/rotten/banana_rotten_0136.jpg,rotten,banana,train
train/rotten/broccoli_rotten_0043.jpg,rotten,broccoli,train
train/rotten/peach_rotten_0060.jpg,rotten,peach,train
train/rotten/tomato_rotten_0195.jpg,rotten,tomato,train
train/rotten/tomato_rotten_0137.jpg,rotten,tomato,train
train/rotten/potato_rotten_0009.jpg,rotten,potato,train
train/rotten/strawberry_rotten_0197.jpg,rotten,strawberry,train
train/rotten/spinach_rotten_0184.jpg,rotten,spinach,train
train/rotten/lemon_rotten_0001.jpg,rotten,lemon,train
train/rotten/corn_rotten_0087.jpg,rotten,corn,train
train/rotten/tomato_rotten_0002.jpg,rotten,tomato,train
train/rotten/carrot_rotten_0194.jpg,rotten,carrot,train
train/rotten/mango_rotten_0079.jpg,rotten,mango,train
train/rotten/broccoli_rotten_0091.jpg,rotten,broccoli,train
train/rotten/banana_rotten_0154.jpg,rotten,banana,train
train/rotten/orange_rotten_0106.jpg,rotten,orange,train
train/rotten/banana_rotten_0072.jpg,rotten,banana,train
train/rotten/strawberry_rotten_0046.jpg,rotten,strawberry,train
train/rotten/strawberry_rotten_0177.jpg,rotten,strawberry,train
train/rotten/carrot_rotten_0014.jpg,rotten,carrot,train
train/rotten/pineapple_rotten_0009.jpg,rotten,pineapple,train
train/rotten/tomato_rotten_0140.jpg,rotten,tomato,train
train/rotten/apple_rotten_0127.jpg,rotten,apple,train
train/rotten/spinach_rotten_0000.jpg,rotten,spinach,train
train/rotten/bell_pepper_rotten_0085.jpg,rotten,bell_pepper,train
train/rotten/pineapple_rotten_0057.jpg,rotten,pineapple,train
train/rotten/strawberry_rotten_0106.jpg,rotten,strawberry,train
train/rotten/spinach_rotten_0005.jpg,rotten,spinach,train
train/rotten/broccoli_rotten_0113.jpg,rotten,broccoli,train
train/rotten/cucumber_rotten_0103.jpg,rotten,cucumber,train
train/rotten/potato_rotten_0062.jpg,rotten,potato,train
train/rotten/apple_rotten_0033.jpg,rotten,apple,train
train/rotten/pear_rotten_0170.jpg,rotten,pear,train
train/rotten/strawberry_rotten_0058.jpg,rotten,strawberry,train
train/rotten/bell_pepper_rotten_0023.jpg,rotten,bell_pepper,train
train/rotten/mango_rotten_0136.jpg,rotten,mango,train
train/rotten/apple_rotten_0094.jpg,rotten,apple,train
train/rotten/strawberry_rotten_0102.jpg,rotten,strawberry,train
train/rotten/bell_pepper_rotten_0065.jpg,rotten,bell_pepper,train
train/rotten/tomato_rotten_0092.jpg,rotten,tomato,train
train/rotten/cucumber_rotten_0179.jpg,rotten,cucumber,train
train/rotten/broccoli_rotten_0101.jpg,rotten,broccoli,train
train/rotten/cucumber_rotten_0143.jpg,rotten,cucumber,train
train/rotten/mango_rotten_0173.jpg,rotten,mango,train
train/rotten/potato_rotten_0032.jpg,rotten,potato,train
train/rotten/pear_rotten_0135.jpg,rotten,pear,train
train/rotten/orange_rotten_0046.jpg,rotten,orange,train
train/rotten/pear_rotten_0049.jpg,rotten,pear,train
train/rotten/bell_pepper_rotten_0109.jpg,rotten,bell_pepper,train
train/rotten/pear_rotten_0019.jpg,rotten,pear,train
train/rotten/mango_rotten_0118.jpg,rotten,mango,train
train/rotten/spinach_rotten_0037.jpg,rotten,spinach,train
train/rotten/carrot_rotten_0086.jpg,rotten,carrot,train
train/rotten/potato_rotten_0012.jpg,rotten,potato,train
train/rotten/pear_rotten_0187.jpg,rotten,pear,train
train/rotten/pineapple_rotten_0055.jpg,rotten,pineapple,train
train/rotten/mango_rotten_0028.jpg,rotten,mango,train
train/rotten/banana_rotten_0160.jpg,rotten,banana,train
train/rotten/cucumber_rotten_0061.jpg,rotten,cucumber,train
train/rotten/tomato_rotten_0139.jpg,rotten,tomato,train
train/rotten/tomato_rotten_0187.jpg,rotten,tomato,train
train/rotten/mango_rotten_0033.jpg,rotten,mango,train
train/rotten/spinach_rotten_0177.jpg,rotten,spinach,train
train/rotten/bell_pepper_rotten_0173.jpg,rotten,bell_pepper,train
train/rotten/spinach_rotten_0081.jpg,rotten,spinach,train
train/rotten/cucumber_rotten_0017.jpg,rotten,cucumber,train
train/rotten/mango_rotten_0182.jpg,rotten,mango,train
train/rotten/potato_rotten_0187.jpg,rotten,potato,train
train/rotten/peach_rotten_0024.jpg,rotten,peach,train
train/rotten/pear_rotten_0093.jpg,rotten,pear,train
train/rotten/orange_rotten_0193.jpg,rotten,orange,train
train/rotten/grapes_rotten_0154.jpg,rotten,grapes,train
train/rotten/mango_rotten_0135.jpg,rotten,mango,train
train/rotten/broccoli_rotten_0110.jpg,rotten,broccoli,train
train/rotten/apple_rotten_0089.jpg,rotten,apple,train
train/rotten/lemon_rotten_0192.jpg,rotten,lemon,train
train/rotten/corn_rotten_0190.jpg,rotten,corn,train
train/rotten/peach_rotten_0055.jpg,rotten,peach,train
train/rotten/onion_rotten_0168.jpg,rotten,onion,train
train/rotten/spinach_rotten_0129.jpg,rotten,spinach,train
train/rotten/onion_rotten_0142.jpg,rotten,onion,train
train/rotten/peach_rotten_0115.jpg,rotten,peach,train
train/rotten/mango_rotten_0016.jpg,rotten,mango,train
train/rotten/tomato_rotten_0014.jpg,rotten,tomato,train
train/rotten/banana_rotten_0155.jpg,rotten,banana,train
train/rotten/bell_pepper_rotten_0019.jpg,rotten,bell_pepper,train
train/rotten/cucumber_rotten_0172.jpg,rotten,cucumber,train
train/rotten/spinach_rotten_0136.jpg,rotten,spinach,train
train/rotten/corn_rotten_0063.jpg,rotten,corn,train
train/rotten/corn_rotten_0112.jpg,rotten,corn,train
train/rotten/strawberry_rotten_0060.jpg,rotten,strawberry,train
train/rotten/potato_rotten_0069.jpg,rotten,potato,train
train/rotten/grapes_rotten_0117.jpg,rotten,grapes,train
train/rotten/corn_rotten_0017.jpg,rotten,corn,train
train/rotten/cucumber_rotten_0090.jpg,rotten,cucumber,train
train/rotten/peach_rotten_0153.jpg,rotten,peach,train
train/rotten/peach_rotten_0008.jpg,rotten,peach,train
train/rotten/mango_rotten_0022.jpg,rotten,mango,train
train/rotten/onion_rotten_0167.jpg,rotten,onion,train
train/rotten/broccoli_rotten_0009.jpg,rotten,broccoli,train
train/rotten/strawberry_rotten_0172.jpg,rotten,strawberry,train
train/rotten/tomato_rotten_0108.jpg,rotten,tomato,train
train/rotten/broccoli_rotten_0137.jpg,rotten,broccoli,train
train/rotten/potato_rotten_0051.jpg,rotten,potato,train
train/rotten/apple_rotten_0146.jpg,rotten,apple,train
train/rotten/pear_rotten_0114.jpg,rotten,pear,train
train/rotten/banana_rotten_0086.jpg,rotten,banana,train
train/rotten/cucumber_rotten_0063.jpg,rotten,cucumber,train
train/rotten/strawberry_rotten_0071.jpg,rotten,strawberry,train
train/rotten/bell_pepper_rotten_0054.jpg,rotten,bell_pepper,train
train/rotten/cucumber_rotten_0138.jpg,rotten,cucumber,train
train/rotten/spinach_rotten_0074.jpg,rotten,spinach,train
train/rotten/apple_rotten_0008.jpg,rotten,apple,train
train/rotten/tomato_rotten_0000.jpg,rotten,tomato,train
train/rotten/lemon_rotten_0074.jpg,rotten,lemon,train
train/rotten/peach_rotten_0187.jpg,rotten,peach,train
train/rotten/potato_rotten_0166.jpg,rotten,potato,train
train/rotten/potato_rotten_0167.jpg,rotten,potato,train
train/rotten/pear_rotten_0065.jpg,rotten,pear,train
train/rotten/corn_rotten_0104.jpg,rotten,corn,train
train/rotten/broccoli_rotten_0016.jpg,rotten,broccoli,train
train/rotten/corn_rotten_0133.jpg,rotten,corn,train
train/rotten/apple_rotten_0024.jpg,rotten,apple,train
train/rotten/onion_rotten_0063.jpg,rotten,onion,train
train/rotten/garlic_rotten_0140.jpg,rotten,garlic,train
train/rotten/tomato_rotten_0154.jpg,rotten,tomato,train
train/rotten/carrot_rotten_0008.jpg,rotten,carrot,train
train/rotten/spinach_rotten_0100.jpg,rotten,spinach,train
train/rotten/potato_rotten_0175.jpg,rotten,potato,train
train/rotten/spinach_rotten_0168.jpg,rotten,spinach,train
train/rotten/carrot_rotten_0141.jpg,rotten,carrot,train
train/rotten/pineapple_rotten_0181.jpg,rotten,pineapple,train
train/rotten/cucumber_rotten_0074.jpg,rotten,cucumber,train
train/rotten/potato_rotten_0150.jpg,rotten,potato,train
train/rotten/onion_rotten_0178.jpg,rotten,onion,train
train/rotten/mango_rotten_0064.jpg,rotten,mango,train
train/rotten/strawberry_rotten_0049.jpg,rotten,strawberry,train
train/rotten/onion_rotten_0073.jpg,rotten,onion,train
train/rotten/cucumber_rotten_0194.jpg,rotten,cucumber,train
train/rotten/pear_rotten_0001.jpg,rotten,pear,train
train/rotten/garlic_rotten_0104.jpg,rotten,garlic,train
train/rotten/orange_rotten_0118.jpg,rotten,orange,train
train/rotten/lemon_rotten_0013.jpg,rotten,lemon,train
train/rotten/corn_rotten_0196.jpg,rotten,corn,train
train/rotten/cucumber_rotten_0098.jpg,rotten,cucumber,train
train/rotten/bell_pepper_rotten_0169.jpg,rotten,bell_pepper,train
train/rotten/garlic_rotten_0103.jpg,rotten,garlic,train
train/rotten/spinach_rotten_0164.jpg,rotten,spinach,train
train/rotten/pear_rotten_0076.jpg,rotten,pear,train
train/rotten/garlic_rotten_0039.jpg,rotten,garlic,train
train/rotten/onion_rotten_0135.jpg,rotten,onion,train
train/rotten/bell_pepper_rotten_0049.jpg,rotten,bell_pepper,train
train/rotten/lemon_rotten_0062.jpg,rotten,lemon,train
train/rotten/lemon_rotten_0019.jpg,rotten,lemon,train
train/rotten/carrot_rotten_0028.jpg,rotten,carrot,train
train/rotten/corn_rotten_0143.jpg,rotten,corn,train
train/rotten/spinach_rotten_0163.jpg,rotten,spinach,train
train/rotten/corn_rotten_0124.jpg,rotten,corn,train
train/rotten/peach_rotten_0180.jpg,rotten,peach,train
train/rotten/pineapple_rotten_0126.jpg,rotten,pineapple,train
train/rotten/garlic_rotten_0174.jpg,rotten,garlic,train
train/rotten/mango_rotten_0094.jpg,rotten,mango,train
train/rotten/potato_rotten_0066.jpg,rotten,potato,train
train/rotten/strawberry_rotten_0073.jpg,rotten,strawberry,train
train/rotten/broccoli_rotten_0020.jpg,rotten,broccoli,train
train/rotten/grapes_rotten_0090.jpg,rotten,grapes,train
train/rotten/lemon_rotten_0084.jpg,rotten,lemon,train
train/rotten/onion_rotten_0188.jpg,rotten,onion,train
train/rotten/carrot_rotten_0095.jpg,rotten,carrot,train
train/rotten/broccoli_rotten_0055.jpg,rotten,broccoli,train
train/rotten/mango_rotten_0045.jpg,rotten,mango,train
train/rotten/lemon_rotten_0039.jpg,rotten,lemon,train
train/rotten/grapes_rotten_0053.jpg,rotten,grapes,train
train/rotten/grapes_rotten_0066.jpg,rotten,grapes,train
train/rotten/bell_pepper_rotten_0149.jpg,rotten,bell_pepper,train
train/rotten/lemon_rotten_0169.jpg,rotten,lemon,train
train/rotten/garlic_rotten_0004.jpg,rotten,garlic,train
train/rotten/bell_pepper_rotten_0104.jpg,rotten,bell_pepper,train
train/rotten/onion_rotten_0038.jpg,rotten,onion,train
train/rotten/potato_rotten_0196.jpg,rotten,potato,train
train/rotten/potato_rotten_0065.jpg,rotten,potato,train
train/rotten/potato_rotten_0034.jpg,rotten,potato,train
train/rotten/pineapple_rotten_0118.jpg,rotten,pineapple,train
train/rotten/tomato_rotten_0130.jpg,rotten,tomato,train
train/rotten/pear_rotten_0110.jpg,rotten,pear,train
train/rotten/carrot_rotten_0171.jpg,rotten,carrot,train
train/rotten/lemon_rotten_0168.jpg,rotten,lemon,train
train/rotten/potato_rotten_0160.jpg,rotten,potato,train
train/rotten/banana_rotten_0059.jpg,rotten,banana,train
train/rotten/lemon_rotten_0176.jpg,rotten,lemon,train
train/rotten/cucumber_rotten_0166.jpg,rotten,cucumber,train
train/rotten/bell_pepper_rotten_0081.jpg,rotten,bell_pepper,train
train/rotten/mango_rotten_0154.jpg,rotten,mango,train
train/rotten/garlic_rotten_0130.jpg,rotten,garlic,train
train/rotten/cucumber_rotten_0030.jpg,rotten,cucumber,train
train/rotten/grapes_rotten_0156.jpg,rotten,grapes,train
train/rotten/garlic_rotten_0057.jpg,rotten,garlic,train
train/rotten/pear_rotten_0194.jpg,rotten,pear,train
train/rotten/pineapple_rotten_0023.jpg,rotten,pineapple,train
train/rotten/strawberry_rotten_0124.jpg,rotten,strawberry,train
train/rotten/potato_rotten_0030.jpg,rotten,potato,train
train/rotten/onion_rotten_0069.jpg,rotten,onion,train
train/rotten/onion_rotten_0152.jpg,rotten,onion,train
train/rotten/orange_rotten_0000.jpg,rotten,orange,train
train/rotten/orange_rotten_0032.jpg,rotten,orange,train
train/rotten/peach_rotten_0046.jpg,rotten,peach,train
train/rotten/strawberry_rotten_0054.jpg,rotten,strawberry,train
train/rotten/tomato_rotten_0135.jpg,rotten,tomato,train
train/rotten/potato_rotten_0046.jpg,rotten,potato,train
train/rotten/potato_rotten_0058.jpg,rotten,potato,train
train/rotten/corn_rotten_0187.jpg,rotten,corn,train
train/rotten/cucumber_rotten_0175.jpg,rotten,cucumber,train
train/rotten/broccoli_rotten_0019.jpg,rotten,broccoli,train
train/rotten/banana_rotten_0117.jpg,rotten,banana,train
train/rotten/mango_rotten_0180.jpg,rotten,mango,train
train/rotten/apple_rotten_0082.jpg,rotten,apple,train
train/rotten/onion_rotten_0123.jpg,rotten,onion,train
train/rotten/spinach_rotten_0149.jpg,rotten,spinach,train
train/rotten/pear_rotten_0060.jpg,rotten,pear,train
train/rotten/bell_pepper_rotten_0134.jpg,rotten,bell_pepper,train
train/rotten/tomato_rotten_0085.jpg,rotten,tomato,train
train/rotten/lemon_rotten_0138.jpg,rotten,lemon,train
train/rotten/peach_rotten_0005.jpg,rotten,peach,train
train/rotten/pineapple_rotten_0001.jpg,rotten,pineapple,train
train/rotten/garlic_rotten_0108.jpg,rotten,garlic,train
train/rotten/cucumber_rotten_0006.jpg,rotten,cucumber,train
train/rotten/banana_rotten_0065.jpg,rotten,banana,train
train/rotten/apple_rotten_0028.jpg,rotten,apple,train
train/rotten/mango_rotten_0100.jpg,rotten,mango,train
train/rotten/broccoli_rotten_0094.jpg,rotten,broccoli,train
train/rotten/strawberry_rotten_0176.jpg,rotten,strawberry,train
train/rotten/strawberry_rotten_0018.jpg,rotten,strawberry,train
train/rotten/onion_rotten_0194.jpg,rotten,onion,train
train/rotten/strawberry_rotten_0170.jpg,rotten,strawberry,train
train/rotten/bell_pepper_rotten_0046.jpg,rotten,bell_pepper,train
train/rotten/banana_rotten_0043.jpg,rotten,banana,train
train/rotten/apple_rotten_0105.jpg,rotten,apple,train
train/rotten/bell_pepper_rotten_0158.jpg,rotten,bell_pepper,train
train/rotten/orange_rotten_0070.jpg,rotten,orange,train
train/rotten/grapes_rotten_0088.jpg,rotten,grapes,train
train/rotten/orange_rotten_0145.jpg,rotten,orange,train
train/rotten/grapes_rotten_0183.jpg,rotten,grapes,train
train/rotten/mango_rotten_0161.jpg,rotten,mango,train
train/rotten/lemon_rotten_0027.jpg,rotten,lemon,train
train/rotten/lemon_rotten_0123.jpg,rotten,lemon,train
train/rotten/grapes_rotten_0192.jpg,rotten,grapes,train
train/rotten/mango_rotten_0151.jpg,rotten,mango,train
train/rotten/potato_rotten_0114.jpg,rotten,potato,train
train/rotten/garlic_rotten_0120.jpg,rotten,garlic,train
train/rotten/spinach_rotten_0085.jpg,rotten,spinach,train
train/rotten/bell_pepper_rotten_0007.jpg,rotten,bell_pepper,train
train/rotten/cucumber_rotten_0035.jpg,rotten,cucumber,train
train/rotten/cucumber_rotten_0078.jpg,rotten,cucumber,train
train/rotten/tomato_rotten_0102.jpg,rotten,tomato,train
train/rotten/corn_rotten_0170.jpg,rotten,corn,train
train/rotten/carrot_rotten_0010.jpg,rotten,carrot,train
train/rotten/strawberry_rotten_0188.jpg,rotten,strawberry,train
train/rotten/pear_rotten_0040.jpg,rotten,pear,train
train/rotten/banana_rotten_0084.jpg,rotten,banana,train
train/rotten/mango_rotten_0070.jpg,rotten,mango,train
train/rotten/peach_rotten_0017.jpg,rotten,peach,train
train/rotten/spinach_rotten_0017.jpg,rotten,spinach,train
train/rotten/orange_rotten_0010.jpg,rotten,orange,train
train/rotten/tomato_rotten_0007.jpg,rotten,tomato,train
train/rotten/broccoli_rotten_0056.jpg,rotten,broccoli,train
train/rotten/mango_rotten_0057.jpg,rotten,mango,train
train/rotten/apple_rotten_0148.jpg,rotten,apple,train
train/rotten/tomato_rotten_0127.jpg,rotten,tomato,train
train/rotten/carrot_rotten_0029.jpg,rotten,carrot,train
train/rotten/orange_rotten_0001.jpg,rotten,orange,train
train/rotten/mango_rotten_0107.jpg,rotten,mango,train
train/rotten/orange_rotten_0189.jpg,rotten,orange,train
train/rotten/mango_rotten_0114.jpg,rotten,mango,train
train/rotten/carrot_rotten_0195.jpg,rotten,carrot,train
train/rotten/bell_pepper_rotten_0092.jpg,rotten,bell_pepper,train
train/rotten/grapes_rotten_0164.jpg,rotten,grapes,train
train/rotten/pear_rotten_0158.jpg,rotten,pear,train
train/rotten/broccoli_rotten_0122.jpg,rotten,broccoli,train
train/rotten/apple_rotten_0041.jpg,rotten,apple,train
train/rotten/lemon_rotten_0034.jpg,rotten,lemon,train
train/rotten/garlic_rotten_0081.jpg,rotten,garlic,train
train/rotten/lemon_rotten_0071.jpg,rotten,lemon,train
train/rotten/orange_rotten_0003.jpg,rotten,orange,train
train/rotten/orange_rotten_0043.jpg,rotten,orange,train
train/rotten/garlic_rotten_0188.jpg,rotten,garlic,train
train/rotten/grapes_rotten_0026.jpg,rotten,grapes,train
train/rotten/cucumber_rotten_0109.jpg,rotten,cucumber,train
train/rotten/apple_rotten_0078.jpg,rotten,apple,train
train/rotten/grapes_rotten_0146.jpg,rotten,grapes,train
train/rotten/potato_rotten_0171.jpg,rotten,potato,train
train/rotten/potato_rotten_0079.jpg,rotten,potato,train
train/rotten/tomato_rotten_0069.jpg,rotten,tomato,train
train/rotten/peach_rotten_0110.jpg,rotten,peach,train
train/rotten/pear_rotten_0191.jpg,rotten,pear,train
train/rotten/garlic_rotten_0145.jpg,rotten,garlic,train
train/rotten/orange_rotten_0056.jpg,rotten,orange,train
train/rotten/orange_rotten_0082.jpg,rotten,orange,train
train/rotten/strawberry_rotten_0056.jpg,rotten,strawberry,train
train/rotten/orange_rotten_0061.jpg,rotten,orange,train
train/rotten/potato_rotten_0176.jpg,rotten,potato,train
train/rotten/peach_rotten_0033.jpg,rotten,peach,train
train/rotten/pineapple_rotten_0171.jpg,rotten,pineapple,train
train/rotten/garlic_rotten_0171.jpg,rotten,garlic,train
train/rotten/garlic_rotten_0100.jpg,rotten,garlic,train
train/rotten/corn_rotten_0171.jpg,rotten,corn,train
train/rotten/pineapple_rotten_0097.jpg,rotten,pineapple,train
train/rotten/orange_rotten_0151.jpg,rotten,orange,train
train/rotten/corn_rotten_0123.jpg,rotten,corn,train
train/rotten/onion_rotten_0186.jpg,rotten,onion,train
train/rotten/cucumber_rotten_0192.jpg,rotten,cucumber,train
train/rotten/apple_rotten_0138.jpg,rotten,apple,train
train/rotten/lemon_rotten_0113.jpg,rotten,lemon,train
train/rotten/cucumber_rotten_0007.jpg,rotten,cucumber,train
train/rotten/cucumber_rotten_0089.jpg,rotten,cucumber,train
train/rotten/apple_rotten_0110.jpg,rotten,apple,train
train/rotten/mango_rotten_0162.jpg,rotten,mango,train
train/rotten/carrot_rotten_0076.jpg,rotten,carrot,train
train/rotten/spinach_rotten_0108.jpg,rotten,spinach,train
train/rotten/carrot_rotten_0181.jpg,rotten,carrot,train
train/rotten/pear_rotten_0117.jpg,rotten,pear,train
train/rotten/broccoli_rotten_0040.jpg,rotten,broccoli,train
train/rotten/apple_rotten_0107.jpg,rotten,apple,train
train/rotten/lemon_rotten_0087.jpg,rotten,lemon,train
train/rotten/carrot_rotten_0185.jpg,rotten,carrot,train
train/rotten/grapes_rotten_0198.jpg,rotten,grapes,train
train/rotten/lemon_rotten_0197.jpg,rotten,lemon,train
train/rotten/tomato_rotten_0088.jpg,rotten,tomato,train
train/rotten/cucumber_rotten_0077.jpg,rotten,cucumber,train
train/rotten/orange_rotten_0065.jpg,rotten,orange,train
train/rotten/strawberry_rotten_0040.jpg,rotten,strawberry,train
train/rotten/mango_rotten_0128.jpg,rotten,mango,train
train/rotten/banana_rotten_0140.jpg,rotten,banana,train
train/rotten/onion_rotten_0051.jpg,rotten,onion,train
train/rotten/onion_rotten_0159.jpg,rotten,onion,train
train/rotten/tomato_rotten_0199.jpg,rotten,tomato,train
train/rotten/onion_rotten_0193.jpg,rotten,onion,train
train/rotten/corn_rotten_0178.jpg,rotten,corn,train
train/rotten/lemon_rotten_0142.jpg,rotten,lemon,train
train/rotten/cucumber_rotten_0130.jpg,rotten,cucumber,train
train/rotten/corn_rotten_0155.jpg,rotten,corn,train
train/rotten/lemon_rotten_0070.jpg,rotten,lemon,train
train/rotten/banana_rotten_0050.jpg,rotten,banana,train
train/rotten/mango_rotten_0089.jpg,rotten,mango,train
train/rotten/mango_rotten_0041.jpg,rotten,mango,train
train/rotten/potato_rotten_0159.jpg,rotten,potato,train
train/rotten/carrot_rotten_0178.jpg,rotten,carrot,train
train/rotten/banana_rotten_0002.jpg,rotten,banana,train
train/rotten/orange_rotten_0089.jpg,rotten,orange,train
train/rotten/orange_rotten_0148.jpg,rotten,orange,train
train/rotten/broccoli_rotten_0068.jpg,rotten,broccoli,train
train/rotten/corn_rotten_0183.jpg,rotten,corn,train
train/rotten/lemon_rotten_0038.jpg,rotten,lemon,train
train/rotten/strawberry_rotten_0063.jpg,rotten,strawberry,train
train/rotten/pear_rotten_0088.jpg,rotten,pear,train
train/rotten/garlic_rotten_0020.jpg,rotten,garlic,train
train/rotten/cucumber_rotten_0012.jpg,rotten,cucumber,train
train/rotten/banana_rotten_0093.jpg,rotten,banana,train
train/rotten/tomato_rotten_0122.jpg,rotten,tomato,train
train/rotten/garlic_rotten_0072.jpg,rotten,garlic,train
train/rotten/peach_rotten_0083.jpg,rotten,peach,train
train/rotten/bell_pepper_rotten_0197.jpg,rotten,bell_pepper,train
train/rotten/onion_rotten_0042.jpg,rotten,onion,train
train/rotten/orange_rotten_0158.jpg,rotten,orange,train
train/rotten/spinach_rotten_0009.jpg,rotten,spinach,train
train/rotten/pineapple_rotten_0016.jpg,rotten,pineapple,train
train/rotten/mango_rotten_0063.jpg,rotten,mango,train
train/rotten/cucumber_rotten_0053.jpg,rotten,cucumber,train
train/rotten/banana_rotten_0082.jpg,rotten,banana,train
train/rotten/cucumber_rotten_0187.jpg,rotten,cucumber,train
train/rotten/strawberry_rotten_0166.jpg,rotten,strawberry,train
train/rotten/garlic_rotten_0117.jpg,rotten,garlic,train
train/rotten/pear_rotten_0163.jpg,rotten,pear,train
train/rotten/banana_rotten_0032.jpg,rotten,banana,train
train/rotten/pineapple_rotten_0117.jpg,rotten,pineapple,train
train/rotten/corn_rotten_0048.jpg,rotten,corn,train
train/rotten/lemon_rotten_0190.jpg,rotten,lemon,train
train/rotten/tomato_rotten_0116.jpg,rotten,tomato,train
train/rotten/broccoli_rotten_0146.jpg,rotten,broccoli,train
train/rotten/pear_rotten_0050.jpg,rotten,pear,train
train/rotten/corn_rotten_0189.jpg,rotten,corn,train
train/rotten/spinach_rotten_0148.jpg,rotten,spinach,train
train/rotten/bell_pepper_rotten_0111.jpg,rotten,bell_pepper,train
train/rotten/pear_rotten_0066.jpg,rotten,pear,train
train/rotten/grapes_rotten_0089.jpg,rotten,grapes,train
train/rotten/mango_rotten_0159.jpg,rotten,mango,train
train/rotten/tomato_rotten_0157.jpg,rotten,tomato,train
train/rotten/broccoli_rotten_0112.jpg,rotten,broccoli,train
train/rotten/garlic_rotten_0011.jpg,rotten,garlic,train
train/rotten/corn_rotten_0105.jpg,rotten,corn,train
train/rotten/spinach_rotten_0097.jpg,rotten,spinach,train
train/rotten/apple_rotten_0159.jpg,rotten,apple,train
train/rotten/corn_rotten_0053.jpg,rotten,corn,train
train/rotten/pineapple_rotten_0154.jpg,rotten,pineapple,train
train/rotten/cucumber_rotten_0054.jpg,rotten,cucumber,train
train/rotten/onion_rotten_0098.jpg,rotten,onion,train
train/rotten/pear_rotten_0071.jpg,rotten,pear,train
train/rotten/grapes_rotten_0188.jpg,rotten,grapes,train
train/rotten/corn_rotten_0120.jpg,rotten,corn,train
train/rotten/tomato_rotten_0164.jpg,rotten,tomato,train
train/rotten/broccoli_rotten_0008.jpg,rotten,broccoli,train
train/rotten/peach_rotten_0152.jpg,rotten,peach,train
train/rotten/lemon_rotten_0083.jpg,rotten,lemon,train
train/rotten/lemon_rotten_0045.jpg,rotten,lemon,train
train/rotten/apple_rotten_0199.jpg,rotten,apple,train
train/rotten/orange_rotten_0086.jpg,rotten,orange,train
train/rotten/cucumber_rotten_0155.jpg,rotten,cucumber,train
train/rotten/orange_rotten_0050.jpg,rotten,orange,train
train/rotten/banana_rotten_0087.jpg,rotten,banana,train
train/rotten/lemon_rotten_0082.jpg,rotten,lemon,train
train/rotten/banana_rotten_0122.jpg,rotten,banana,train
train/rotten/onion_rotten_0129.jpg,rotten,onion,train
train/rotten/mango_rotten_0174.jpg,rotten,mango,train
train/rotten/pineapple_rotten_0101.jpg,rotten,pineapple,train
train/rotten/apple_rotten_0185.jpg,rotten,apple,train
train/rotten/banana_rotten_0003.jpg,rotten,banana,train
train/rotten/lemon_rotten_0157.jpg,rotten,lemon,train
train/rotten/peach_rotten_0048.jpg,rotten,peach,train
train/rotten/banana_rotten_0112.jpg,rotten,banana,train
train/rotten/cucumber_rotten_0186.jpg,rotten,cucumber,train
train/rotten/grapes_rotten_0095.jpg,rotten,grapes,train
train/rotten/banana_rotten_0051.jpg,rotten,banana,train
train/rotten/strawberry_rotten_0179.jpg,rotten,strawberry,train
train/rotten/bell_pepper_rotten_0086.jpg,rotten,bell_pepper,train
train/rotten/onion_rotten_0046.jpg,rotten,onion,train
train/rotten/bell_pepper_rotten_0020.jpg,rotten,bell_pepper,train
train/rotten/bell_pepper_rotten_0195.jpg,rotten,bell_pepper,train
train/rotten/spinach_rotten_0002.jpg,rotten,spinach,train
train/rotten/mango_rotten_0034.jpg,rotten,mango,train
train/rotten/strawberry_rotten_0091.jpg,rotten,strawberry,train
train/rotten/corn_rotten_0159.jpg,rotten,corn,train
train/rotten/cucumber_rotten_0081.jpg,rotten,cucumber,train
train/rotten/corn_rotten_0156.jpg,rotten,corn,train
train/rotten/strawberry_rotten_0185.jpg,rotten,strawberry,train
train/rotten/orange_rotten_0112.jpg,rotten,orange,train
train/rotten/peach_rotten_0049.jpg,rotten,peach,train
train/rotten/broccoli_rotten_0060.jpg,rotten,broccoli,train
train/rotten/cucumber_rotten_0116.jpg,rotten,cucumber,train
train/rotten/tomato_rotten_0100.jpg,rotten,tomato,train
train/rotten/orange_rotten_0059.jpg,rotten,orange,train
train/rotten/spinach_rotten_0060.jpg,rotten,spinach,train
train/rotten/corn_rotten_0065.jpg,rotten,corn,train
train/rotten/corn_rotten_0172.jpg,rotten,corn,train
train/rotten/pineapple_rotten_0100.jpg,rotten,pineapple,train
train/rotten/mango_rotten_0098.jpg,rotten,mango,train
train/rotten/potato_rotten_0024.jpg,rotten,potato,train
train/rotten/apple_rotten_0019.jpg,rotten,apple,train
train/rotten/corn_rotten_0140.jpg,rotten,corn,train
train/rotten/grapes_rotten_0076.jpg,rotten,grapes,train
train/rotten/pear_rotten_0002.jpg,rotten,pear,train
train/rotten/banana_rotten_0066.jpg,rotten,banana,train
train/rotten/carrot_rotten_0036.jpg,rotten,carrot,train
train/rotten/garlic_rotten_0163.jpg,rotten,garlic,train
train/rotten/pear_rotten_0126.jpg,rotten,pear,train
train/rotten/pineapple_rotten_0029.jpg,rotten,pineapple,train
train/rotten/apple_rotten_0180.jpg,rotten,apple,train
train/rotten/corn_rotten_0051.jpg,rotten,corn,train
train/rotten/mango_rotten_0024.jpg,rotten,mango,train
train/rotten/cucumber_rotten_0153.jpg,rotten,cucumber,train
train/rotten/mango_rotten_0132.jpg,rotten,mango,train
train/rotten/peach_rotten_0104.jpg,rotten,peach,train
train/rotten/carrot_rotten_0056.jpg,rotten,carrot,train
train/rotten/cucumber_rotten_0020.jpg,rotten,cucumber,train
train/rotten/spinach_rotten_0004.jpg,rotten,spinach,train
train/rotten/banana_rotten_0124.jpg,rotten,banana,train
train/rotten/peach_rotten_0160.jpg,rotten,peach,train
train/rotten/tomato_rotten_0067.jpg,rotten,tomato,train
train/rotten/spinach_rotten_0046.jpg,rotten,spinach,train
train/rotten/carrot_rotten_0026.jpg,rotten,carrot,train
train/rotten/mango_rotten_0183.jpg,rotten,mango,train
train/rotten/lemon_rotten_0015.jpg,rotten,lemon,train
train/rotten/onion_rotten_0163.jpg,rotten,onion,train
train/rotten/banana_rotten_0001.jpg,rotten,banana,train
train/rotten/cucumber_rotten_0124.jpg,rotten,cucumber,train
train/rotten/onion_rotten_0109.jpg,rotten,onion,train
train/rotten/broccoli_rotten_0158.jpg,rotten,broccoli,train
train/rotten/lemon_rotten_0037.jpg,rotten,lemon,train
train/rotten/apple_rotten_0173.jpg,rotten,apple,train
train/rotten/mango_rotten_0158.jpg,rotten,mango,train
train/rotten/strawberry_rotten_0158.jpg,rotten,strawberry,train
train/rotten/pear_rotten_0167.jpg,rotten,pear,train
train/rotten/spinach_rotten_0040.jpg,rotten,spinach,train
train/rotten/bell_pepper_rotten_0003.jpg,rotten,bell_pepper,train
train/rotten/pineapple_rotten_0170.jpg,rotten,pineapple,train
train/rotten/lemon_rotten_0041.jpg,rotten,lemon,train
train/rotten/banana_rotten_0187.jpg,rotten,banana,train
train/rotten/banana_rotten_0195.jpg,rotten,banana,train
train/rotten/corn_rotten_0057.jpg,rotten,corn,train
train/rotten/strawberry_rotten_0148.jpg,rotten,strawberry,train
train/rotten/bell_pepper_rotten_0140.jpg,rotten,bell_pepper,train
train/rotten/broccoli_rotten_0100.jpg,rotten,broccoli,train
train/rotten/pineapple_rotten_0015.jpg,rotten,pineapple,train
train/rotten/apple_rotten_0067.jpg,rotten,apple,train
train/rotten/pineapple_rotten_0141.jpg,rotten,pineapple,train
train/rotten/bell_pepper_rotten_0091.jpg,rotten,bell_pepper,train
train/rotten/pineapple_rotten_0003.jpg,rotten,pineapple,train
train/rotten/tomato_rotten_0010.jpg,rotten,tomato,train
train/rotten/banana_rotten_0044.jpg,rotten,banana,train
train/rotten/broccoli_rotten_0197.jpg,rotten,broccoli,train
train/rotten/pineapple_rotten_0011.jpg,rotten,pineapple,train
train/rotten/corn_rotten_0024.jpg,rotten,corn,train
train/rotten/broccoli_rotten_0171.jpg,rotten,broccoli,train
train/rotten/strawberry_rotten_0168.jpg,rotten,strawberry,train
train/rotten/bell_pepper_rotten_0001.jpg,rotten,bell_pepper,train
train/rotten/pineapple_rotten_0153.jpg,rotten,pineapple,train
train/rotten/apple_rotten_0195.jpg,rotten,apple,train
train/rotten/mango_rotten_0007.jpg,rotten,mango,train
train/rotten/broccoli_rotten_0048.jpg,rotten,broccoli,train
train/rotten/onion_rotten_0084.jpg,rotten,onion,train
train/rotten/orange_rotten_0188.jpg,rotten,orange,train
train/rotten/garlic_rotten_0182.jpg,rotten,garlic,train
train/rotten/strawberry_rotten_0037.jpg,rotten,strawberry,train
train/rotten/corn_rotten_0075.jpg,rotten,corn,train
train/rotten/tomato_rotten_0087.jpg,rotten,tomato,train
train/rotten/potato_rotten_0144.jpg,rotten,potato,train
train/rotten/strawberry_rotten_0134.jpg,rotten,strawberry,train
train/rotten/mango_rotten_0030.jpg,rotten,mango,train
train/rotten/onion_rotten_0078.jpg,rotten,onion,train
train/rotten/carrot_rotten_0093.jpg,rotten,carrot,train
train/rotten/grapes_rotten_0087.jpg,rotten,grapes,train
train/rotten/potato_rotten_0075.jpg,rotten,potato,train
train/rotten/potato_rotten_0011.jpg,rotten,potato,train
train/rotten/tomato_rotten_0072.jpg,rotten,tomato,train
train/rotten/apple_rotten_0021.jpg,rotten,apple,train
train/rotten/lemon_rotten_0171.jpg,rotten,lemon,train
train/rotten/carrot_rotten_0112.jpg,rotten,carrot,train
train/rotten/peach_rotten_0181.jpg,rotten,peach,train
train/rotten/garlic_rotten_0019.jpg,rotten,garlic,train
train/rotten/cucumber_rotten_0000.jpg,rotten,cucumber,train
train/rotten/strawberry_rotten_0169.jpg,rotten,strawberry,train
train/rotten/pineapple_rotten_0056.jpg,rotten,pineapple,train
train/rotten/peach_rotten_0156.jpg,rotten,peach,train
train/rotten/banana_rotten_0047.jpg,rotten,banana,train
train/rotten/strawberry_rotten_0145.jpg,rotten,strawberry,train
train/rotten/lemon_rotten_0180.jpg,rotten,lemon,train
train/rotten/spinach_rotten_0065.jpg,rotten,spinach,train
train/rotten/pineapple_rotten_0012.jpg,rotten,pineapple,train
train/rotten/strawberry_rotten_0100.jpg,rotten,strawberry,train
train/rotten/strawberry_rotten_0118.jpg,rotten,strawberry,train
train/rotten/tomato_rotten_0003.jpg,rotten,tomato,train
train/rotten/potato_rotten_0042.jpg,rotten,potato,train
train/rotten/onion_rotten_0016.jpg,rotten,onion,train
train/rotten/potato_rotten_0041.jpg,rotten,potato,train
train/rotten/orange_rotten_0197.jpg,rotten,orange,train
train/rotten/corn_rotten_0058.jpg,rotten,corn,train
train/rotten/apple_rotten_0196.jpg,rotten,apple,train
train/rotten/pineapple_rotten_0095.jpg,rotten,pineapple,train
train/rotten/pineapple_rotten_0148.jpg,rotten,pineapple,train
train/rotten/lemon_rotten_0127.jpg,rotten,lemon,train
train/rotten/lemon_rotten_0184.jpg,rotten,lemon,train
train/rotten/mango_rotten_0026.jpg,rotten,mango,train
train/rotten/banana_rotten_0019.jpg,rotten,banana,train
train/rotten/potato_rotten_0067.jpg,rotten,potato,train
train/rotten/orange_rotten_0024.jpg,rotten,orange,train
train/rotten/carrot_rotten_0144.jpg,rotten,carrot,train
train/rotten/strawberry_rotten_0178.jpg,rotten,strawberry,train
train/rotten/peach_rotten_0198.jpg,rotten,peach,train
train/rotten/mango_rotten_0021.jpg,rotten,mango,train
train/rotten/carrot_rotten_0040.jpg,rotten,carrot,train
train/rotten/strawberry_rotten_0116.jpg,rotten,strawberry,train
train/rotten/grapes_rotten_0110.jpg,rotten,grapes,train
train/rotten/pear_rotten_0039.jpg,rotten,pear,train
train/rotten/strawberry_rotten_0109.jpg,rotten,strawberry,train
train/rotten/mango_rotten_0156.jpg,rotten,mango,train
train/rotten/bell_pepper_rotten_0183.jpg,rotten,bell_pepper,train
train/rotten/tomato_rotten_0132.jpg,rotten,tomato,train
train/rotten/apple_rotten_0197.jpg,rotten,apple,train
train/rotten/broccoli_rotten_0022.jpg,rotten,broccoli,train
train/rotten/potato_rotten_0143.jpg,rotten,potato,train
train/rotten/spinach_rotten_0101.jpg,rotten,spinach,train
train/rotten/carrot_rotten_0045.jpg,rotten,carrot,train
train/rotten/onion_rotten_0131.jpg,rotten,onion,train
train/rotten/garlic_rotten_0115.jpg,rotten,garlic,train
train/rotten/cucumber_rotten_0120.jpg,rotten,cucumber,train
train/rotten/carrot_rotten_0114.jpg,rotten,carrot,train
train/rotten/spinach_rotten_0062.jpg,rotten,spinach,train
train/rotten/onion_rotten_0172.jpg,rotten,onion,train
train/rotten/grapes_rotten_0132.jpg,rotten,grapes,train
train/rotten/garlic_rotten_0001.jpg,rotten,garlic,train
train/rotten/corn_rotten_0073.jpg,rotten,corn,train
train/rotten/grapes_rotten_0009.jpg,rotten,grapes,train
train/rotten/garlic_rotten_0092.jpg,rotten,garlic,train
train/rotten/tomato_rotten_0064.jpg,rotten,tomato,train
train/rotten/corn_rotten_0011.jpg,rotten,corn,train
train/rotten/mango_rotten_0101.jpg,rotten,mango,train
train/rotten/pineapple_rotten_0159.jpg,rotten,pineapple,train
train/rotten/spinach_rotten_0012.jpg,rotten,spinach,train
train/rotten/corn_rotten_0125.jpg,rotten,corn,train
train/rotten/mango_rotten_0099.jpg,rotten,mango,train
train/rotten/tomato_rotten_0063.jpg,rotten,tomato,train
train/rotten/broccoli_rotten_0104.jpg,rotten,broccoli,train
train/rotten/broccoli_rotten_0071.jpg,rotten,broccoli,train
train/rotten/garlic_rotten_0066.jpg,rotten,garlic,train
train/rotten/bell_pepper_rotten_0079.jpg,rotten,bell_pepper,train
train/rotten/spinach_rotten_0165.jpg,rotten,spinach,train
train/rotten/pineapple_rotten_0087.jpg,rotten,pineapple,train
train/rotten/spinach_rotten_0019.jpg,rotten,spinach,train
train/rotten/spinach_rotten_0122.jpg,rotten,spinach,train
train/rotten/orange_rotten_0011.jpg,rotten,orange,train
train/rotten/carrot_rotten_0080.jpg,rotten,carrot,train
train/rotten/tomato_rotten_0188.jpg,rotten,tomato,train
train/rotten/broccoli_rotten_0046.jpg,rotten,broccoli,train
train/rotten/strawberry_rotten_0030.jpg,rotten,strawberry,train
train/rotten/pear_rotten_0188.jpg,rotten,pear,train
train/rotten/apple_rotten_0058.jpg,rotten,apple,train
train/rotten/apple_rotten_0042.jpg,rotten,apple,train
train/rotten/onion_rotten_0187.jpg,rotten,onion,train
train/rotten/garlic_rotten_0128.jpg,rotten,garlic,train
train/rotten/pineapple_rotten_0061.jpg,rotten,pineapple,train
train/rotten/tomato_rotten_0134.jpg,rotten,tomato,train
train/rotten/potato_rotten_0055.jpg,rotten,potato,train
train/rotten/grapes_rotten_0193.jpg,rotten,grapes,train
train/rotten/lemon_rotten_0159.jpg,rotten,lemon,train
train/rotten/carrot_rotten_0032.jpg,rotten,carrot,train
train/rotten/garlic_rotten_0056.jpg,rotten,garlic,train
train/rotten/peach_rotten_0114.jpg,rotten,peach,train
train/rotten/garlic_rotten_0031.jpg,rotten,garlic,train
train/rotten/banana_rotten_0052.jpg,rotten,banana,train
train/rotten/orange_rotten_0150.jpg,rotten,orange,train
train/rotten/corn_rotten_0060.jpg,rotten,corn,train
train/rotten/orange_rotten_0131.jpg,rotten,orange,train
train/rotten/pear_rotten_0111.jpg,rotten,pear,train
train/rotten/carrot_rotten_0145.jpg,rotten,carrot,train
train/rotten/corn_rotten_0168.jpg,rotten,corn,train
train/rotten/bell_pepper_rotten_0099.jpg,rotten,bell_pepper,train
train/rotten/carrot_rotten_0122.jpg,rotten,carrot,train
train/rotten/onion_rotten_0050.jpg,rotten,onion,train
train/rotten/bell_pepper_rotten_0008.jpg,rotten,bell_pepper,train
train/rotten/spinach_rotten_0044.jpg,rotten,spinach,train
train/rotten/garlic_rotten_0137.jpg,rotten,garlic,train
train/rotten/carrot_rotten_0047.jpg,rotten,carrot,train
train/rotten/onion_rotten_0043.jpg,rotten,onion,train
train/rotten/bell_pepper_rotten_0077.jpg,rotten,bell_pepper,train
train/rotten/cucumber_rotten_0015.jpg,rotten,cucumber,train
train/rotten/orange_rotten_0170.jpg,rotten,orange,train
train/rotten/onion_rotten_0120.jpg,rotten,onion,train
train/rotten/apple_rotten_0184.jpg,rotten,apple,train
train/rotten/corn_rotten_0193.jpg,rotten,corn,train
train/rotten/lemon_rotten_0011.jpg,rotten,lemon,train
train/rotten/lemon_rotten_0130.jpg,rotten,lemon,train
train/rotten/onion_rotten_0185.jpg,rotten,onion,train
train/rotten/corn_rotten_0182.jpg,rotten,corn,train
train/rotten/apple_rotten_0039.jpg,rotten,apple,train
train/rotten/banana_rotten_0045.jpg,rotten,banana,train
train/rotten/carrot_rotten_0071.jpg,rotten,carrot,train
train/rotten/banana_rotten_0181.jpg,rotten,banana,train
train/rotten/apple_rotten_0010.jpg,rotten,apple,train
train/rotten/pineapple_rotten_0094.jpg,rotten,pineapple,train
train/rotten/onion_rotten_0066.jpg,rotten,onion,train
train/rotten/mango_rotten_0029.jpg,rotten,mango,train
train/rotten/onion_rotten_0009.jpg,rotten,onion,train
train/rotten/spinach_rotten_0083.jpg,rotten,spinach,train
train/rotten/pear_rotten_0014.jpg,rotten,pear,train
train/rotten/corn_rotten_0081.jpg,rotten,corn,train
train/rotten/garlic_rotten_0156.jpg,rotten,garlic,train
train/rotten/banana_rotten_0147.jpg,rotten,banana,train
train/rotten/pear_rotten_0092.jpg,rotten,pear,train
train/rotten/apple_rotten_0073.jpg,rotten,apple,train
train/rotten/garlic_rotten_0166.jpg,rotten,garlic,train
train/rotten/onion_rotten_0044.jpg,rotten,onion,train
train/rotten/garlic_rotten_0033.jpg,rotten,garlic,train
train/rotten/carrot_rotten_0016.jpg,rotten,carrot,train
train/rotten/mango_rotten_0171.jpg,rotten,mango,train
train/rotten/pear_rotten_0026.jpg,rotten,pear,train
train/rotten/spinach_rotten_0038.jpg,rotten,spinach,train
train/rotten/carrot_rotten_0062.jpg,rotten,carrot,train
train/rotten/garlic_rotten_0055.jpg,rotten,garlic,train
train/rotten/strawberry_rotten_0112.jpg,rotten,strawberry,train
train/rotten/strawberry_rotten_0088.jpg,rotten,strawberry,train
train/rotten/banana_rotten_0041.jpg,rotten,banana,train
train/rotten/potato_rotten_0029.jpg,rotten,potato,train
train/rotten/pineapple_rotten_0098.jpg,rotten,pineapple,train
train/rotten/strawberry_rotten_0113.jpg,rotten,strawberry,train
train/rotten/apple_rotten_0055.jpg,rotten,apple,train
train/rotten/grapes_rotten_0028.jpg,rotten,grapes,train
train/rotten/bell_pepper_rotten_0057.jpg,rotten,bell_pepper,train
train/rotten/broccoli_rotten_0044.jpg,rotten,broccoli,train
train/rotten/garlic_rotten_0160.jpg,rotten,garlic,train
train/rotten/peach_rotten_0063.jpg,rotten,peach,train
train/rotten/corn_rotten_0029.jpg,rotten,corn,train
train/rotten/apple_rotten_0131.jpg,rotten,apple,train
train/rotten/strawberry_rotten_0135.jpg,rotten,strawberry,train
train/rotten/garlic_rotten_0003.jpg,rotten,garlic,train
train/rotten/onion_rotten_0022.jpg,rotten,onion,train
train/rotten/mango_rotten_0069.jpg,rotten,mango,train
train/rotten/bell_pepper_rotten_0138.jpg,rotten,bell_pepper,train
train/rotten/apple_rotten_0088.jpg,rotten,apple,train
train/rotten/pear_rotten_0008.jpg,rotten,pear,train
train/rotten/lemon_rotten_0035.jpg,rotten,lemon,train
train/rotten/corn_rotten_0092.jpg,rotten,corn,train
train/rotten/banana_rotten_0061.jpg,rotten,banana,train
train/rotten/bell_pepper_rotten_0132.jpg,rotten,bell_pepper,train
train/rotten/pineapple_rotten_0075.jpg,rotten,pineapple,train
train/rotten/peach_rotten_0127.jpg,rotten,peach,train
train/rotten/apple_rotten_0084.jpg,rotten,apple,train
train/rotten/banana_rotten_0088.jpg,rotten,banana,train
train/rotten/spinach_rotten_0064.jpg,rotten,spinach,train
train/rotten/carrot_rotten_0059.jpg,rotten,carrot,train
train/rotten/mango_rotten_0006.jpg,rotten,mango,train
train/rotten/spinach_rotten_0082.jpg,rotten,spinach,train
train/rotten/orange_rotten_0123.jpg,rotten,orange,train
train/rotten/pineapple_rotten_0102.jpg,rotten,pineapple,train
train/rotten/apple_rotten_0139.jpg,rotten,apple,train
train/rotten/garlic_rotten_0049.jpg,rotten,garlic,train
train/rotten/potato_rotten_0189.jpg,rotten,potato,train
train/rotten/carrot_rotten_0023.jpg,rotten,carrot,train
train/rotten/onion_rotten_0165.jpg,rotten,onion,train
train/rotten/mango_rotten_0142.jpg,rotten,mango,train
train/rotten/potato_rotten_0056.jpg,rotten,potato,train
train/rotten/mango_rotten_0060.jpg,rotten,mango,train
train/rotten/tomato_rotten_0015.jpg,rotten,tomato,train
train/rotten/garlic_rotten_0190.jpg,rotten,garlic,train
train/rotten/banana_rotten_0038.jpg,rotten,banana,train
train/rotten/corn_rotten_0175.jpg,rotten,corn,train
train/rotten/lemon_rotten_0036.jpg,rotten,lemon,train
train/rotten/spinach_rotten_0176.jpg,rotten,spinach,train
train/rotten/garlic_rotten_0067.jpg,rotten,garlic,train
train/rotten/pineapple_rotten_0030.jpg,rotten,pineapple,train
train/rotten/pineapple_rotten_0024.jpg,rotten,pineapple,train
train/rotten/cucumber_rotten_0076.jpg,rotten,cucumber,train
train/rotten/tomato_rotten_0081.jpg,rotten,tomato,train
train/rotten/banana_rotten_0135.jpg,rotten,banana,train
train/rotten/broccoli_rotten_0049.jpg,rotten,broccoli,train
train/rotten/broccoli_rotten_0063.jpg,rotten,broccoli,train
train/rotten/banana_rotten_0081.jpg,rotten,banana,train
train/rotten/orange_rotten_0020.jpg,rotten,orange,train
train/rotten/spinach_rotten_0118.jpg,rotten,spinach,train
train/rotten/broccoli_rotten_0124.jpg,rotten,broccoli,train
train/rotten/onion_rotten_0025.jpg,rotten,onion,train
train/rotten/cucumber_rotten_0062.jpg,rotten,cucumber,train
train/rotten/banana_rotten_0100.jpg,rotten,banana,train
train/rotten/apple_rotten_0020.jpg,rotten,apple,train
train/rotten/pear_rotten_0153.jpg,rotten,pear,train
train/rotten/garlic_rotten_0127.jpg,rotten,garlic,train
train/rotten/onion_rotten_0171.jpg,rotten,onion,train
train/rotten/mango_rotten_0153.jpg,rotten,mango,train
train/rotten/pineapple_rotten_0049.jpg,rotten,pineapple,train
train/rotten/pineapple_rotten_0145.jpg,rotten,pineapple,train
train/rotten/strawberry_rotten_0156.jpg,rotten,strawberry,train
train/rotten/grapes_rotten_0123.jpg,rotten,grapes,train
train/rotten/onion_rotten_0058.jpg,rotten,onion,train
train/rotten/garlic_rotten_0051.jpg,rotten,garlic,train
train/rotten/grapes_rotten_0096.jpg,rotten,grapes,train
train/rotten/apple_rotten_0177.jpg,rotten,apple,train
train/rotten/broccoli_rotten_0072.jpg,rotten,broccoli,train
train/rotten/peach_rotten_0044.jpg,rotten,peach,train
train/rotten/corn_rotten_0068.jpg,rotten,corn,train
train/rotten/mango_rotten_0085.jpg,rotten,mango,train
train/rotten/orange_rotten_0005.jpg,rotten,orange,train
train/rotten/garlic_rotten_0080.jpg,rotten,garlic,train
train/rotten/spinach_rotten_0160.jpg,rotten,spinach,train
train/rotten/apple_rotten_0052.jpg,rotten,apple,train
train/rotten/lemon_rotten_0109.jpg,rotten,lemon,train
train/rotten/corn_rotten_0169.jpg,rotten,corn,train
train/rotten/lemon_rotten_0050.jpg,rotten,lemon,train
train/rotten/potato_rotten_0020.jpg,rotten,potato,train
train/rotten/garlic_rotten_0071.jpg,rotten,garlic,train
train/rotten/grapes_rotten_0167.jpg,rotten,grapes,train
train/rotten/banana_rotten_0190.jpg,rotten,banana,train
train/rotten/strawberry_rotten_0140.jpg,rotten,strawberry,train
train/rotten/pineapple_rotten_0089.jpg,rotten,pineapple,train
train/rotten/onion_rotten_0105.jpg,rotten,onion,train
train/rotten/pear_rotten_0079.jpg,rotten,pear,train
train/rotten/tomato_rotten_0119.jpg,rotten,tomato,train
train/rotten/mango_rotten_0067.jpg,rotten,mango,train
train/rotten/bell_pepper_rotten_0034.jpg,rotten,bell_pepper,train
train/rotten/corn_rotten_0167.jpg,rotten,corn,train
train/rotten/apple_rotten_0095.jpg,rotten,apple,train
train/rotten/grapes_rotten_0097.jpg,rotten,grapes,train
train/rotten/carrot_rotten_0042.jpg,rotten,carrot,train
train/rotten/corn_rotten_0150.jpg,rotten,corn,train
train/rotten/mango_rotten_0053.jpg,rotten,mango,train
train/rotten/potato_rotten_0102.jpg,rotten,potato,train
train/rotten/mango_rotten_0010.jpg,rotten,mango,train
train/rotten/apple_rotten_0103.jpg,rotten,apple,train
train/rotten/bell_pepper_rotten_0056.jpg,rotten,bell_pepper,train
train/rotten/tomato_rotten_0095.jpg,rotten,tomato,train
train/rotten/orange_rotten_0180.jpg,rotten,orange,train
train/rotten/tomato_rotten_0111.jpg,rotten,tomato,train
train/rotten/tomato_rotten_0001.jpg,rotten,tomato,train
train/rotten/apple_rotten_0123.jpg,rotten,apple,train
train/rotten/onion_rotten_0143.jpg,rotten,onion,train
train/rotten/potato_rotten_0093.jpg,rotten,potato,train
train/rotten/apple_rotten_0086.jpg,rotten,apple,train
train/rotten/cucumber_rotten_0182.jpg,rotten,cucumber,train
train/rotten/cucumber_rotten_0119.jpg,rotten,cucumber,train
train/rotten/broccoli_rotten_0132.jpg,rotten,broccoli,train
train/rotten/orange_rotten_0096.jpg,rotten,orange,train
train/rotten/garlic_rotten_0185.jpg,rotten,garlic,train
train/rotten/onion_rotten_0106.jpg,rotten,onion,train
train/rotten/pear_rotten_0083.jpg,rotten,pear,train
train/rotten/apple_rotten_0181.jpg,rotten,apple,train
train/rotten/onion_rotten_0062.jpg,rotten,onion,train
train/rotten/apple_rotten_0025.jpg,rotten,apple,train
train/rotten/lemon_rotten_0196.jpg,rotten,lemon,train
train/rotten/pear_rotten_0007.jpg,rotten,pear,train
train/rotten/corn_rotten_0016.jpg,rotten,corn,train
train/rotten/garlic_rotten_0015.jpg,rotten,garlic,train
train/rotten/banana_rotten_0033.jpg,rotten,banana,train
train/rotten/lemon_rotten_0199.jpg,rotten,lemon,train
train/rotten/grapes_rotten_0080.jpg,rotten,grapes,train
train/rotten/onion_rotten_0011.jpg,rotten,onion,train
train/rotten/peach_rotten_0050.jpg,rotten,peach,train
train/rotten/grapes_rotten_0161.jpg,rotten,grapes,train
train/rotten/orange_rotten_0009.jpg,rotten,orange,train
train/rotten/corn_rotten_0098.jpg,rotten,corn,train
train/rotten/broccoli_rotten_0028.jpg,rotten,broccoli,train
train/rotten/pineapple_rotten_0026.jpg,rotten,pineapple,train
train/rotten/corn_rotten_0004.jpg,rotten,corn,train
train/rotten/banana_rotten_0014.jpg,rotten,banana,train
train/rotten/pear_rotten_0032.jpg,rotten,pear,train
train/rotten/corn_rotten_0122.jpg,rotten,corn,train
train/rotten/onion_rotten_0184.jpg,rotten,onion,train
train/rotten/apple_rotten_0169.jpg,rotten,apple,train
train/rotten/strawberry_rotten_0194.jpg,rotten,strawberry,train
train/rotten/potato_rotten_0060.jpg,rotten,potato,train
train/rotten/apple_rotten_0117.jpg,rotten,apple,train
train/rotten/pear_rotten_0155.jpg,rotten,pear,train
train/rotten/lemon_rotten_0179.jpg,rotten,lemon,train
train/rotten/apple_rotten_0083.jpg,rotten,apple,train
train/rotten/apple_rotten_0151.jpg,rotten,apple,train
train/rotten/orange_rotten_0104.jpg,rotten,orange,train
train/rotten/pear_rotten_0022.jpg,rotten,pear,train
train/rotten/pear_rotten_0025.jpg,rotten,pear,train
train/rotten/pineapple_rotten_0156.jpg,rotten,pineapple,train
train/rotten/spinach_rotten_0191.jpg,rotten,spinach,train
train/rotten/cucumber_rotten_0073.jpg,rotten,cucumber,train
train/rotten/pineapple_rotten_0109.jpg,rotten,pineapple,train
train/rotten/cucumber_rotten_0001.jpg,rotten,cucumber,train
train/rotten/onion_rotten_0103.jpg,rotten,onion,train
train/rotten/broccoli_rotten_0175.jpg,rotten,broccoli,train
train/rotten/cucumber_rotten_0099.jpg,rotten,cucumber,train
train/rotten/bell_pepper_rotten_0087.jpg,rotten,bell_pepper,train
train/rotten/banana_rotten_0170.jpg,rotten,banana,train
train/rotten/onion_rotten_0052.jpg,rotten,onion,train
train/rotten/orange_rotten_0028.jpg,rotten,orange,train
train/rotten/orange_rotten_0155.jpg,rotten,orange,train
train/rotten/tomato_rotten_0160.jpg,rotten,tomato,train
train/rotten/corn_rotten_0157.jpg,rotten,corn,train
train/rotten/orange_rotten_0194.jpg,rotten,orange,train
train/rotten/pineapple_rotten_0112.jpg,rotten,pineapple,train
train/rotten/strawberry_rotten_0068.jpg,rotten,strawberry,train
train/rotten/orange_rotten_0014.jpg,rotten,orange,train
train/rotten/corn_rotten_0106.jpg,rotten,corn,train
train/rotten/bell_pepper_rotten_0042.jpg,rotten,bell_pepper,train
train/rotten/carrot_rotten_0133.jpg,rotten,carrot,train
train/rotten/broccoli_rotten_0140.jpg,rotten,broccoli,train
train/rotten/carrot_rotten_0103.jpg,rotten,carrot,train
train/rotten/onion_rotten_0067.jpg,rotten,onion,train
train/rotten/carrot_rotten_0130.jpg,rotten,carrot,train
train/rotten/bell_pepper_rotten_0090.jpg,rotten,bell_pepper,train
train/rotten/peach_rotten_0065.jpg,rotten,peach,train
train/rotten/bell_pepper_rotten_0088.jpg,rotten,bell_pepper,train
train/rotten/potato_rotten_0152.jpg,rotten,potato,train
train/rotten/grapes_rotten_0159.jpg,rotten,grapes,train
train/rotten/cucumber_rotten_0129.jpg,rotten,cucumber,train
train/rotten/garlic_rotten_0101.jpg,rotten,garlic,train
train/rotten/mango_rotten_0163.jpg,rotten,mango,train
train/rotten/onion_rotten_0090.jpg,rotten,onion,train
train/rotten/strawberry_rotten_0011.jpg,rotten,strawberry,train
train/rotten/cucumber_rotten_0163.jpg,rotten,cucumber,train
train/rotten/onion_rotten_0065.jpg,rotten,onion,train
train/rotten/pineapple_rotten_0099.jpg,rotten,pineapple,train
train/rotten/orange_rotten_0173.jpg,rotten,orange,train
train/rotten/orange_rotten_0083.jpg,rotten,orange,train
train/rotten/pear_rotten_0189.jpg,rotten,pear,train
train/rotten/garlic_rotten_0138.jpg,rotten,garlic,train
train/rotten/spinach_rotten_0161.jpg,rotten,spinach,train
train/rotten/banana_rotten_0103.jpg,rotten,banana,train
train/rotten/banana_rotten_0037.jpg,rotten,banana,train
train/rotten/corn_rotten_0101.jpg,rotten,corn,train
train/rotten/strawberry_rotten_0189.jpg,rotten,strawberry,train
train/rotten/orange_rotten_0062.jpg,rotten,orange,train
train/rotten/broccoli_rotten_0018.jpg,rotten,broccoli,train
train/rotten/mango_rotten_0113.jpg,rotten,mango,train
train/rotten/bell_pepper_rotten_0059.jpg,rotten,bell_pepper,train
train/rotten/banana_rotten_0114.jpg,rotten,banana,train
train/rotten/bell_pepper_rotten_0147.jpg,rotten,bell_pepper,train
train/rotten/apple_rotten_0064.jpg,rotten,apple,train
train/rotten/tomato_rotten_0152.jpg,rotten,tomato,train
train/rotten/cucumber_rotten_0060.jpg,rotten,cucumber,train
train/rotten/broccoli_rotten_0198.jpg,rotten,broccoli,train
train/rotten/carrot_rotten_0087.jpg,rotten,carrot,train
train/rotten/bell_pepper_rotten_0131.jpg,rotten,bell_pepper,train
train/rotten/carrot_rotten_0050.jpg,rotten,carrot,train
train/rotten/potato_rotten_0099.jpg,rotten,potato,train
train/rotten/broccoli_rotten_0154.jpg,rotten,broccoli,train
train/rotten/cucumber_rotten_0159.jpg,rotten,cucumber,train
train/rotten/corn_rotten_0010.jpg,rotten,corn,train
train/rotten/corn_rotten_0145.jpg,rotten,corn,train
train/rotten/onion_rotten_0113.jpg,rotten,onion,train
train/rotten/tomato_rotten_0172.jpg,rotten,tomato,train
train/rotten/orange_rotten_0091.jpg,rotten,orange,train
train/rotten/peach_rotten_0029.jpg,rotten,peach,train
train/rotten/apple_rotten_0164.jpg,rotten,apple,train
train/rotten/spinach_rotten_0045.jpg,rotten,spinach,train
train/rotten/broccoli_rotten_0134.jpg,rotten,broccoli,train
train/rotten/pineapple_rotten_0176.jpg,rotten,pineapple,train
train/rotten/pear_rotten_0102.jpg,rotten,pear,train
train/rotten/potato_rotten_0174.jpg,rotten,potato,train
train/rotten/strawberry_rotten_0087.jpg,rotten,strawberry,train
train/rotten/spinach_rotten_0182.jpg,rotten,spinach,train
train/rotten/broccoli_rotten_0089.jpg,rotten,broccoli,train
train/rotten/broccoli_rotten_0138.jpg,rotten,broccoli,train
train/rotten/broccoli_rotten_0079.jpg,rotten,broccoli,train
train/rotten/tomato_rotten_0058.jpg,rotten,tomato,train
train/rotten/broccoli_rotten_0199.jpg,rotten,broccoli,train
train/rotten/apple_rotten_0087.jpg,rotten,apple,train
train/rotten/corn_rotten_0079.jpg,rotten,corn,train
train/rotten/pear_rotten_0131.jpg,rotten,pear,train
train/rotten/tomato_rotten_0008.jpg,rotten,tomato,train
train/rotten/grapes_rotten_0068.jpg,rotten,grapes,train
train/rotten/pear_rotten_0193.jpg,rotten,pear,train
train/rotten/carrot_rotten_0180.jpg,rotten,carrot,train
train/rotten/tomato_rotten_0080.jpg,rotten,tomato,train
train/rotten/broccoli_rotten_0169.jpg,rotten,broccoli,train
train/rotten/tomato_rotten_0166.jpg,rotten,tomato,train
train/rotten/pineapple_rotten_0052.jpg,rotten,pineapple,train
train/rotten/corn_rotten_0077.jpg,rotten,corn,train
train/rotten/peach_rotten_0196.jpg,rotten,peach,train
train/rotten/pineapple_rotten_0027.jpg,rotten,pineapple,train
train/rotten/bell_pepper_rotten_0191.jpg,rotten,bell_pepper,train
train/rotten/pear_rotten_0005.jpg,rotten,pear,train
train/rotten/banana_rotten_0026.jpg,rotten,banana,train
train/rotten/banana_rotten_0108.jpg,rotten,banana,train
train/rotten/banana_rotten_0080.jpg,rotten,banana,train
train/rotten/garlic_rotten_0045.jpg,rotten,garlic,train
train/rotten/garlic_rotten_0088.jpg,rotten,garlic,train
train/rotten/onion_rotten_0028.jpg,rotten,onion,train
train/rotten/corn_rotten_0176.jpg,rotten,corn,train
train/rotten/mango_rotten_0091.jpg,rotten,mango,train
train/rotten/cucumber_rotten_0174.jpg,rotten,cucumber,train
train/rotten/bell_pepper_rotten_0192.jpg,rotten,bell_pepper,train
train/rotten/apple_rotten_0080.jpg,rotten,apple,train
train/rotten/bell_pepper_rotten_0022.jpg,rotten,bell_pepper,train
train/rotten/bell_pepper_rotten_0199.jpg,rotten,bell_pepper,train
train/rotten/apple_rotten_0166.jpg,rotten,apple,train
train/rotten/cucumber_rotten_0086.jpg,rotten,cucumber,train
train/rotten/potato_rotten_0087.jpg,rotten,potato,train
train/rotten/orange_rotten_0084.jpg,rotten,orange,train
train/rotten/tomato_rotten_0093.jpg,rotten,tomato,train
train/rotten/broccoli_rotten_0166.jpg,rotten,broccoli,train
train/rotten/peach_rotten_0157.jpg,rotten,peach,train
train/rotten/onion_rotten_0054.jpg,rotten,onion,train
train/rotten/orange_rotten_0026.jpg,rotten,orange,train
train/rotten/peach_rotten_0015.jpg,rotten,peach,train
train/rotten/spinach_rotten_0198.jpg,rotten,spinach,train
train/rotten/potato_rotten_0119.jpg,rotten,potato,train
train/rotten/mango_rotten_0112.jpg,rotten,mango,train
train/rotten/pear_rotten_0054.jpg,rotten,pear,train
train/rotten/corn_rotten_0094.jpg,rotten,corn,train
train/rotten/grapes_rotten_0008.jpg,rotten,grapes,train
train/rotten/apple_rotten_0074.jpg,rotten,apple,train
train/rotten/peach_rotten_0043.jpg,rotten,peach,train
train/rotten/tomato_rotten_0065.jpg,rotten,tomato,train
train/rotten/bell_pepper_rotten_0125.jpg,rotten,bell_pepper,train
train/rotten/lemon_rotten_0052.jpg,rotten,lemon,train
train/rotten/cucumber_rotten_0131.jpg,rotten,cucumber,train
train/rotten/onion_rotten_0155.jpg,rotten,onion,train
train/rotten/spinach_rotten_0013.jpg,rotten,spinach,train
train/rotten/tomato_rotten_0090.jpg,rotten,tomato,train
train/rotten/mango_rotten_0005.jpg,rotten,mango,train
train/rotten/cucumber_rotten_0043.jpg,rotten,cucumber,train
train/rotten/carrot_rotten_0030.jpg,rotten,carrot,train
train/rotten/apple_rotten_0014.jpg,rotten,apple,train
train/rotten/tomato_rotten_0026.jpg,rotten,tomato,train
train/rotten/peach_rotten_0167.jpg,rotten,peach,train
train/rotten/pineapple_rotten_0037.jpg,rotten,pineapple,train
train/rotten/orange_rotten_0052.jpg,rotten,orange,train
train/rotten/lemon_rotten_0091.jpg,rotten,lemon,train
train/rotten/broccoli_rotten_0090.jpg,rotten,broccoli,train
train/rotten/garlic_rotten_0106.jpg,rotten,garlic,train
train/rotten/pineapple_rotten_0053.jpg,rotten,pineapple,train
train/rotten/orange_rotten_0157.jpg,rotten,orange,train
train/rotten/corn_rotten_0164.jpg,rotten,corn,train
train/rotten/tomato_rotten_0037.jpg,rotten,tomato,train
train/rotten/cucumber_rotten_0003.jpg,rotten,cucumber,train
train/rotten/corn_rotten_0108.jpg,rotten,corn,train
train/rotten/pineapple_rotten_0139.jpg,rotten,pineapple,train
train/rotten/potato_rotten_0118.jpg,rotten,potato,train
train/rotten/peach_rotten_0086.jpg,rotten,peach,train
train/rotten/grapes_rotten_0144.jpg,rotten,grapes,train
train/rotten/garlic_rotten_0090.jpg,rotten,garlic,train
train/rotten/broccoli_rotten_0184.jpg,rotten,broccoli,train
train/rotten/banana_rotten_0142.jpg,rotten,banana,train
train/rotten/strawberry_rotten_0015.jpg,rotten,strawberry,train
train/rotten/potato_rotten_0106.jpg,rotten,potato,train
train/rotten/strawberry_rotten_0111.jpg,rotten,strawberry,train
train/rotten/garlic_rotten_0065.jpg,rotten,garlic,train
train/rotten/corn_rotten_0142.jpg,rotten,corn,train
train/rotten/tomato_rotten_0198.jpg,rotten,tomato,train
train/rotten/mango_rotten_0198.jpg,rotten,mango,train
train/rotten/grapes_rotten_0181.jpg,rotten,grapes,train
train/rotten/strawberry_rotten_0039.jpg,rotten,strawberry,train
train/rotten/banana_rotten_0144.jpg,rotten,banana,train
train/rotten/corn_rotten_0128.jpg,rotten,corn,train
train/rotten/pineapple_rotten_0041.jpg,rotten,pineapple,train
train/rotten/bell_pepper_rotten_0033.jpg,rotten,bell_pepper,train
train/rotten/spinach_rotten_0144.jpg,rotten,spinach,train
train/rotten/apple_rotten_0091.jpg,rotten,apple,train
train/rotten/tomato_rotten_0040.jpg,rotten,tomato,train
train/rotten/garlic_rotten_0097.jpg,rotten,garlic,train
train/rotten/pear_rotten_0147.jpg,rotten,pear,train
train/rotten/carrot_rotten_0174.jpg,rotten,carrot,train
train/rotten/cucumber_rotten_0105.jpg,rotten,cucumber,train
train/rotten/spinach_rotten_0194.jpg,rotten,spinach,train
train/rotten/grapes_rotten_0105.jpg,rotten,grapes,train
train/rotten/onion_rotten_0033.jpg,rotten,onion,train
train/rotten/corn_rotten_0130.jpg,rotten,corn,train
train/rotten/onion_rotten_0160.jpg,rotten,onion,train
train/rotten/corn_rotten_0050.jpg,rotten,corn,train
train/rotten/corn_rotten_0041.jpg,rotten,corn,train
train/rotten/mango_rotten_0190.jpg,rotten,mango,train
train/rotten/carrot_rotten_0019.jpg,rotten,carrot,train
train/rotten/potato_rotten_0007.jpg,rotten,potato,train
train/rotten/pear_rotten_0011.jpg,rotten,pear,train
train/rotten/pear_rotten_0182.jpg,rotten,pear,train
train/rotten/bell_pepper_rotten_0045.jpg,rotten,bell_pepper,train
train/rotten/grapes_rotten_0049.jpg,rotten,grapes,train
train/rotten/lemon_rotten_0193.jpg,rotten,lemon,train
train/rotten/strawberry_rotten_0020.jpg,rotten,strawberry,train
train/rotten/garlic_rotten_0180.jpg,rotten,garlic,train
train/rotten/apple_rotten_0013.jpg,rotten,apple,train
train/rotten/spinach_rotten_0084.jpg,rotten,spinach,train
train/rotten/cucumber_rotten_0025.jpg,rotten,cucumber,train
train/rotten/orange_rotten_0085.jpg,rotten,orange,train
train/rotten/broccoli_rotten_0192.jpg,rotten,broccoli,train
train/rotten/pineapple_rotten_0196.jpg,rotten,pineapple,train
train/rotten/broccoli_rotten_0002.jpg,rotten,broccoli,train
train/rotten/mango_rotten_0152.jpg,rotten,mango,train
train/rotten/pear_rotten_0047.jpg,rotten,pear,train
train/rotten/lemon_rotten_0076.jpg,rotten,lemon,train
train/rotten/strawberry_rotten_0010.jpg,rotten,strawberry,train
train/rotten/mango_rotten_0196.jpg,rotten,mango,train
train/rotten/carrot_rotten_0184.jpg,rotten,carrot,train
train/rotten/carrot_rotten_0162.jpg,rotten,carrot,train
train/rotten/pineapple_rotten_0031.jpg,rotten,pineapple,train
train/rotten/pineapple_rotten_0084.jpg,rotten,pineapple,train
train/rotten/potato_rotten_0021.jpg,rotten,potato,train
train/rotten/mango_rotten_0073.jpg,rotten,mango,train
train/rotten/cucumber_rotten_0044.jpg,rotten,cucumber,train
train/rotten/spinach_rotten_0061.jpg,rotten,spinach,train
train/rotten/broccoli_rotten_0116.jpg,rotten,broccoli,train
train/rotten/spinach_rotten_0068.jpg,rotten,spinach,train
train/rotten/mango_rotten_0036.jpg,rotten,mango,train
train/rotten/garlic_rotten_0162.jpg,rotten,garlic,train
train/rotten/lemon_rotten_0044.jpg,rotten,lemon,train
train/rotten/lemon_rotten_0148.jpg,rotten,lemon,train
train/rotten/grapes_rotten_0175.jpg,rotten,grapes,train
train/rotten/grapes_rotten_0194.jpg,rotten,grapes,train
train/rotten/potato_rotten_0001.jpg,rotten,potato,train
train/rotten/bell_pepper_rotten_0160.jpg,rotten,bell_pepper,train
train/rotten/orange_rotten_0004.jpg,rotten,orange,train
train/rotten/peach_rotten_0106.jpg,rotten,peach,train
train/rotten/peach_rotten_0109.jpg,rotten,peach,train
train/rotten/bell_pepper_rotten_0053.jpg,rotten,bell_pepper,train
train/rotten/mango_rotten_0181.jpg,rotten,mango,train
train/rotten/garlic_rotten_0089.jpg,rotten,garlic,train
train/rotten/apple_rotten_0035.jpg,rotten,apple,train
train/rotten/carrot_rotten_0089.jpg,rotten,carrot,train
train/rotten/broccoli_rotten_0024.jpg,rotten,broccoli,train
train/rotten/orange_rotten_0139.jpg,rotten,orange,train
train/rotten/potato_rotten_0057.jpg,rotten,potato,train
train/rotten/corn_rotten_0188.jpg,rotten,corn,train
train/rotten/tomato_rotten_0018.jpg,rotten,tomato,train
train/rotten/cucumber_rotten_0087.jpg,rotten,cucumber,train
train/rotten/mango_rotten_0185.jpg,rotten,mango,train
train/rotten/bell_pepper_rotten_0080.jpg,rotten,bell_pepper,train
train/rotten/garlic_rotten_0164.jpg,rotten,garlic,train
train/rotten/bell_pepper_rotten_0150.jpg,rotten,bell_pepper,train
train/rotten/mango_rotten_0025.jpg,rotten,mango,train
train/rotten/corn_rotten_0084.jpg,rotten,corn,train
train/rotten/grapes_rotten_0176.jpg,rotten,grapes,train
train/rotten/lemon_rotten_0107.jpg,rotten,lemon,train
train/rotten/orange_rotten_0144.jpg,rotten,orange,train
train/rotten/broccoli_rotten_0033.jpg,rotten,broccoli,train
train/rotten/tomato_rotten_0028.jpg,rotten,tomato,train
train/rotten/grapes_rotten_0064.jpg,rotten,grapes,train
train/rotten/garlic_rotten_0093.jpg,rotten,garlic,train
train/rotten/banana_rotten_0040.jpg,rotten,banana,train
train/rotten/orange_rotten_0072.jpg,rotten,orange,train
train/rotten/grapes_rotten_0075.jpg,rotten,grapes,train
train/rotten/orange_rotten_0049.jpg,rotten,orange,train
train/rotten/pineapple_rotten_0048.jpg,rotten,pineapple,train
train/rotten/grapes_rotten_0047.jpg,rotten,grapes,train
train/rotten/cucumber_rotten_0169.jpg,rotten,cucumber,train
train/rotten/strawberry_rotten_0115.jpg,rotten,strawberry,train
train/rotten/cucumber_rotten_0008.jpg,rotten,cucumber,train
train/rotten/cucumber_rotten_0019.jpg,rotten,cucumber,train
train/rotten/garlic_rotten_0131.jpg,rotten,garlic,train
train/rotten/grapes_rotten_0195.jpg,rotten,grapes,train
train/rotten/orange_rotten_0021.jpg,rotten,orange,train
train/rotten/spinach_rotten_0154.jpg,rotten,spinach,train
train/rotten/cucumber_rotten_0123.jpg,rotten,cucumber,train
train/rotten/strawberry_rotten_0198.jpg,rotten,strawberry,train
train/rotten/cucumber_rotten_0022.jpg,rotten,cucumber,train
train/rotten/pear_rotten_0044.jpg,rotten,pear,train
train/rotten/garlic_rotten_0133.jpg,rotten,garlic,train
train/rotten/mango_rotten_0087.jpg,rotten,mango,train
train/rotten/strawberry_rotten_0139.jpg,rotten,strawberry,train
train/rotten/potato_rotten_0164.jpg,rotten,potato,train
train/rotten/bell_pepper_rotten_0143.jpg,rotten,bell_pepper,train
train/rotten/peach_rotten_0171.jpg,rotten,peach,train
train/rotten/lemon_rotten_0016.jpg,rotten,lemon,train
train/rotten/corn_rotten_0119.jpg,rotten,corn,train
train/rotten/banana_rotten_0197.jpg,rotten,banana,train
train/rotten/tomato_rotten_0105.jpg,rotten,tomato,train
train/rotten/grapes_rotten_0001.jpg,rotten,grapes,train
train/rotten/garlic_rotten_0173.jpg,rotten,garlic,train
train/rotten/broccoli_rotten_0128.jpg,rotten,broccoli,train
train/rotten/garlic_rotten_0063.jpg,rotten,garlic,train
train/rotten/strawberry_rotten_0107.jpg,rotten,strawberry,train
train/rotten/mango_rotten_0027.jpg,rotten,mango,train
train/rotten/spinach_rotten_0190.jpg,rotten,spinach,train
train/rotten/orange_rotten_0041.jpg,rotten,orange,train
train/rotten/bell_pepper_rotten_0155.jpg,rotten,bell_pepper,train
train/rotten/grapes_rotten_0060.jpg,rotten,grapes,train
train/rotten/carrot_rotten_0083.jpg,rotten,carrot,train
train/rotten/garlic_rotten_0016.jpg,rotten,garlic,train
train/rotten/spinach_rotten_0162.jpg,rotten,spinach,train
train/rotten/tomato_rotten_0077.jpg,rotten,tomato,train
train/rotten/potato_rotten_0104.jpg,rotten,potato,train
train/rotten/spinach_rotten_0020.jpg,rotten,spinach,train
train/rotten/pear_rotten_0090.jpg,rotten,pear,train
train/rotten/cucumber_rotten_0041.jpg,rotten,cucumber,train
train/rotten/spinach_rotten_0151.jpg,rotten,spinach,train
train/rotten/bell_pepper_rotten_0193.jpg,rotten,bell_pepper,train
train/rotten/orange_rotten_0153.jpg,rotten,orange,train
train/rotten/pineapple_rotten_0174.jpg,rotten,pineapple,train
train/rotten/strawberry_rotten_0031.jpg,rotten,strawberry,train
train/rotten/garlic_rotten_0141.jpg,rotten,garlic,train
train/rotten/mango_rotten_0133.jpg,rotten,mango,train
train/rotten/cucumber_rotten_0121.jpg,rotten,cucumber,train
train/rotten/corn_rotten_0083.jpg,rotten,corn,train
train/rotten/banana_rotten_0063.jpg,rotten,banana,train
train/rotten/corn_rotten_0043.jpg,rotten,corn,train
train/rotten/cucumber_rotten_0042.jpg,rotten,cucumber,train
train/rotten/grapes_rotten_0142.jpg,rotten,grapes,train
train/rotten/mango_rotten_0000.jpg,rotten,mango,train
train/rotten/bell_pepper_rotten_0013.jpg,rotten,bell_pepper,train
train/rotten/lemon_rotten_0146.jpg,rotten,lemon,train
train/rotten/pineapple_rotten_0104.jpg,rotten,pineapple,train
train/rotten/pineapple_rotten_0143.jpg,rotten,pineapple,train
train/rotten/spinach_rotten_0185.jpg,rotten,spinach,train
train/rotten/grapes_rotten_0173.jpg,rotten,grapes,train
train/rotten/onion_rotten_0166.jpg,rotten,onion,train
train/rotten/cucumber_rotten_0092.jpg,rotten,cucumber,train
train/rotten/pear_rotten_0035.jpg,rotten,pear,train
train/rotten/corn_rotten_0055.jpg,rotten,corn,train
train/rotten/banana_rotten_0120.jpg,rotten,banana,train
train/rotten/peach_rotten_0009.jpg,rotten,peach,train
train/rotten/lemon_rotten_0108.jpg,rotten,lemon,train
train/rotten/broccoli_rotten_0152.jpg,rotten,broccoli,train
train/rotten/garlic_rotten_0036.jpg,rotten,garlic,train
train/rotten/carrot_rotten_0190.jpg,rotten,carrot,train
train/rotten/banana_rotten_0027.jpg,rotten,banana,train
train/rotten/pear_rotten_0107.jpg,rotten,pear,train
train/rotten/orange_rotten_0111.jpg,rotten,orange,train
train/rotten/spinach_rotten_0179.jpg,rotten,spinach,train
train/rotten/onion_rotten_0147.jpg,rotten,onion,train
train/rotten/pear_rotten_0138.jpg,rotten,pear,train
train/rotten/peach_rotten_0096.jpg,rotten,peach,train
train/rotten/bell_pepper_rotten_0002.jpg,rotten,bell_pepper,train
train/rotten/tomato_rotten_0094.jpg,rotten,tomato,train
train/rotten/apple_rotten_0182.jpg,rotten,apple,train
train/rotten/cucumber_rotten_0079.jpg,rotten,cucumber,train
train/rotten/cucumber_rotten_0016.jpg,rotten,cucumber,train
train/rotten/grapes_rotten_0189.jpg,rotten,grapes,train
train/rotten/broccoli_rotten_0005.jpg,rotten,broccoli,train
train/rotten/apple_rotten_0096.jpg,rotten,apple,train
train/rotten/potato_rotten_0139.jpg,rotten,potato,train
train/rotten/grapes_rotten_0040.jpg,rotten,grapes,train
train/rotten/onion_rotten_0115.jpg,rotten,onion,train
train/rotten/pineapple_rotten_0192.jpg,rotten,pineapple,train
train/rotten/banana_rotten_0109.jpg,rotten,banana,train
train/rotten/grapes_rotten_0069.jpg,rotten,grapes,train
train/rotten/broccoli_rotten_0107.jpg,rotten,broccoli,train
train/rotten/orange_rotten_0055.jpg,rotten,orange,train
train/rotten/grapes_rotten_0025.jpg,rotten,grapes,train
train/rotten/spinach_rotten_0178.jpg,rotten,spinach,train
train/rotten/grapes_rotten_0037.jpg,rotten,grapes,train
train/rotten/pineapple_rotten_0090.jpg,rotten,pineapple,train
train/rotten/tomato_rotten_0074.jpg,rotten,tomato,train
train/rotten/broccoli_rotten_0053.jpg,rotten,broccoli,train
train/rotten/tomato_rotten_0078.jpg,rotten,tomato,train
train/rotten/peach_rotten_0069.jpg,rotten,peach,train
train/rotten/orange_rotten_0105.jpg,rotten,orange,train
train/rotten/tomato_rotten_0149.jpg,rotten,tomato,train
train/rotten/strawberry_rotten_0142.jpg,rotten,strawberry,train
train/rotten/garlic_rotten_0195.jpg,rotten,garlic,train
train/rotten/banana_rotten_0164.jpg,rotten,banana,train
train/rotten/orange_rotten_0077.jpg,rotten,orange,train
train/rotten/grapes_rotten_0036.jpg,rotten,grapes,train
train/rotten/broccoli_rotten_0174.jpg,rotten,broccoli,train
train/rotten/grapes_rotten_0011.jpg,rotten,grapes,train
train/rotten/pineapple_rotten_0147.jpg,rotten,pineapple,train
train/rotten/spinach_rotten_0135.jpg,rotten,spinach,train
train/rotten/bell_pepper_rotten_0190.jpg,rotten,bell_pepper,train
train/rotten/bell_pepper_rotten_0067.jpg,rotten,bell_pepper,train
train/rotten/bell_pepper_rotten_0127.jpg,rotten,bell_pepper,train
train/rotten/strawberry_rotten_0171.jpg,rotten,strawberry,train
train/rotten/peach_rotten_0129.jpg,rotten,peach,train
train/rotten/strawberry_rotten_0150.jpg,rotten,strawberry,train
train/rotten/corn_rotten_0059.jpg,rotten,corn,train
train/rotten/bell_pepper_rotten_0119.jpg,rotten,bell_pepper,train
train/rotten/lemon_rotten_0116.jpg,rotten,lemon,train
train/rotten/peach_rotten_0117.jpg,rotten,peach,train
train/rotten/apple_rotten_0005.jpg,rotten,apple,train
train/rotten/orange_rotten_0142.jpg,rotten,orange,train
train/rotten/corn_rotten_0152.jpg,rotten,corn,train
train/rotten/banana_rotten_0010.jpg,rotten,banana,train
train/rotten/pear_rotten_0000.jpg,rotten,pear,train
train/rotten/broccoli_rotten_0105.jpg,rotten,broccoli,train
train/rotten/mango_rotten_0176.jpg,rotten,mango,train
train/rotten/tomato_rotten_0062.jpg,rotten,tomato,train
train/rotten/potato_rotten_0085.jpg,rotten,potato,train
train/rotten/peach_rotten_0081.jpg,rotten,peach,train
train/rotten/banana_rotten_0149.jpg,rotten,banana,train
train/rotten/carrot_rotten_0197.jpg,rotten,carrot,train
train/rotten/lemon_rotten_0139.jpg,rotten,lemon,train
train/rotten/onion_rotten_0156.jpg,rotten,onion,train
train/rotten/spinach_rotten_0128.jpg,rotten,spinach,train
train/rotten/grapes_rotten_0121.jpg,rotten,grapes,train
train/rotten/apple_rotten_0043.jpg,rotten,apple,train
train/rotten/onion_rotten_0019.jpg,rotten,onion,train
train/rotten/potato_rotten_0168.jpg,rotten,potato,train
train/rotten/grapes_rotten_0191.jpg,rotten,grapes,train
train/rotten/spinach_rotten_0134.jpg,rotten,spinach,train
train/rotten/broccoli_rotten_0038.jpg,rotten,broccoli,train
train/rotten/peach_rotten_0163.jpg,rotten,peach,train
train/rotten/carrot_rotten_0084.jpg,rotten,carrot,train
train/rotten/tomato_rotten_0131.jpg,rotten,tomato,train
train/rotten/carrot_rotten_0027.jpg,rotten,carrot,train
train/rotten/onion_rotten_0071.jpg,rotten,onion,train
train/rotten/banana_rotten_0085.jpg,rotten,banana,train
train/rotten/apple_rotten_0157.jpg,rotten,apple,train
train/rotten/pear_rotten_0058.jpg,rotten,pear,train
train/rotten/pear_rotten_0029.jpg,rotten,pear,train
train/rotten/apple_rotten_0068.jpg,rotten,apple,train
train/rotten/bell_pepper_rotten_0182.jpg,rotten,bell_pepper,train
train/rotten/spinach_rotten_0034.jpg,rotten,spinach,train
train/rotten/grapes_rotten_0031.jpg,rotten,grapes,train
train/rotten/cucumber_rotten_0190.jpg,rotten,cucumber,train
train/rotten/strawberry_rotten_0126.jpg,rotten,strawberry,train
train/rotten/pear_rotten_0172.jpg,rotten,pear,train
train/rotten/broccoli_rotten_0088.jpg,rotten,broccoli,train
train/rotten/carrot_rotten_0148.jpg,rotten,carrot,train
train/rotten/orange_rotten_0107.jpg,rotten,orange,train
train/rotten/corn_rotten_0165.jpg,rotten,corn,train
train/rotten/strawberry_rotten_0093.jpg,rotten,strawberry,train
train/rotten/banana_rotten_0189.jpg,rotten,banana,train
train/rotten/strawberry_rotten_0146.jpg,rotten,strawberry,train
train/rotten/orange_rotten_0163.jpg,rotten,orange,train
train/rotten/carrot_rotten_0140.jpg,rotten,carrot,train
train/rotten/peach_rotten_0123.jpg,rotten,peach,train
train/rotten/tomato_rotten_0176.jpg,rotten,tomato,train
train/rotten/corn_rotten_0134.jpg,rotten,corn,train
train/rotten/apple_rotten_0030.jpg,rotten,apple,train
train/rotten/mango_rotten_0013.jpg,rotten,mango,train
train/rotten/carrot_rotten_0113.jpg,rotten,carrot,train
train/rotten/cucumber_rotten_0118.jpg,rotten,cucumber,train
train/rotten/strawberry_rotten_0029.jpg,rotten,strawberry,train
train/rotten/tomato_rotten_0173.jpg,rotten,tomato,train
train/rotten/tomato_rotten_0076.jpg,rotten,tomato,train
train/rotten/grapes_rotten_0182.jpg,rotten,grapes,train
train/rotten/grapes_rotten_0057.jpg,rotten,grapes,train
train/rotten/peach_rotten_0119.jpg,rotten,peach,train
train/rotten/orange_rotten_0182.jpg,rotten,orange,train
train/rotten/peach_rotten_0020.jpg,rotten,peach,train
train/rotten/peach_rotten_0189.jpg,rotten,peach,train
train/rotten/apple_rotten_0100.jpg,rotten,apple,train
train/rotten/banana_rotten_0199.jpg,rotten,banana,train
train/rotten/peach_rotten_0183.jpg,rotten,peach,train
train/rotten/pear_rotten_0159.jpg,rotten,pear,train
train/rotten/banana_rotten_0111.jpg,rotten,banana,train
train/rotten/cucumber_rotten_0049.jpg,rotten,cucumber,train
train/rotten/tomato_rotten_0060.jpg,rotten,tomato,train
train/rotten/lemon_rotten_0117.jpg,rotten,lemon,train
train/rotten/tomato_rotten_0171.jpg,rotten,tomato,train
train/rotten/grapes_rotten_0056.jpg,rotten,grapes,train
train/rotten/carrot_rotten_0169.jpg,rotten,carrot,train
train/rotten/corn_rotten_0074.jpg,rotten,corn,train
train/rotten/peach_rotten_0107.jpg,rotten,peach,train
train/rotten/broccoli_rotten_0025.jpg,rotten,broccoli,train
train/rotten/strawberry_rotten_0004.jpg,rotten,strawberry,train
train/rotten/strawberry_rotten_0028.jpg,rotten,strawberry,train
train/rotten/pear_rotten_0103.jpg,rotten,pear,train
train/rotten/onion_rotten_0102.jpg,rotten,onion,train
train/rotten/mango_rotten_0186.jpg,rotten,mango,train
train/rotten/bell_pepper_rotten_0194.jpg,rotten,bell_pepper,train
train/rotten/broccoli_rotten_0065.jpg,rotten,broccoli,train
train/rotten/banana_rotten_0153.jpg,rotten,banana,train
train/rotten/potato_rotten_0088.jpg,rotten,potato,train
train/rotten/pineapple_rotten_0103.jpg,rotten,pineapple,train
train/rotten/mango_rotten_0111.jpg,rotten,mango,train
train/rotten/corn_rotten_0008.jpg,rotten,corn,train
train/rotten/cucumber_rotten_0040.jpg,rotten,cucumber,train
train/rotten/spinach_rotten_0120.jpg,rotten,spinach,train
train/rotten/apple_rotten_0022.jpg,rotten,apple,train
train/rotten/bell_pepper_rotten_0148.jpg,rotten,bell_pepper,train
train/rotten/pear_rotten_0070.jpg,rotten,pear,train
train/rotten/banana_rotten_0169.jpg,rotten,banana,train
train/rotten/grapes_rotten_0165.jpg,rotten,grapes,train
train/rotten/mango_rotten_0082.jpg,rotten,mango,train
train/rotten/broccoli_rotten_0177.jpg,rotten,broccoli,train
train/rotten/pineapple_rotten_0155.jpg,rotten,pineapple,train
train/rotten/onion_rotten_0148.jpg,rotten,onion,train
train/rotten/cucumber_rotten_0028.jpg,rotten,cucumber,train
train/rotten/tomato_rotten_0045.jpg,rotten,tomato,train
train/rotten/peach_rotten_0047.jpg,rotten,peach,train
train/rotten/tomato_rotten_0118.jpg,rotten,tomato,train
train/rotten/bell_pepper_rotten_0120.jpg,rotten,bell_pepper,train
train/rotten/corn_rotten_0054.jpg,rotten,corn,train
train/rotten/apple_rotten_0097.jpg,rotten,apple,train
train/rotten/cucumber_rotten_0029.jpg,rotten,cucumber,train
train/rotten/onion_rotten_0001.jpg,rotten,onion,train
train/rotten/banana_rotten_0146.jpg,rotten,banana,train
train/rotten/pineapple_rotten_0193.jpg,rotten,pineapple,train
train/rotten/tomato_rotten_0124.jpg,rotten,tomato,train
train/rotten/broccoli_rotten_0103.jpg,rotten,broccoli,train
train/rotten/spinach_rotten_0139.jpg,rotten,spinach,train
train/rotten/spinach_rotten_0156.jpg,rotten,spinach,train
train/rotten/pineapple_rotten_0146.jpg,rotten,pineapple,train
train/rotten/carrot_rotten_0009.jpg,rotten,carrot,train
train/rotten/garlic_rotten_0029.jpg,rotten,garlic,train
train/rotten/lemon_rotten_0162.jpg,rotten,lemon,train
train/rotten/bell_pepper_rotten_0035.jpg,rotten,bell_pepper,train
train/rotten/cucumber_rotten_0198.jpg,rotten,cucumber,train
train/rotten/pear_rotten_0109.jpg,rotten,pear,train
train/rotten/mango_rotten_0197.jpg,rotten,mango,train
train/rotten/potato_rotten_0190.jpg,rotten,potato,train
train/rotten/spinach_rotten_0026.jpg,rotten,spinach,train
train/rotten/spinach_rotten_0114.jpg,rotten,spinach,train
train/rotten/cucumber_rotten_0069.jpg,rotten,cucumber,train
train/rotten/potato_rotten_0151.jpg,rotten,potato,train
train/rotten/corn_rotten_0099.jpg,rotten,corn,train
train/rotten/broccoli_rotten_0003.jpg,rotten,broccoli,train
train/rotten/apple_rotten_0077.jpg,rotten,apple,train
train/rotten/bell_pepper_rotten_0097.jpg,rotten,bell_pepper,train
train/rotten/broccoli_rotten_0027.jpg,rotten,broccoli,train
train/rotten/broccoli_rotten_0114.jpg,rotten,broccoli,train
train/rotten/broccoli_rotten_0139.jpg,rotten,broccoli,train
train/rotten/corn_rotten_0177.jpg,rotten,corn,train
train/rotten/grapes_rotten_0085.jpg,rotten,grapes,train
train/rotten/banana_rotten_0096.jpg,rotten,banana,train
train/rotten/pear_rotten_0144.jpg,rotten,pear,train
train/rotten/corn_rotten_0179.jpg,rotten,corn,train
train/rotten/onion_rotten_0150.jpg,rotten,onion,train
train/rotten/broccoli_rotten_0119.jpg,rotten,broccoli,train
train/rotten/apple_rotten_0191.jpg,rotten,apple,train
train/rotten/potato_rotten_0018.jpg,rotten,potato,train
train/rotten/banana_rotten_0105.jpg,rotten,banana,train
train/rotten/strawberry_rotten_0161.jpg,rotten,strawberry,train
train/rotten/spinach_rotten_0158.jpg,rotten,spinach,train
train/rotten/garlic_rotten_0099.jpg,rotten,garlic,train
train/rotten/potato_rotten_0070.jpg,rotten,potato,train
train/rotten/banana_rotten_0000.jpg,rotten,banana,train
train/rotten/pineapple_rotten_0059.jpg,rotten,pineapple,train
train/rotten/pineapple_rotten_0164.jpg,rotten,pineapple,train
train/rotten/banana_rotten_0098.jpg,rotten,banana,train
train/rotten/lemon_rotten_0128.jpg,rotten,lemon,train
train/rotten/grapes_rotten_0113.jpg,rotten,grapes,train
train/rotten/corn_rotten_0022.jpg,rotten,corn,train
train/rotten/tomato_rotten_0158.jpg,rotten,tomato,train
train/rotten/onion_rotten_0049.jpg,rotten,onion,train
train/rotten/orange_rotten_0033.jpg,rotten,orange,train
train/rotten/orange_rotten_0097.jpg,rotten,orange,train
train/rotten/bell_pepper_rotten_0032.jpg,rotten,bell_pepper,train
train/rotten/pineapple_rotten_0040.jpg,rotten,pineapple,train
train/rotten/lemon_rotten_0059.jpg,rotten,lemon,train
train/rotten/orange_rotten_0038.jpg,rotten,orange,train
train/rotten/grapes_rotten_0127.jpg,rotten,grapes,train
train/rotten/cucumber_rotten_0142.jpg,rotten,cucumber,train
train/rotten/pineapple_rotten_0130.jpg,rotten,pineapple,train
train/rotten/lemon_rotten_0063.jpg,rotten,lemon,train
train/rotten/strawberry_rotten_0099.jpg,rotten,strawberry,train
train/rotten/lemon_rotten_0141.jpg,rotten,lemon,train
train/rotten/banana_rotten_0078.jpg,rotten,banana,train
train/rotten/bell_pepper_rotten_0055.jpg,rotten,bell_pepper,train
train/rotten/garlic_rotten_0135.jpg,rotten,garlic,train
train/rotten/spinach_rotten_0055.jpg,rotten,spinach,train
train/rotten/garlic_rotten_0098.jpg,rotten,garlic,train
train/rotten/banana_rotten_0174.jpg,rotten,banana,train
train/rotten/strawberry_rotten_0092.jpg,rotten,strawberry,train
train/rotten/apple_rotten_0174.jpg,rotten,apple,train
train/rotten/corn_rotten_0197.jpg,rotten,corn,train
train/rotten/broccoli_rotten_0186.jpg,rotten,broccoli,train
train/rotten/potato_rotten_0157.jpg,rotten,potato,train
train/rotten/apple_rotten_0029.jpg,rotten,apple,train
train/rotten/garlic_rotten_0075.jpg,rotten,garlic,train
train/rotten/garlic_rotten_0159.jpg,rotten,garlic,train
train/rotten/orange_rotten_0017.jpg,rotten,orange,train
train/rotten/peach_rotten_0154.jpg,rotten,peach,train
train/rotten/peach_rotten_0035.jpg,rotten,peach,train
train/rotten/onion_rotten_0064.jpg,rotten,onion,train
train/rotten/tomato_rotten_0075.jpg,rotten,tomato,train
train/rotten/apple_rotten_0137.jpg,rotten,apple,train
train/rotten/spinach_rotten_0152.jpg,rotten,spinach,train
train/rotten/tomato_rotten_0054.jpg,rotten,tomato,train
train/rotten/orange_rotten_0025.jpg,rotten,orange,train
train/rotten/grapes_rotten_0114.jpg,rotten,grapes,train
train/rotten/mango_rotten_0076.jpg,rotten,mango,train
train/rotten/bell_pepper_rotten_0141.jpg,rotten,bell_pepper,train
train/rotten/potato_rotten_0112.jpg,rotten,potato,train
train/rotten/cucumber_rotten_0038.jpg,rotten,cucumber,train
train/rotten/bell_pepper_rotten_0041.jpg,rotten,bell_pepper,train
train/rotten/mango_rotten_0122.jpg,rotten,mango,train
train/rotten/bell_pepper_rotten_0089.jpg,rotten,bell_pepper,train
train/rotten/potato_rotten_0177.jpg,rotten,potato,train
train/rotten/pear_rotten_0015.jpg,rotten,pear,train
train/rotten/broccoli_rotten_0133.jpg,rotten,broccoli,train
train/rotten/onion_rotten_0092.jpg,rotten,onion,train
train/rotten/mango_rotten_0046.jpg,rotten,mango,train
train/rotten/carrot_rotten_0099.jpg,rotten,carrot,train
train/rotten/pear_rotten_0096.jpg,rotten,pear,train
train/rotten/pear_rotten_0151.jpg,rotten,pear,train
train/rotten/apple_rotten_0189.jpg,rotten,apple,train
train/rotten/pineapple_rotten_0046.jpg,rotten,pineapple,train
train/rotten/pineapple_rotten_0067.jpg,rotten,pineapple,train
train/rotten/banana_rotten_0046.jpg,rotten,banana,train
train/rotten/lemon_rotten_0147.jpg,rotten,lemon,train
train/rotten/garlic_rotten_0053.jpg,rotten,garlic,train
train/rotten/cucumber_rotten_0171.jpg,rotten,cucumber,train
train/rotten/pineapple_rotten_0124.jpg,rotten,pineapple,train
train/rotten/orange_rotten_0154.jpg,rotten,orange,train
train/rotten/peach_rotten_0133.jpg,rotten,peach,train
train/rotten/mango_rotten_0119.jpg,rotten,mango,train
train/rotten/pear_rotten_0016.jpg,rotten,pear,train
train/rotten/carrot_rotten_0012.jpg,rotten,carrot,train
train/rotten/onion_rotten_0017.jpg,rotten,onion,train
train/rotten/strawberry_rotten_0163.jpg,rotten,strawberry,train
train/rotten/apple_rotten_0168.jpg,rotten,apple,train
train/rotten/orange_rotten_0137.jpg,rotten,orange,train
train/rotten/onion_rotten_0145.jpg,rotten,onion,train
train/rotten/bell_pepper_rotten_0012.jpg,rotten,bell_pepper,train
train/rotten/peach_rotten_0191.jpg,rotten,peach,train
train/rotten/orange_rotten_0008.jpg,rotten,orange,train
train/rotten/cucumber_rotten_0188.jpg,rotten,cucumber,train
train/rotten/carrot_rotten_0058.jpg,rotten,carrot,train
train/rotten/grapes_rotten_0006.jpg,rotten,grapes,train
train/rotten/lemon_rotten_0129.jpg,rotten,lemon,train
train/rotten/carrot_rotten_0175.jpg,rotten,carrot,train
train/rotten/broccoli_rotten_0087.jpg,rotten,broccoli,train
train/rotten/spinach_rotten_0076.jpg,rotten,spinach,train
train/rotten/mango_rotten_0096.jpg,rotten,mango,train
train/rotten/garlic_rotten_0012.jpg,rotten,garlic,train
train/rotten/potato_rotten_0063.jpg,rotten,potato,train
train/rotten/tomato_rotten_0034.jpg,rotten,tomato,train
train/rotten/broccoli_rotten_0085.jpg,rotten,broccoli,train
train/rotten/pineapple_rotten_0184.jpg,rotten,pineapple,train
train/rotten/spinach_rotten_0196.jpg,rotten,spinach,train
train/rotten/pear_rotten_0072.jpg,rotten,pear,train
train/rotten/bell_pepper_rotten_0179.jpg,rotten,bell_pepper,train
train/rotten/lemon_rotten_0198.jpg,rotten,lemon,train
train/rotten/banana_rotten_0176.jpg,rotten,banana,train
train/rotten/apple_rotten_0076.jpg,rotten,apple,train
train/rotten/peach_rotten_0045.jpg,rotten,peach,train
train/rotten/orange_rotten_0013.jpg,rotten,orange,train
train/rotten/lemon_rotten_0004.jpg,rotten,lemon,train
train/rotten/bell_pepper_rotten_0146.jpg,rotten,bell_pepper,train
train/rotten/peach_rotten_0032.jpg,rotten,peach,train
train/rotten/mango_rotten_0109.jpg,rotten,mango,train
train/rotten/cucumber_rotten_0024.jpg,rotten,cucumber,train
train/rotten/corn_rotten_0113.jpg,rotten,corn,train
train/rotten/banana_rotten_0132.jpg,rotten,banana,train
train/rotten/grapes_rotten_0135.jpg,rotten,grapes,train
train/rotten/corn_rotten_0018.jpg,rotten,corn,train
train/rotten/apple_rotten_0154.jpg,rotten,apple,train
train/rotten/orange_rotten_0069.jpg,rotten,orange,train
train/rotten/spinach_rotten_0115.jpg,rotten,spinach,train
train/rotten/garlic_rotten_0143.jpg,rotten,garlic,train
train/rotten/mango_rotten_0192.jpg,rotten,mango,train
train/rotten/pineapple_rotten_0047.jpg,rotten,pineapple,train
train/rotten/onion_rotten_0183.jpg,rotten,onion,train
train/rotten/carrot_rotten_0154.jpg,rotten,carrot,train
train/rotten/mango_rotten_0120.jpg,rotten,mango,train
train/rotten/mango_rotten_0040.jpg,rotten,mango,train
train/rotten/carrot_rotten_0159.jpg,rotten,carrot,train
train/rotten/apple_rotten_0090.jpg,rotten,apple,train
train/rotten/cucumber_rotten_0189.jpg,rotten,cucumber,train
train/rotten/onion_rotten_0047.jpg,rotten,onion,train
train/rotten/garlic_rotten_0042.jpg,rotten,garlic,train
train/rotten/bell_pepper_rotten_0048.jpg,rotten,bell_pepper,train
train/rotten/carrot_rotten_0128.jpg,rotten,carrot,train
train/rotten/garlic_rotten_0077.jpg,rotten,garlic,train
train/rotten/corn_rotten_0103.jpg,rotten,corn,train
train/rotten/garlic_rotten_0170.jpg,rotten,garlic,train
train/rotten/mango_rotten_0146.jpg,rotten,mango,train
train/rotten/corn_rotten_0199.jpg,rotten,corn,train
train/rotten/garlic_rotten_0183.jpg,rotten,garlic,train
train/rotten/pear_rotten_0140.jpg,rotten,pear,train
train/rotten/spinach_rotten_0015.jpg,rotten,spinach,train
train/rotten/corn_rotten_0064.jpg,rotten,corn,train
train/rotten/peach_rotten_0025.jpg,rotten,peach,train
train/rotten/grapes_rotten_0133.jpg,rotten,grapes,train
train/rotten/bell_pepper_rotten_0114.jpg,rotten,bell_pepper,train
train/rotten/lemon_rotten_0081.jpg,rotten,lemon,train
train/rotten/orange_rotten_0178.jpg,rotten,orange,train
train/rotten/grapes_rotten_0054.jpg,rotten,grapes,train
train/rotten/banana_rotten_0049.jpg,rotten,banana,train
train/rotten/broccoli_rotten_0129.jpg,rotten,broccoli,train
train/rotten/banana_rotten_0192.jpg,rotten,banana,train
train/rotten/spinach_rotten_0089.jpg,rotten,spinach,train
train/rotten/pineapple_rotten_0038.jpg,rotten,pineapple,train
train/rotten/carrot_rotten_0109.jpg,rotten,carrot,train
train/rotten/onion_rotten_0158.jpg,rotten,onion,train
train/rotten/peach_rotten_0028.jpg,rotten,peach,train
train/rotten/peach_rotten_0132.jpg,rotten,peach,train
train/rotten/garlic_rotten_0048.jpg,rotten,garlic,train
train/rotten/spinach_rotten_0092.jpg,rotten,spinach,train
train/rotten/garlic_rotten_0113.jpg,rotten,garlic,train
train/rotten/bell_pepper_rotten_0175.jpg,rotten,bell_pepper,train
train/rotten/bell_pepper_rotten_0018.jpg,rotten,bell_pepper,train
train/rotten/bell_pepper_rotten_0187.jpg,rotten,bell_pepper,train
train/rotten/lemon_rotten_0021.jpg,rotten,lemon,train
train/rotten/pineapple_rotten_0064.jpg,rotten,pineapple,train
train/rotten/apple_rotten_0194.jpg,rotten,apple,train
train/rotten/corn_rotten_0012.jpg,rotten,corn,train
train/rotten/tomato_rotten_0061.jpg,rotten,tomato,train
train/rotten/pear_rotten_0053.jpg,rotten,pear,train
train/rotten/pineapple_rotten_0070.jpg,rotten,pineapple,train
train/rotten/spinach_rotten_0058.jpg,rotten,spinach,train
train/rotten/apple_rotten_0017.jpg,rotten,apple,train
train/rotten/garlic_rotten_0054.jpg,rotten,garlic,train
train/rotten/bell_pepper_rotten_0188.jpg,rotten,bell_pepper,train
train/rotten/cucumber_rotten_0009.jpg,rotten,cucumber,train
train/rotten/cucumber_rotten_0157.jpg,rotten,cucumber,train
train/rotten/onion_rotten_0114.jpg,rotten,onion,train
train/rotten/bell_pepper_rotten_0189.jpg,rotten,bell_pepper,train
train/rotten/pineapple_rotten_0185.jpg,rotten,pineapple,train
train/rotten/spinach_rotten_0173.jpg,rotten,spinach,train
train/rotten/peach_rotten_0068.jpg,rotten,peach,train
train/rotten/peach_rotten_0151.jpg,rotten,peach,train
train/rotten/carrot_rotten_0111.jpg,rotten,carrot,train
train/rotten/cucumber_rotten_0173.jpg,rotten,cucumber,train
train/rotten/apple_rotten_0136.jpg,rotten,apple,train
train/rotten/mango_rotten_0054.jpg,rotten,mango,train
train/rotten/broccoli_rotten_0013.jpg,rotten,broccoli,train
train/rotten/pineapple_rotten_0081.jpg,rotten,pineapple,train
train/rotten/lemon_rotten_0189.jpg,rotten,lemon,train
train/rotten/spinach_rotten_0093.jpg,rotten,spinach,train
train/rotten/potato_rotten_0082.jpg,rotten,potato,train
train/rotten/orange_rotten_0122.jpg,rotten,orange,train
train/rotten/grapes_rotten_0042.jpg,rotten,grapes,train
train/rotten/grapes_rotten_0199.jpg,rotten,grapes,train
train/rotten/cucumber_rotten_0093.jpg,rotten,cucumber,train
train/rotten/peach_rotten_0089.jpg,rotten,peach,train
train/rotten/banana_rotten_0028.jpg,rotten,banana,train
train/rotten/carrot_rotten_0164.jpg,rotten,carrot,train
train/rotten/peach_rotten_0182.jpg,rotten,peach,train
train/rotten/potato_rotten_0199.jpg,rotten,potato,train
train/rotten/apple_rotten_0002.jpg,rotten,apple,train
train/rotten/broccoli_rotten_0099.jpg,rotten,broccoli,train
train/rotten/bell_pepper_rotten_0170.jpg,rotten,bell_pepper,train
train/rotten/onion_rotten_0125.jpg,rotten,onion,train
train/rotten/banana_rotten_0191.jpg,rotten,banana,train
train/rotten/tomato_rotten_0153.jpg,rotten,tomato,train
train/rotten/orange_rotten_0108.jpg,rotten,orange,train
train/rotten/pear_rotten_0130.jpg,rotten,pear,train
train/rotten/potato_rotten_0180.jpg,rotten,potato,train
train/rotten/strawberry_rotten_0065.jpg,rotten,strawberry,train
train/rotten/peach_rotten_0126.jpg,rotten,peach,train
train/rotten/bell_pepper_rotten_0135.jpg,rotten,bell_pepper,train
train/rotten/orange_rotten_0147.jpg,rotten,orange,train
train/rotten/garlic_rotten_0114.jpg,rotten,garlic,train
train/rotten/garlic_rotten_0037.jpg,rotten,garlic,train
train/rotten/pineapple_rotten_0096.jpg,rotten,pineapple,train
train/rotten/pineapple_rotten_0110.jpg,rotten,pineapple,train
train/rotten/orange_rotten_0064.jpg,rotten,orange,train
train/rotten/garlic_rotten_0009.jpg,rotten,garlic,train
train/rotten/strawberry_rotten_0019.jpg,rotten,strawberry,train
train/rotten/garlic_rotten_0073.jpg,rotten,garlic,train
train/rotten/orange_rotten_0075.jpg,rotten,orange,train
train/rotten/garlic_rotten_0013.jpg,rotten,garlic,train
train/rotten/strawberry_rotten_0003.jpg,rotten,strawberry,train
train/rotten/apple_rotten_0193.jpg,rotten,apple,train
train/rotten/strawberry_rotten_0023.jpg,rotten,strawberry,train
train/rotten/pear_rotten_0198.jpg,rotten,pear,train
train/rotten/pineapple_rotten_0197.jpg,rotten,pineapple,train
train/rotten/broccoli_rotten_0064.jpg,rotten,broccoli,train
train/rotten/cucumber_rotten_0146.jpg,rotten,cucumber,train
train/rotten/lemon_rotten_0073.jpg,rotten,lemon,train
train/rotten/tomato_rotten_0039.jpg,rotten,tomato,train
train/rotten/orange_rotten_0109.jpg,rotten,orange,train
train/rotten/banana_rotten_0057.jpg,rotten,banana,train
train/rotten/lemon_rotten_0165.jpg,rotten,lemon,train
train/rotten/onion_rotten_0034.jpg,rotten,onion,train
train/rotten/cucumber_rotten_0084.jpg,rotten,cucumber,train
train/rotten/garlic_rotten_0186.jpg,rotten,garlic,train
train/rotten/tomato_rotten_0036.jpg,rotten,tomato,train
train/rotten/bell_pepper_rotten_0010.jpg,rotten,bell_pepper,train
train/rotten/tomato_rotten_0047.jpg,rotten,tomato,train
train/rotten/grapes_rotten_0131.jpg,rotten,grapes,train
train/rotten/bell_pepper_rotten_0167.jpg,rotten,bell_pepper,train
train/rotten/banana_rotten_0097.jpg,rotten,banana,train
train/rotten/peach_rotten_0159.jpg,rotten,peach,train
train/rotten/cucumber_rotten_0102.jpg,rotten,cucumber,train
train/rotten/strawberry_rotten_0084.jpg,rotten,strawberry,train
train/rotten/strawberry_rotten_0025.jpg,rotten,strawberry,train
train/rotten/carrot_rotten_0143.jpg,rotten,carrot,train
train/rotten/strawberry_rotten_0085.jpg,rotten,strawberry,train
train/rotten/grapes_rotten_0013.jpg,rotten,grapes,train
train/rotten/potato_rotten_0103.jpg,rotten,potato,train
train/rotten/apple_rotten_0051.jpg,rotten,apple,train
train/rotten/broccoli_rotten_0029.jpg,rotten,broccoli,train
train/rotten/mango_rotten_0110.jpg,rotten,mango,train
train/rotten/mango_rotten_0157.jpg,rotten,mango,train
train/rotten/spinach_rotten_0169.jpg,rotten,spinach,train
train/rotten/banana_rotten_0130.jpg,rotten,banana,train
train/rotten/garlic_rotten_0069.jpg,rotten,garlic,train
train/rotten/apple_rotten_0071.jpg,rotten,apple,train
train/rotten/cucumber_rotten_0066.jpg,rotten,cucumber,train
train/rotten/carrot_rotten_0132.jpg,rotten,carrot,train
train/rotten/apple_rotten_0141.jpg,rotten,apple,train
train/rotten/onion_rotten_0132.jpg,rotten,onion,train
train/rotten/grapes_rotten_0078.jpg,rotten,grapes,train
train/rotten/mango_rotten_0020.jpg,rotten,mango,train
train/rotten/pear_rotten_0003.jpg,rotten,pear,train
train/rotten/grapes_rotten_0038.jpg,rotten,grapes,train
train/rotten/garlic_rotten_0148.jpg,rotten,garlic,train
train/rotten/pear_rotten_0094.jpg,rotten,pear,train
train/rotten/spinach_rotten_0069.jpg,rotten,spinach,train
train/rotten/grapes_rotten_0043.jpg,rotten,grapes,train
train/rotten/onion_rotten_0082.jpg,rotten,onion,train
train/rotten/garlic_rotten_0142.jpg,rotten,garlic,train
train/rotten/lemon_rotten_0095.jpg,rotten,lemon,train
train/rotten/apple_rotten_0130.jpg,rotten,apple,train
train/rotten/potato_rotten_0073.jpg,rotten,potato,train
train/rotten/garlic_rotten_0079.jpg,rotten,garlic,train
train/rotten/spinach_rotten_0056.jpg,rotten,spinach,train
train/rotten/bell_pepper_rotten_0038.jpg,rotten,bell_pepper,train
train/rotten/banana_rotten_0133.jpg,rotten,banana,train
train/rotten/pineapple_rotten_0082.jpg,rotten,pineapple,train
train/rotten/strawberry_rotten_0098.jpg,rotten,strawberry,train
train/rotten/onion_rotten_0138.jpg,rotten,onion,train
train/rotten/corn_rotten_0131.jpg,rotten,corn,train
train/rotten/tomato_rotten_0089.jpg,rotten,tomato,train
train/rotten/garlic_rotten_0169.jpg,rotten,garlic,train
train/rotten/banana_rotten_0178.jpg,rotten,banana,train
train/rotten/tomato_rotten_0174.jpg,rotten,tomato,train
train/rotten/grapes_rotten_0041.jpg,rotten,grapes,train
train/rotten/garlic_rotten_0018.jpg,rotten,garlic,train
train/rotten/pineapple_rotten_0051.jpg,rotten,pineapple,train
train/rotten/potato_rotten_0068.jpg,rotten,potato,train
train/rotten/pear_rotten_0176.jpg,rotten,pear,train
train/rotten/potato_rotten_0179.jpg,rotten,potato,train
train/rotten/lemon_rotten_0000.jpg,rotten,lemon,train
train/rotten/carrot_rotten_0057.jpg,rotten,carrot,train
train/rotten/mango_rotten_0014.jpg,rotten,mango,train
train/rotten/orange_rotten_0116.jpg,rotten,orange,train
train/rotten/carrot_rotten_0168.jpg,rotten,carrot,train
train/rotten/onion_rotten_0136.jpg,rotten,onion,train
train/rotten/cucumber_rotten_0158.jpg,rotten,cucumber,train
train/rotten/lemon_rotten_0124.jpg,rotten,lemon,train
train/rotten/spinach_rotten_0103.jpg,rotten,spinach,train
train/rotten/grapes_rotten_0103.jpg,rotten,grapes,train
train/rotten/apple_rotten_0170.jpg,rotten,apple,train
train/rotten/mango_rotten_0052.jpg,rotten,mango,train
train/rotten/peach_rotten_0118.jpg,rotten,peach,train
train/rotten/banana_rotten_0036.jpg,rotten,banana,train
train/rotten/pineapple_rotten_0044.jpg,rotten,pineapple,train
train/rotten/apple_rotten_0198.jpg,rotten,apple,train
train/rotten/cucumber_rotten_0144.jpg,rotten,cucumber,train
train/rotten/broccoli_rotten_0001.jpg,rotten,broccoli,train
train/rotten/bell_pepper_rotten_0145.jpg,rotten,bell_pepper,train
train/rotten/mango_rotten_0131.jpg,rotten,mango,train
train/rotten/potato_rotten_0195.jpg,rotten,potato,train
train/rotten/pineapple_rotten_0114.jpg,rotten,pineapple,train
train/rotten/apple_rotten_0176.jpg,rotten,apple,train
train/rotten/orange_rotten_0171.jpg,rotten,orange,train
train/rotten/onion_rotten_0130.jpg,rotten,onion,train
train/rotten/orange_rotten_0172.jpg,rotten,orange,train
train/rotten/tomato_rotten_0023.jpg,rotten,tomato,train
train/rotten/lemon_rotten_0112.jpg,rotten,lemon,train
train/rotten/corn_rotten_0015.jpg,rotten,corn,train
train/rotten/grapes_rotten_0187.jpg,rotten,grapes,train
train/rotten/cucumber_rotten_0127.jpg,rotten,cucumber,train
train/rotten/strawberry_rotten_0125.jpg,rotten,strawberry,train
train/rotten/carrot_rotten_0022.jpg,rotten,carrot,train
train/rotten/broccoli_rotten_0173.jpg,rotten,broccoli,train
train/rotten/pear_rotten_0186.jpg,rotten,pear,train
train/rotten/spinach_rotten_0188.jpg,rotten,spinach,train
train/rotten/orange_rotten_0160.jpg,rotten,orange,train
train/rotten/garlic_rotten_0030.jpg,rotten,garlic,train
train/rotten/strawberry_rotten_0074.jpg,rotten,strawberry,train
train/rotten/onion_rotten_0007.jpg,rotten,onion,train
train/rotten/garlic_rotten_0149.jpg,rotten,garlic,train
train/rotten/lemon_rotten_0042.jpg,rotten,lemon,train
train/rotten/lemon_rotten_0131.jpg,rotten,lemon,train
train/rotten/lemon_rotten_0121.jpg,rotten,lemon,train
train/rotten/grapes_rotten_0051.jpg,rotten,grapes,train
train/rotten/mango_rotten_0048.jpg,rotten,mango,train
train/rotten/corn_rotten_0114.jpg,rotten,corn,train
train/rotten/bell_pepper_rotten_0115.jpg,rotten,bell_pepper,train
train/rotten/peach_rotten_0122.jpg,rotten,peach,train
train/rotten/pear_rotten_0141.jpg,rotten,pear,train
train/rotten/grapes_rotten_0058.jpg,rotten,grapes,train
train/rotten/mango_rotten_0009.jpg,rotten,mango,train
train/rotten/banana_rotten_0110.jpg,rotten,banana,train
train/rotten/peach_rotten_0170.jpg,rotten,peach,train
train/rotten/lemon_rotten_0164.jpg,rotten,lemon,train
train/rotten/onion_rotten_0119.jpg,rotten,onion,train
train/rotten/grapes_rotten_0172.jpg,rotten,grapes,train
train/rotten/banana_rotten_0053.jpg,rotten,banana,train
train/rotten/spinach_rotten_0183.jpg,rotten,spinach,train
train/rotten/spinach_rotten_0003.jpg,rotten,spinach,train
train/rotten/onion_rotten_0088.jpg,rotten,onion,train
train/rotten/bell_pepper_rotten_0082.jpg,rotten,bell_pepper,train
train/rotten/tomato_rotten_0082.jpg,rotten,tomato,train
train/rotten/pear_rotten_0122.jpg,rotten,pear,train
train/rotten/broccoli_rotten_0142.jpg,rotten,broccoli,train
train/rotten/corn_rotten_0025.jpg,rotten,corn,train
train/rotten/potato_rotten_0148.jpg,rotten,potato,train
train/rotten/pear_rotten_0069.jpg,rotten,pear,train
train/rotten/lemon_rotten_0104.jpg,rotten,lemon,train
train/rotten/carrot_rotten_0125.jpg,rotten,carrot,train
train/rotten/garlic_rotten_0134.jpg,rotten,garlic,train
train/rotten/pear_rotten_0120.jpg,rotten,pear,train
train/rotten/orange_rotten_0159.jpg,rotten,orange,train
train/rotten/broccoli_rotten_0150.jpg,rotten,broccoli,train
train/rotten/grapes_rotten_0138.jpg,rotten,grapes,train
train/rotten/mango_rotten_0195.jpg,rotten,mango,train
train/rotten/spinach_rotten_0086.jpg,rotten,spinach,train
train/rotten/strawberry_rotten_0120.jpg,rotten,strawberry,train
train/rotten/peach_rotten_0197.jpg,rotten,peach,train
train/rotten/lemon_rotten_0007.jpg,rotten,lemon,train
train/rotten/mango_rotten_0081.jpg,rotten,mango,train
train/rotten/apple_rotten_0145.jpg,rotten,apple,train
train/rotten/garlic_rotten_0105.jpg,rotten,garlic,train
train/rotten/grapes_rotten_0136.jpg,rotten,grapes,train
train/rotten/peach_rotten_0064.jpg,rotten,peach,train
train/rotten/orange_rotten_0036.jpg,rotten,orange,train
train/rotten/pineapple_rotten_0137.jpg,rotten,pineapple,train
train/rotten/broccoli_rotten_0036.jpg,rotten,broccoli,train
train/rotten/peach_rotten_0059.jpg,rotten,peach,train
train/rotten/bell_pepper_rotten_0016.jpg,rotten,bell_pepper,train
train/rotten/banana_rotten_0017.jpg,rotten,banana,train
train/rotten/lemon_rotten_0066.jpg,rotten,lemon,train
train/rotten/cucumber_rotten_0145.jpg,rotten,cucumber,train
train/rotten/broccoli_rotten_0082.jpg,rotten,broccoli,train
train/rotten/tomato_rotten_0190.jpg,rotten,tomato,train
train/rotten/broccoli_rotten_0078.jpg,rotten,broccoli,train
train/rotten/onion_rotten_0094.jpg,rotten,onion,train
train/rotten/pear_rotten_0177.jpg,rotten,pear,train
train/rotten/cucumber_rotten_0005.jpg,rotten,cucumber,train
train/rotten/bell_pepper_rotten_0171.jpg,rotten,bell_pepper,train
train/rotten/strawberry_rotten_0175.jpg,rotten,strawberry,train
train/rotten/onion_rotten_0083.jpg,rotten,onion,train
train/rotten/mango_rotten_0188.jpg,rotten,mango,train
train/rotten/corn_rotten_0093.jpg,rotten,corn,train
train/rotten/lemon_rotten_0183.jpg,rotten,lemon,train
train/rotten/garlic_rotten_0061.jpg,rotten,garlic,train
train/rotten/apple_rotten_0099.jpg,rotten,apple,train
train/rotten/bell_pepper_rotten_0069.jpg,rotten,bell_pepper,train
train/rotten/cucumber_rotten_0057.jpg,rotten,cucumber,train
train/rotten/garlic_rotten_0110.jpg,rotten,garlic,train
train/rotten/broccoli_rotten_0172.jpg,rotten,broccoli,train
train/rotten/orange_rotten_0133.jpg,rotten,orange,train
train/rotten/mango_rotten_0080.jpg,rotten,mango,train
train/rotten/pineapple_rotten_0054.jpg,rotten,pineapple,train
train/rotten/banana_rotten_0042.jpg,rotten,banana,train
train/rotten/carrot_rotten_0170.jpg,rotten,carrot,train
train/rotten/potato_rotten_0128.jpg,rotten,potato,train
train/rotten/lemon_rotten_0115.jpg,rotten,lemon,train
train/rotten/pineapple_rotten_0108.jpg,rotten,pineapple,train
train/rotten/pineapple_rotten_0010.jpg,rotten,pineapple,train
train/rotten/orange_rotten_0134.jpg,rotten,orange,train
train/rotten/orange_rotten_0100.jpg,rotten,orange,train
train/rotten/potato_rotten_0158.jpg,rotten,potato,train
train/rotten/grapes_rotten_0119.jpg,rotten,grapes,train
train/rotten/potato_rotten_0025.jpg,rotten,potato,train
train/rotten/strawberry_rotten_0069.jpg,rotten,strawberry,train
train/rotten/strawberry_rotten_0059.jpg,rotten,strawberry,train
train/rotten/onion_rotten_0041.jpg,rotten,onion,train
train/rotten/pineapple_rotten_0172.jpg,rotten,pineapple,train
train/rotten/pineapple_rotten_0150.jpg,rotten,pineapple,train
train/rotten/orange_rotten_0103.jpg,rotten,orange,train
train/rotten/spinach_rotten_0123.jpg,rotten,spinach,train
train/rotten/pineapple_rotten_0020.jpg,rotten,pineapple,train
train/rotten/peach_rotten_0019.jpg,rotten,peach,train
train/rotten/corn_rotten_0071.jpg,rotten,corn,train
train/rotten/banana_rotten_0102.jpg,rotten,banana,train
train/rotten/carrot_rotten_0044.jpg,rotten,carrot,train
train/rotten/peach_rotten_0041.jpg,rotten,peach,train
train/rotten/peach_rotten_0177.jpg,rotten,peach,train
train/rotten/spinach_rotten_0050.jpg,rotten,spinach,train
train/rotten/apple_rotten_0153.jpg,rotten,apple,train
train/rotten/corn_rotten_0121.jpg,rotten,corn,train
train/rotten/strawberry_rotten_0199.jpg,rotten,strawberry,train
train/rotten/tomato_rotten_0068.jpg,rotten,tomato,train
train/rotten/cucumber_rotten_0191.jpg,rotten,cucumber,train
train/rotten/carrot_rotten_0116.jpg,rotten,carrot,train
train/rotten/corn_rotten_0153.jpg,rotten,corn,train
train/rotten/broccoli_rotten_0117.jpg,rotten,broccoli,train
train/rotten/mango_rotten_0102.jpg,rotten,mango,train
train/rotten/corn_rotten_0003.jpg,rotten,corn,train
train/rotten/strawberry_rotten_0017.jpg,rotten,strawberry,train
train/rotten/strawberry_rotten_0104.jpg,rotten,strawberry,train
train/rotten/onion_rotten_0110.jpg,rotten,onion,train
train/rotten/broccoli_rotten_0194.jpg,rotten,broccoli,train
train/rotten/lemon_rotten_0126.jpg,rotten,lemon,train
train/rotten/potato_rotten_0131.jpg,rotten,potato,train
train/rotten/corn_rotten_0180.jpg,rotten,corn,train
train/rotten/strawberry_rotten_0192.jpg,rotten,strawberry,train
train/rotten/banana_rotten_0127.jpg,rotten,banana,train
train/rotten/tomato_rotten_0151.jpg,rotten,tomato,train
train/rotten/pear_rotten_0063.jpg,rotten,pear,train
train/rotten/banana_rotten_0095.jpg,rotten,banana,train
train/rotten/orange_rotten_0087.jpg,rotten,orange,train
train/rotten/peach_rotten_0038.jpg,rotten,peach,train
train/rotten/lemon_rotten_0018.jpg,rotten,lemon,train
train/rotten/pear_rotten_0030.jpg,rotten,pear,train
train/rotten/corn_rotten_0107.jpg,rotten,corn,train
train/rotten/carrot_rotten_0041.jpg,rotten,carrot,train
train/rotten/potato_rotten_0049.jpg,rotten,potato,train
train/rotten/grapes_rotten_0024.jpg,rotten,grapes,train
train/rotten/apple_rotten_0144.jpg,rotten,apple,train
train/rotten/peach_rotten_0023.jpg,rotten,peach,train
train/rotten/broccoli_rotten_0196.jpg,rotten,broccoli,train
train/rotten/broccoli_rotten_0080.jpg,rotten,broccoli,train
train/rotten/lemon_rotten_0051.jpg,rotten,lemon,train
train/rotten/lemon_rotten_0032.jpg,rotten,lemon,train
train/rotten/banana_rotten_0067.jpg,rotten,banana,train
train/rotten/garlic_rotten_0043.jpg,rotten,garlic,train
train/rotten/carrot_rotten_0004.jpg,rotten,carrot,train
train/rotten/cucumber_rotten_0115.jpg,rotten,cucumber,train
train/rotten/peach_rotten_0039.jpg,rotten,peach,train
train/rotten/pineapple_rotten_0085.jpg,rotten,pineapple,train
train/rotten/grapes_rotten_0065.jpg,rotten,grapes,train
train/rotten/orange_rotten_0191.jpg,rotten,orange,train
train/rotten/strawberry_rotten_0191.jpg,rotten,strawberry,train
train/rotten/apple_rotten_0009.jpg,rotten,apple,train
train/rotten/strawberry_rotten_0136.jpg,rotten,strawberry,train
train/rotten/strawberry_rotten_0024.jpg,rotten,strawberry,train
train/rotten/pear_rotten_0124.jpg,rotten,pear,train
train/rotten/strawberry_rotten_0032.jpg,rotten,strawberry,train
train/rotten/banana_rotten_0129.jpg,rotten,banana,train
train/rotten/corn_rotten_0135.jpg,rotten,corn,train
train/rotten/spinach_rotten_0175.jpg,rotten,spinach,train
train/rotten/banana_rotten_0167.jpg,rotten,banana,train
train/rotten/strawberry_rotten_0012.jpg,rotten,strawberry,train
train/rotten/carrot_rotten_0003.jpg,rotten,carrot,train
train/rotten/potato_rotten_0170.jpg,rotten,potato,train
train/rotten/lemon_rotten_0119.jpg,rotten,lemon,train
train/rotten/broccoli_rotten_0168.jpg,rotten,broccoli,train
train/rotten/orange_rotten_0042.jpg,rotten,orange,train
train/rotten/carrot_rotten_0100.jpg,rotten,carrot,train
train/rotten/corn_rotten_0194.jpg,rotten,corn,train
train/rotten/apple_rotten_0016.jpg,rotten,apple,train
train/rotten/mango_rotten_0051.jpg,rotten,mango,train
train/rotten/bell_pepper_rotten_0186.jpg,rotten,bell_pepper,train
train/rotten/potato_rotten_0192.jpg,rotten,potato,train
train/rotten/garlic_rotten_0023.jpg,rotten,garlic,train
train/rotten/tomato_rotten_0053.jpg,rotten,tomato,train
train/rotten/pear_rotten_0024.jpg,rotten,pear,train
train/rotten/broccoli_rotten_0054.jpg,rotten,broccoli,train
train/rotten/mango_rotten_0092.jpg,rotten,mango,train
train/rotten/spinach_rotten_0180.jpg,rotten,spinach,train
train/rotten/garlic_rotten_0017.jpg,rotten,garlic,train
train/rotten/orange_rotten_0165.jpg,rotten,orange,train
train/rotten/potato_rotten_0086.jpg,rotten,potato,train
train/rotten/corn_rotten_0014.jpg,rotten,corn,train
train/rotten/tomato_rotten_0024.jpg,rotten,tomato,train
train/rotten/strawberry_rotten_0067.jpg,rotten,strawberry,train
train/rotten/pear_rotten_0154.jpg,rotten,pear,train
train/rotten/pear_rotten_0127.jpg,rotten,pear,train
train/rotten/spinach_rotten_0145.jpg,rotten,spinach,train
train/rotten/peach_rotten_0084.jpg,rotten,peach,train
train/rotten/grapes_rotten_0098.jpg,rotten,grapes,train
train/rotten/carrot_rotten_0151.jpg,rotten,carrot,train
train/rotten/bell_pepper_rotten_0071.jpg,rotten,bell_pepper,train
train/rotten/banana_rotten_0182.jpg,rotten,banana,train
train/rotten/garlic_rotten_0094.jpg,rotten,garlic,train
train/rotten/garlic_rotten_0024.jpg,rotten,garlic,train
train/rotten/broccoli_rotten_0075.jpg,rotten,broccoli,train
train/rotten/broccoli_rotten_0084.jpg,rotten,broccoli,train
train/rotten/carrot_rotten_0131.jpg,rotten,carrot,train
train/rotten/tomato_rotten_0179.jpg,rotten,tomato,train
train/rotten/orange_rotten_0037.jpg,rotten,orange,train
train/rotten/tomato_rotten_0050.jpg,rotten,tomato,train
train/rotten/strawberry_rotten_0173.jpg,rotten,strawberry,train
train/rotten/mango_rotten_0191.jpg,rotten,mango,train
train/rotten/pineapple_rotten_0135.jpg,rotten,pineapple,train
train/rotten/cucumber_rotten_0100.jpg,rotten,cucumber,train
train/rotten/pineapple_rotten_0062.jpg,rotten,pineapple,train
train/rotten/strawberry_rotten_0000.jpg,rotten,strawberry,train
train/rotten/bell_pepper_rotten_0102.jpg,rotten,bell_pepper,train
train/rotten/lemon_rotten_0185.jpg,rotten,lemon,train
train/rotten/carrot_rotten_0137.jpg,rotten,carrot,train
train/rotten/apple_rotten_0026.jpg,rotten,apple,train
train/rotten/orange_rotten_0045.jpg,rotten,orange,train
train/rotten/grapes_rotten_0143.jpg,rotten,grapes,train
train/rotten/carrot_rotten_0105.jpg,rotten,carrot,train
train/rotten/peach_rotten_0116.jpg,rotten,peach,train
train/rotten/lemon_rotten_0103.jpg,rotten,lemon,train
train/rotten/pineapple_rotten_0050.jpg,rotten,pineapple,train
train/rotten/mango_rotten_0077.jpg,rotten,mango,train
train/rotten/orange_rotten_0190.jpg,rotten,orange,train
train/rotten/bell_pepper_rotten_0096.jpg,rotten,bell_pepper,train
train/rotten/lemon_rotten_0120.jpg,rotten,lemon,train
train/rotten/potato_rotten_0019.jpg,rotten,potato,train
train/rotten/potato_rotten_0127.jpg,rotten,potato,train
train/rotten/banana_rotten_0022.jpg,rotten,banana,train
train/rotten/lemon_rotten_0175.jpg,rotten,lemon,train
train/rotten/spinach_rotten_0143.jpg,rotten,spinach,train
train/rotten/potato_rotten_0110.jpg,rotten,potato,train
train/rotten/cucumber_rotten_0095.jpg,rotten,cucumber,train
train/rotten/orange_rotten_0090.jpg,rotten,orange,train
train/rotten/carrot_rotten_0106.jpg,rotten,carrot,train
train/rotten/potato_rotten_0156.jpg,rotten,potato,train
train/rotten/banana_rotten_0079.jpg,rotten,banana,train
train/rotten/lemon_rotten_0067.jpg,rotten,lemon,train
train/rotten/tomato_rotten_0112.jpg,rotten,tomato,train
train/rotten/tomato_rotten_0186.jpg,rotten,tomato,train
train/rotten/pineapple_rotten_0013.jpg,rotten,pineapple,train
train/rotten/grapes_rotten_0185.jpg,rotten,grapes,train
train/rotten/strawberry_rotten_0009.jpg,rotten,strawberry,train
train/rotten/cucumber_rotten_0136.jpg,rotten,cucumber,train
train/rotten/grapes_rotten_0109.jpg,rotten,grapes,train
train/rotten/apple_rotten_0004.jpg,rotten,apple,train
train/rotten/pineapple_rotten_0128.jpg,rotten,pineapple,train
train/rotten/cucumber_rotten_0011.jpg,rotten,cucumber,train
train/rotten/peach_rotten_0111.jpg,rotten,peach,train
train/rotten/lemon_rotten_0186.jpg,rotten,lemon,train
train/rotten/carrot_rotten_0051.jpg,rotten,carrot,train
train/rotten/banana_rotten_0152.jpg,rotten,banana,train
train/rotten/broccoli_rotten_0189.jpg,rotten,broccoli,train
train/rotten/broccoli_rotten_0164.jpg,rotten,broccoli,train
train/rotten/spinach_rotten_0105.jpg,rotten,spinach,train
train/rotten/grapes_rotten_0149.jpg,rotten,grapes,train
train/rotten/peach_rotten_0000.jpg,rotten,peach,train
train/rotten/orange_rotten_0149.jpg,rotten,orange,train
train/rotten/apple_rotten_0119.jpg,rotten,apple,train
train/rotten/carrot_rotten_0179.jpg,rotten,carrot,train
train/rotten/grapes_rotten_0035.jpg,rotten,grapes,train
train/rotten/onion_rotten_0006.jpg,rotten,onion,train
train/rotten/banana_rotten_0020.jpg,rotten,banana,train
train/rotten/apple_rotten_0150.jpg,rotten,apple,train
train/rotten/spinach_rotten_0142.jpg,rotten,spinach,train
train/rotten/onion_rotten_0012.jpg,rotten,onion,train
train/rotten/broccoli_rotten_0180.jpg,rotten,broccoli,train
train/rotten/grapes_rotten_0104.jpg,rotten,grapes,train
train/rotten/onion_rotten_0023.jpg,rotten,onion,train
train/rotten/banana_rotten_0121.jpg,rotten,banana,train
train/rotten/tomato_rotten_0185.jpg,rotten,tomato,train
train/rotten/spinach_rotten_0102.jpg,rotten,spinach,train
train/rotten/peach_rotten_0173.jpg,rotten,peach,train
train/rotten/grapes_rotten_0005.jpg,rotten,grapes,train
train/rotten/lemon_rotten_0098.jpg,rotten,lemon,train
train/rotten/pear_rotten_0106.jpg,rotten,pear,train
train/rotten/pear_rotten_0129.jpg,rotten,pear,train
train/rotten/mango_rotten_0187.jpg,rotten,mango,train
train/rotten/potato_rotten_0044.jpg,rotten,potato,train
train/rotten/garlic_rotten_0014.jpg,rotten,garlic,train
train/rotten/carrot_rotten_0134.jpg,rotten,carrot,train
train/rotten/pineapple_rotten_0004.jpg,rotten,pineapple,train
train/rotten/banana_rotten_0073.jpg,rotten,banana,train
train/rotten/mango_rotten_0044.jpg,rotten,mango,train
train/rotten/corn_rotten_0174.jpg,rotten,corn,train
train/rotten/bell_pepper_rotten_0078.jpg,rotten,bell_pepper,train
train/rotten/broccoli_rotten_0098.jpg,rotten,broccoli,train
train/rotten/orange_rotten_0174.jpg,rotten,orange,train
train/rotten/mango_rotten_0126.jpg,rotten,mango,train
train/rotten/banana_rotten_0145.jpg,rotten,banana,train
train/rotten/lemon_rotten_0137.jpg,rotten,lemon,train
train/rotten/strawberry_rotten_0190.jpg,rotten,strawberry,train
train/rotten/pear_rotten_0033.jpg,rotten,pear,train
train/rotten/lemon_rotten_0097.jpg,rotten,lemon,train
train/rotten/potato_rotten_0181.jpg,rotten,potato,train
train/rotten/carrot_rotten_0091.jpg,rotten,carrot,train
train/rotten/lemon_rotten_0053.jpg,rotten,lemon,train
train/rotten/corn_rotten_0102.jpg,rotten,corn,train
train/rotten/bell_pepper_rotten_0151.jpg,rotten,bell_pepper,train
train/rotten/pineapple_rotten_0194.jpg,rotten,pineapple,train
train/rotten/pear_rotten_0098.jpg,rotten,pear,train
train/rotten/apple_rotten_0160.jpg,rotten,apple,train
train/rotten/broccoli_rotten_0151.jpg,rotten,broccoli,train
train/rotten/garlic_rotten_0189.jpg,rotten,garlic,train
train/rotten/corn_rotten_0095.jpg,rotten,corn,train
train/rotten/lemon_rotten_0111.jpg,rotten,lemon,train
train/rotten/onion_rotten_0139.jpg,rotten,onion,train
train/rotten/pear_rotten_0056.jpg,rotten,pear,train
train/rotten/bell_pepper_rotten_0116.jpg,rotten,bell_pepper,train
train/rotten/tomato_rotten_0016.jpg,rotten,tomato,train
train/rotten/grapes_rotten_0050.jpg,rotten,grapes,train
train/rotten/garlic_rotten_0046.jpg,rotten,garlic,train
train/rotten/pineapple_rotten_0025.jpg,rotten,pineapple,train
train/rotten/banana_rotten_0074.jpg,rotten,banana,train
train/rotten/strawberry_rotten_0053.jpg,rotten,strawberry,train
train/rotten/grapes_rotten_0179.jpg,rotten,grapes,train
train/rotten/potato_rotten_0010.jpg,rotten,potato,train
train/rotten/bell_pepper_rotten_0062.jpg,rotten,bell_pepper,train
train/rotten/bell_pepper_rotten_0058.jpg,rotten,bell_pepper,train
train/rotten/broccoli_rotten_0052.jpg,rotten,broccoli,train
train/rotten/tomato_rotten_0012.jpg,rotten,tomato,train
train/rotten/pear_rotten_0017.jpg,rotten,pear,train
train/rotten/grapes_rotten_0177.jpg,rotten,grapes,train
train/rotten/pear_rotten_0020.jpg,rotten,pear,train
train/rotten/potato_rotten_0013.jpg,rotten,potato,train
train/rotten/corn_rotten_0198.jpg,rotten,corn,train
train/rotten/peach_rotten_0145.jpg,rotten,peach,train
train/rotten/spinach_rotten_0039.jpg,rotten,spinach,train
train/rotten/broccoli_rotten_0182.jpg,rotten,broccoli,train
train/rotten/potato_rotten_0109.jpg,rotten,potato,train
train/rotten/bell_pepper_rotten_0136.jpg,rotten,bell_pepper,train
train/rotten/spinach_rotten_0063.jpg,rotten,spinach,train
train/rotten/lemon_rotten_0048.jpg,rotten,lemon,train
train/rotten/banana_rotten_0089.jpg,rotten,banana,train
train/rotten/strawberry_rotten_0128.jpg,rotten,strawberry,train
train/rotten/tomato_rotten_0181.jpg,rotten,tomato,train
train/rotten/mango_rotten_0003.jpg,rotten,mango,train
train/rotten/mango_rotten_0093.jpg,rotten,mango,train
train/rotten/carrot_rotten_0139.jpg,rotten,carrot,train
train/rotten/tomato_rotten_0041.jpg,rotten,tomato,train
train/rotten/garlic_rotten_0038.jpg,rotten,garlic,train
train/rotten/orange_rotten_0162.jpg,rotten,orange,train
train/rotten/pineapple_rotten_0080.jpg,rotten,pineapple,train
train/rotten/peach_rotten_0067.jpg,rotten,peach,train
train/rotten/grapes_rotten_0063.jpg,rotten,grapes,train
train/rotten/cucumber_rotten_0135.jpg,rotten,cucumber,train
train/rotten/onion_rotten_0180.jpg,rotten,onion,train
train/rotten/carrot_rotten_0005.jpg,rotten,carrot,train
train/rotten/lemon_rotten_0174.jpg,rotten,lemon,train
train/rotten/onion_rotten_0162.jpg,rotten,onion,train
train/rotten/grapes_rotten_0162.jpg,rotten,grapes,train
train/rotten/potato_rotten_0054.jpg,rotten,potato,train
train/rotten/peach_rotten_0014.jpg,rotten,peach,train
train/rotten/spinach_rotten_0106.jpg,rotten,spinach,train
train/rotten/peach_rotten_0148.jpg,rotten,peach,train
train/rotten/potato_rotten_0108.jpg,rotten,potato,train
train/rotten/broccoli_rotten_0195.jpg,rotten,broccoli,train
train/rotten/pear_rotten_0089.jpg,rotten,pear,train
train/rotten/tomato_rotten_0066.jpg,rotten,tomato,train
train/rotten/tomato_rotten_0044.jpg,rotten,tomato,train
train/rotten/mango_rotten_0061.jpg,rotten,mango,train
train/rotten/lemon_rotten_0182.jpg,rotten,lemon,train
train/rotten/tomato_rotten_0156.jpg,rotten,tomato,train
train/rotten/carrot_rotten_0155.jpg,rotten,carrot,train
train/rotten/strawberry_rotten_0180.jpg,rotten,strawberry,train
train/rotten/orange_rotten_0015.jpg,rotten,orange,train
train/rotten/corn_rotten_0035.jpg,rotten,corn,train
train/rotten/mango_rotten_0071.jpg,rotten,mango,train
train/rotten/peach_rotten_0037.jpg,rotten,peach,train
train/rotten/potato_rotten_0149.jpg,rotten,potato,train
train/rotten/bell_pepper_rotten_0093.jpg,rotten,bell_pepper,train
train/rotten/apple_rotten_0038.jpg,rotten,apple,train
train/rotten/mango_rotten_0031.jpg,rotten,mango,train
train/rotten/broccoli_rotten_0127.jpg,rotten,broccoli,train
train/rotten/lemon_rotten_0101.jpg,rotten,lemon,train
train/rotten/carrot_rotten_0187.jpg,rotten,carrot,train
train/rotten/tomato_rotten_0180.jpg,rotten,tomato,train
train/rotten/pear_rotten_0031.jpg,rotten,pear,train
train/rotten/bell_pepper_rotten_0084.jpg,rotten,bell_pepper,train
train/rotten/carrot_rotten_0081.jpg,rotten,carrot,train
train/rotten/strawberry_rotten_0007.jpg,rotten,strawberry,train
train/rotten/peach_rotten_0058.jpg,rotten,peach,train
train/rotten/apple_rotten_0155.jpg,rotten,apple,train
train/rotten/spinach_rotten_0021.jpg,rotten,spinach,train
train/rotten/pear_rotten_0113.jpg,rotten,pear,train
train/rotten/peach_rotten_0174.jpg,rotten,peach,train
train/rotten/potato_rotten_0092.jpg,rotten,potato,train
train/rotten/potato_rotten_0138.jpg,rotten,potato,train
train/rotten/garlic_rotten_0021.jpg,rotten,garlic,train
train/rotten/carrot_rotten_0053.jpg,rotten,carrot,train
train/rotten/spinach_rotten_0079.jpg,rotten,spinach,train
train/rotten/garlic_rotten_0176.jpg,rotten,garlic,train
train/rotten/garlic_rotten_0074.jpg,rotten,garlic,train
train/rotten/tomato_rotten_0073.jpg,rotten,tomato,train
train/rotten/strawberry_rotten_0157.jpg,rotten,strawberry,train
train/rotten/pineapple_rotten_0149.jpg,rotten,pineapple,train
train/rotten/banana_rotten_0004.jpg,rotten,banana,train
train/rotten/orange_rotten_0098.jpg,rotten,orange,train
train/rotten/carrot_rotten_0035.jpg,rotten,carrot,train
train/rotten/apple_rotten_0059.jpg,rotten,apple,train
train/rotten/strawberry_rotten_0050.jpg,rotten,strawberry,train
train/rotten/pineapple_rotten_0168.jpg,rotten,pineapple,train
train/rotten/pineapple_rotten_0019.jpg,rotten,pineapple,train
train/rotten/corn_rotten_0136.jpg,rotten,corn,train
train/rotten/pear_rotten_0091.jpg,rotten,pear,train
train/rotten/mango_rotten_0078.jpg,rotten,mango,train
train/rotten/onion_rotten_0191.jpg,rotten,onion,train
train/rotten/carrot_rotten_0157.jpg,rotten,carrot,train
train/rotten/onion_rotten_0181.jpg,rotten,onion,train
train/rotten/tomato_rotten_0168.jpg,rotten,tomato,train
train/rotten/peach_rotten_0051.jpg,rotten,peach,train
train/rotten/peach_rotten_0134.jpg,rotten,peach,train
train/rotten/banana_rotten_0030.jpg,rotten,banana,train
train/rotten/orange_rotten_0039.jpg,rotten,orange,train
train/rotten/carrot_rotten_0188.jpg,rotten,carrot,train
train/rotten/grapes_rotten_0140.jpg,rotten,grapes,train
train/rotten/garlic_rotten_0070.jpg,rotten,garlic,train
train/rotten/broccoli_rotten_0102.jpg,rotten,broccoli,train
train/rotten/bell_pepper_rotten_0107.jpg,rotten,bell_pepper,train
train/rotten/orange_rotten_0027.jpg,rotten,orange,train
train/rotten/mango_rotten_0169.jpg,rotten,mango,train
train/rotten/mango_rotten_0166.jpg,rotten,mango,train
train/rotten/bell_pepper_rotten_0128.jpg,rotten,bell_pepper,train
train/rotten/grapes_rotten_0196.jpg,rotten,grapes,train
train/rotten/peach_rotten_0052.jpg,rotten,peach,train
train/rotten/bell_pepper_rotten_0009.jpg,rotten,bell_pepper,train
train/rotten/tomato_rotten_0142.jpg,rotten,tomato,train
train/rotten/peach_rotten_0094.jpg,rotten,peach,train
train/rotten/mango_rotten_0137.jpg,rotten,mango,train
train/rotten/spinach_rotten_0041.jpg,rotten,spinach,train
train/rotten/lemon_rotten_0009.jpg,rotten,lemon,train
train/rotten/spinach_rotten_0029.jpg,rotten,spinach,train
train/rotten/banana_rotten_0075.jpg,rotten,banana,train
train/rotten/lemon_rotten_0099.jpg,rotten,lemon,train
train/rotten/carrot_rotten_0043.jpg,rotten,carrot,train
train/rotten/peach_rotten_0103.jpg,rotten,peach,train
train/rotten/spinach_rotten_0131.jpg,rotten,spinach,train
train/rotten/pear_rotten_0178.jpg,rotten,pear,train
train/rotten/corn_rotten_0173.jpg,rotten,corn,train
train/rotten/carrot_rotten_0006.jpg,rotten,carrot,train
train/rotten/apple_rotten_0053.jpg,rotten,apple,train
train/rotten/apple_rotten_0054.jpg,rotten,apple,train
train/rotten/garlic_rotten_0052.jpg,rotten,garlic,train
train/rotten/garlic_rotten_0155.jpg,rotten,garlic,train
train/rotten/garlic_rotten_0125.jpg,rotten,garlic,train
train/rotten/potato_rotten_0133.jpg,rotten,potato,train
train/rotten/apple_rotten_0111.jpg,rotten,apple,train
train/rotten/strawberry_rotten_0110.jpg,rotten,strawberry,train
train/rotten/pineapple_rotten_0006.jpg,rotten,pineapple,train
train/rotten/strawberry_rotten_0079.jpg,rotten,strawberry,train
train/rotten/mango_rotten_0178.jpg,rotten,mango,train
train/rotten/pineapple_rotten_0014.jpg,rotten,pineapple,train
train/rotten/peach_rotten_0085.jpg,rotten,peach,train
train/rotten/strawberry_rotten_0034.jpg,rotten,strawberry,train
train/rotten/pineapple_rotten_0189.jpg,rotten,pineapple,train
train/rotten/tomato_rotten_0055.jpg,rotten,tomato,train
train/rotten/pineapple_rotten_0129.jpg,rotten,pineapple,train
train/rotten/lemon_rotten_0077.jpg,rotten,lemon,train
train/rotten/grapes_rotten_0086.jpg,rotten,grapes,train
train/rotten/orange_rotten_0177.jpg,rotten,orange,train
train/rotten/grapes_rotten_0074.jpg,rotten,grapes,train
train/rotten/bell_pepper_rotten_0015.jpg,rotten,bell_pepper,train
train/rotten/mango_rotten_0150.jpg,rotten,mango,train
train/rotten/mango_rotten_0108.jpg,rotten,mango,train
train/rotten/apple_rotten_0000.jpg,rotten,apple,train
train/rotten/peach_rotten_0098.jpg,rotten,peach,train
train/rotten/spinach_rotten_0107.jpg,rotten,spinach,train
train/rotten/broccoli_rotten_0187.jpg,rotten,broccoli,train
train/rotten/pineapple_rotten_0132.jpg,rotten,pineapple,train
train/rotten/grapes_rotten_0000.jpg,rotten,grapes,train
train/rotten/onion_rotten_0164.jpg,rotten,onion,train
train/rotten/pineapple_rotten_0180.jpg,rotten,pineapple,train
train/rotten/apple_rotten_0104.jpg,rotten,apple,train
train/rotten/cucumber_rotten_0058.jpg,rotten,cucumber,train
train/rotten/pear_rotten_0043.jpg,rotten,pear,train
train/rotten/corn_rotten_0118.jpg,rotten,corn,train
train/rotten/potato_rotten_0036.jpg,rotten,potato,train
train/rotten/orange_rotten_0121.jpg,rotten,orange,train
train/rotten/pear_rotten_0061.jpg,rotten,pear,train
train/rotten/pear_rotten_0052.jpg,rotten,pear,train
train/rotten/bell_pepper_rotten_0137.jpg,rotten,bell_pepper,train
train/rotten/corn_rotten_0001.jpg,rotten,corn,train
train/rotten/bell_pepper_rotten_0153.jpg,rotten,bell_pepper,train
train/rotten/apple_rotten_0047.jpg,rotten,apple,train
train/rotten/lemon_rotten_0135.jpg,rotten,lemon,train
train/rotten/lemon_rotten_0012.jpg,rotten,lemon,train
train/rotten/tomato_rotten_0163.jpg,rotten,tomato,train
train/rotten/corn_rotten_0089.jpg,rotten,corn,train
train/rotten/potato_rotten_0096.jpg,rotten,potato,train
train/rotten/pear_rotten_0121.jpg,rotten,pear,train
train/rotten/bell_pepper_rotten_0083.jpg,rotten,bell_pepper,train
train/rotten/carrot_rotten_0124.jpg,rotten,carrot,train
train/rotten/apple_rotten_0048.jpg,rotten,apple,train
train/rotten/carrot_rotten_0031.jpg,rotten,carrot,train
train/rotten/lemon_rotten_0079.jpg,rotten,lemon,train
train/rotten/apple_rotten_0188.jpg,rotten,apple,train
train/rotten/broccoli_rotten_0021.jpg,rotten,broccoli,train
train/rotten/pear_rotten_0087.jpg,rotten,pear,train
train/rotten/carrot_rotten_0075.jpg,rotten,carrot,train
train/rotten/bell_pepper_rotten_0117.jpg,rotten,bell_pepper,train
train/rotten/pear_rotten_0150.jpg,rotten,pear,train
train/rotten/mango_rotten_0103.jpg,rotten,mango,train
train/rotten/peach_rotten_0073.jpg,rotten,peach,train
train/rotten/corn_rotten_0085.jpg,rotten,corn,train
train/rotten/carrot_rotten_0146.jpg,rotten,carrot,train
train/rotten/onion_rotten_0144.jpg,rotten,onion,train
train/rotten/banana_rotten_0148.jpg,rotten,banana,train
train/rotten/peach_rotten_0166.jpg,rotten,peach,train
train/rotten/carrot_rotten_0138.jpg,rotten,carrot,train
train/rotten/lemon_rotten_0043.jpg,rotten,lemon,train
train/rotten/carrot_rotten_0066.jpg,rotten,carrot,train
train/rotten/pineapple_rotten_0186.jpg,rotten,pineapple,train
train/rotten/orange_rotten_0002.jpg,rotten,orange,train
train/rotten/corn_rotten_0088.jpg,rotten,corn,train
train/rotten/onion_rotten_0118.jpg,rotten,onion,train
train/rotten/mango_rotten_0083.jpg,rotten,mango,train
train/rotten/pineapple_rotten_0198.jpg,rotten,pineapple,train
train/rotten/apple_rotten_0072.jpg,rotten,apple,train
train/rotten/pear_rotten_0165.jpg,rotten,pear,train
train/rotten/peach_rotten_0102.jpg,rotten,peach,train
train/rotten/strawberry_rotten_0062.jpg,rotten,strawberry,train
train/rotten/spinach_rotten_0119.jpg,rotten,spinach,train
train/rotten/grapes_rotten_0126.jpg,rotten,grapes,train
train/rotten/pineapple_rotten_0190.jpg,rotten,pineapple,train
train/rotten/lemon_rotten_0057.jpg,rotten,lemon,train
train/rotten/onion_rotten_0030.jpg,rotten,onion,train
train/rotten/potato_rotten_0184.jpg,rotten,potato,train
train/rotten/broccoli_rotten_0050.jpg,rotten,broccoli,train
train/rotten/tomato_rotten_0084.jpg,rotten,tomato,train
train/rotten/onion_rotten_0036.jpg,rotten,onion,train
train/rotten/pear_rotten_0168.jpg,rotten,pear,train
train/rotten/carrot_rotten_0161.jpg,rotten,carrot,train
train/rotten/broccoli_rotten_0061.jpg,rotten,broccoli,train
train/rotten/corn_rotten_0109.jpg,rotten,corn,train
train/rotten/potato_rotten_0135.jpg,rotten,potato,train
train/rotten/broccoli_rotten_0136.jpg,rotten,broccoli,train
train/rotten/broccoli_rotten_0083.jpg,rotten,broccoli,train
train/rotten/peach_rotten_0186.jpg,rotten,peach,train
train/rotten/grapes_rotten_0027.jpg,rotten,grapes,train
train/rotten/apple_rotten_0112.jpg,rotten,apple,train
train/rotten/spinach_rotten_0117.jpg,rotten,spinach,train
train/rotten/spinach_rotten_0090.jpg,rotten,spinach,train
train/rotten/apple_rotten_0069.jpg,rotten,apple,train
train/rotten/peach_rotten_0006.jpg,rotten,peach,train
train/rotten/corn_rotten_0166.jpg,rotten,corn,train
train/rotten/peach_rotten_0092.jpg,rotten,peach,train
train/rotten/cucumber_rotten_0036.jpg,rotten,cucumber,train
train/rotten/onion_rotten_0035.jpg,rotten,onion,train
train/rotten/garlic_rotten_0154.jpg,rotten,garlic,train
train/rotten/broccoli_rotten_0093.jpg,rotten,broccoli,train
train/rotten/strawberry_rotten_0082.jpg,rotten,strawberry,train
train/rotten/carrot_rotten_0039.jpg,rotten,carrot,train
train/rotten/potato_rotten_0117.jpg,rotten,potato,train
train/rotten/strawberry_rotten_0144.jpg,rotten,strawberry,train
train/rotten/spinach_rotten_0087.jpg,rotten,spinach,train
train/rotten/cucumber_rotten_0026.jpg,rotten,cucumber,train
train/rotten/strawberry_rotten_0013.jpg,rotten,strawberry,train
train/rotten/banana_rotten_0168.jpg,rotten,banana,train
train/rotten/corn_rotten_0149.jpg,rotten,corn,train
train/rotten/onion_rotten_0004.jpg,rotten,onion,train
train/rotten/tomato_rotten_0032.jpg,rotten,tomato,train
train/rotten/carrot_rotten_0147.jpg,rotten,carrot,train
train/rotten/pineapple_rotten_0173.jpg,rotten,pineapple,train
train/rotten/garlic_rotten_0167.jpg,rotten,garlic,train
train/rotten/spinach_rotten_0159.jpg,rotten,spinach,train
train/rotten/apple_rotten_0065.jpg,rotten,apple,train
train/rotten/banana_rotten_0194.jpg,rotten,banana,train
train/rotten/pineapple_rotten_0131.jpg,rotten,pineapple,train
train/rotten/grapes_rotten_0147.jpg,rotten,grapes,train
train/rotten/spinach_rotten_0091.jpg,rotten,spinach,train
train/rotten/spinach_rotten_0048.jpg,rotten,spinach,train
train/rotten/grapes_rotten_0134.jpg,rotten,grapes,train
train/rotten/pear_rotten_0086.jpg,rotten,pear,train
train/rotten/potato_rotten_0091.jpg,rotten,potato,train
train/rotten/pear_rotten_0145.jpg,rotten,pear,train
train/rotten/bell_pepper_rotten_0004.jpg,rotten,bell_pepper,train
train/rotten/peach_rotten_0176.jpg,rotten,peach,train
train/rotten/lemon_rotten_0060.jpg,rotten,lemon,train
train/rotten/orange_rotten_0053.jpg,rotten,orange,train
train/rotten/peach_rotten_0113.jpg,rotten,peach,train
train/rotten/strawberry_rotten_0138.jpg,rotten,strawberry,train
train/rotten/orange_rotten_0058.jpg,rotten,orange,train
train/rotten/orange_rotten_0068.jpg,rotten,orange,train
train/rotten/potato_rotten_0120.jpg,rotten,potato,train
train/rotten/lemon_rotten_0132.jpg,rotten,lemon,train
train/rotten/garlic_rotten_0000.jpg,rotten,garlic,train
train/rotten/onion_rotten_0026.jpg,rotten,onion,train
train/rotten/onion_rotten_0111.jpg,rotten,onion,train
train/rotten/onion_rotten_0061.jpg,rotten,onion,train
train/rotten/lemon_rotten_0188.jpg,rotten,lemon,train
train/rotten/potato_rotten_0071.jpg,rotten,potato,train
train/rotten/potato_rotten_0130.jpg,rotten,potato,train
train/rotten/pear_rotten_0148.jpg,rotten,pear,train
train/rotten/corn_rotten_0038.jpg,rotten,corn,train
train/rotten/spinach_rotten_0127.jpg,rotten,spinach,train
train/rotten/pineapple_rotten_0107.jpg,rotten,pineapple,train
train/rotten/grapes_rotten_0178.jpg,rotten,grapes,train
train/rotten/tomato_rotten_0091.jpg,rotten,tomato,train
train/rotten/cucumber_rotten_0132.jpg,rotten,cucumber,train
train/rotten/onion_rotten_0095.jpg,rotten,onion,train
train/rotten/cucumber_rotten_0199.jpg,rotten,cucumber,train
train/rotten/spinach_rotten_0167.jpg,rotten,spinach,train
train/rotten/pear_rotten_0064.jpg,rotten,pear,train
train/rotten/orange_rotten_0184.jpg,rotten,orange,train
train/rotten/peach_rotten_0195.jpg,rotten,peach,train
train/rotten/corn_rotten_0144.jpg,rotten,corn,train
train/rotten/cucumber_rotten_0096.jpg,rotten,cucumber,train
train/rotten/onion_rotten_0107.jpg,rotten,onion,train
train/rotten/tomato_rotten_0183.jpg,rotten,tomato,train
train/rotten/pear_rotten_0057.jpg,rotten,pear,train
train/rotten/garlic_rotten_0152.jpg,rotten,garlic,train
train/rotten/strawberry_rotten_0047.jpg,rotten,strawberry,train
train/rotten/pear_rotten_0081.jpg,rotten,pear,train
train/rotten/broccoli_rotten_0069.jpg,rotten,broccoli,train
train/rotten/potato_rotten_0061.jpg,rotten,potato,train
train/rotten/apple_rotten_0007.jpg,rotten,apple,train
train/rotten/onion_rotten_0018.jpg,rotten,onion,train
train/rotten/carrot_rotten_0078.jpg,rotten,carrot,train
train/rotten/corn_rotten_0163.jpg,rotten,corn,train
train/rotten/grapes_rotten_0115.jpg,rotten,grapes,train
train/rotten/cucumber_rotten_0050.jpg,rotten,cucumber,train
train/rotten/orange_rotten_0079.jpg,rotten,orange,train
train/rotten/peach_rotten_0120.jpg,rotten,peach,train
train/rotten/peach_rotten_0124.jpg,rotten,peach,train
train/rotten/lemon_rotten_0040.jpg,rotten,lemon,train
train/rotten/potato_rotten_0169.jpg,rotten,potato,train
train/rotten/corn_rotten_0045.jpg,rotten,corn,train
train/rotten/bell_pepper_rotten_0040.jpg,rotten,bell_pepper,train
train/rotten/grapes_rotten_0180.jpg,rotten,grapes,train
train/rotten/onion_rotten_0190.jpg,rotten,onion,train
train/rotten/cucumber_rotten_0064.jpg,rotten,cucumber,train
train/rotten/potato_rotten_0004.jpg,rotten,potato,train
train/rotten/broccoli_rotten_0156.jpg,rotten,broccoli,train
train/rotten/grapes_rotten_0045.jpg,rotten,grapes,train
train/rotten/peach_rotten_0130.jpg,rotten,peach,train
train/rotten/tomato_rotten_0125.jpg,rotten,tomato,train
train/rotten/pineapple_rotten_0074.jpg,rotten,pineapple,train
train/rotten/garlic_rotten_0084.jpg,rotten,garlic,train
train/rotten/corn_rotten_0069.jpg,rotten,corn,train
train/rotten/spinach_rotten_0031.jpg,rotten,spinach,train
train/rotten/bell_pepper_rotten_0095.jpg,rotten,bell_pepper,train
train/rotten/spinach_rotten_0014.jpg,rotten,spinach,train
train/rotten/corn_rotten_0044.jpg,rotten,corn,train
train/rotten/garlic_rotten_0060.jpg,rotten,garlic,train
train/rotten/orange_rotten_0187.jpg,rotten,orange,train
train/rotten/garlic_rotten_0032.jpg,rotten,garlic,train
train/rotten/potato_rotten_0053.jpg,rotten,potato,train
train/rotten/cucumber_rotten_0106.jpg,rotten,cucumber,train
train/rotten/garlic_rotten_0087.jpg,rotten,garlic,train
train/rotten/peach_rotten_0150.jpg,rotten,peach,train
train/rotten/garlic_rotten_0136.jpg,rotten,garlic,train
train/rotten/banana_rotten_0068.jpg,rotten,banana,train
train/rotten/cucumber_rotten_0110.jpg,rotten,cucumber,train
train/rotten/pineapple_rotten_0017.jpg,rotten,pineapple,train
train/rotten/cucumber_rotten_0134.jpg,rotten,cucumber,train
train/rotten/onion_rotten_0020.jpg,rotten,onion,train
train/rotten/carrot_rotten_0183.jpg,rotten,carrot,train
train/rotten/apple_rotten_0163.jpg,rotten,apple,train
train/rotten/peach_rotten_0087.jpg,rotten,peach,train
train/rotten/carrot_rotten_0102.jpg,rotten,carrot,train
train/rotten/lemon_rotten_0029.jpg,rotten,lemon,train
train/rotten/pear_rotten_0059.jpg,rotten,pear,train
train/rotten/spinach_rotten_0150.jpg,rotten,spinach,train
train/rotten/strawberry_rotten_0154.jpg,rotten,strawberry,train
train/rotten/apple_rotten_0128.jpg,rotten,apple,train
train/rotten/mango_rotten_0042.jpg,rotten,mango,train
train/rotten/potato_rotten_0015.jpg,rotten,potato,train
train/rotten/pineapple_rotten_0187.jpg,rotten,pineapple,train
train/rotten/grapes_rotten_0094.jpg,rotten,grapes,train
train/rotten/apple_rotten_0075.jpg,rotten,apple,train
train/rotten/potato_rotten_0038.jpg,rotten,potato,train
train/rotten/peach_rotten_0138.jpg,rotten,peach,train
train/rotten/apple_rotten_0122.jpg,rotten,apple,train
train/rotten/pineapple_rotten_0157.jpg,rotten,pineapple,train
train/rotten/mango_rotten_0088.jpg,rotten,mango,train
train/rotten/spinach_rotten_0047.jpg,rotten,spinach,train
train/rotten/carrot_rotten_0150.jpg,rotten,carrot,train
train/rotten/bell_pepper_rotten_0075.jpg,rotten,bell_pepper,train
train/rotten/strawberry_rotten_0114.jpg,rotten,strawberry,train
train/rotten/pear_rotten_0041.jpg,rotten,pear,train
train/rotten/broccoli_rotten_0059.jpg,rotten,broccoli,train
train/rotten/spinach_rotten_0018.jpg,rotten,spinach,train
train/rotten/strawberry_rotten_0193.jpg,rotten,strawberry,train
train/rotten/onion_rotten_0104.jpg,rotten,onion,train
train/rotten/garlic_rotten_0132.jpg,rotten,garlic,train
train/rotten/tomato_rotten_0009.jpg,rotten,tomato,train
train/rotten/lemon_rotten_0151.jpg,rotten,lemon,train
train/rotten/corn_rotten_0080.jpg,rotten,corn,train
train/rotten/garlic_rotten_0034.jpg,rotten,garlic,train
train/rotten/grapes_rotten_0012.jpg,rotten,grapes,train
train/rotten/bell_pepper_rotten_0028.jpg,rotten,bell_pepper,train
train/rotten/banana_rotten_0151.jpg,rotten,banana,train
train/rotten/garlic_rotten_0124.jpg,rotten,garlic,train
train/rotten/pineapple_rotten_0021.jpg,rotten,pineapple,train
train/rotten/broccoli_rotten_0130.jpg,rotten,broccoli,train
train/rotten/mango_rotten_0177.jpg,rotten,mango,train
train/rotten/banana_rotten_0141.jpg,rotten,banana,train
train/rotten/garlic_rotten_0184.jpg,rotten,garlic,train
train/rotten/pineapple_rotten_0142.jpg,rotten,pineapple,train
train/rotten/carrot_rotten_0156.jpg,rotten,carrot,train
train/rotten/strawberry_rotten_0151.jpg,rotten,strawberry,train
train/rotten/cucumber_rotten_0055.jpg,rotten,cucumber,train
train/rotten/bell_pepper_rotten_0021.jpg,rotten,bell_pepper,train
train/rotten/spinach_rotten_0023.jpg,rotten,spinach,train
train/rotten/onion_rotten_0134.jpg,rotten,onion,train
train/rotten/mango_rotten_0072.jpg,rotten,mango,train
train/rotten/carrot_rotten_0118.jpg,rotten,carrot,train
train/rotten/apple_rotten_0003.jpg,rotten,apple,train
train/rotten/bell_pepper_rotten_0144.jpg,rotten,bell_pepper,train
train/rotten/banana_rotten_0090.jpg,rotten,banana,train
train/rotten/strawberry_rotten_0045.jpg,rotten,strawberry,train
train/rotten/carrot_rotten_0123.jpg,rotten,carrot,train
train/rotten/peach_rotten_0125.jpg,rotten,peach,train
train/rotten/cucumber_rotten_0085.jpg,rotten,cucumber,train
train/rotten/tomato_rotten_0120.jpg,rotten,tomato,train
train/rotten/banana_rotten_0021.jpg,rotten,banana,train
train/rotten/banana_rotten_0115.jpg,rotten,banana,train
train/rotten/pear_rotten_0097.jpg,rotten,pear,train
train/rotten/pear_rotten_0123.jpg,rotten,pear,train
train/rotten/apple_rotten_0179.jpg,rotten,apple,train
train/rotten/bell_pepper_rotten_0185.jpg,rotten,bell_pepper,train
train/rotten/potato_rotten_0076.jpg,rotten,potato,train
train/rotten/orange_rotten_0136.jpg,rotten,orange,train
train/rotten/orange_rotten_0117.jpg,rotten,orange,train
train/rotten/orange_rotten_0167.jpg,rotten,orange,train
train/rotten/orange_rotten_0007.jpg,rotten,orange,train
train/rotten/onion_rotten_0091.jpg,rotten,onion,train
train/rotten/orange_rotten_0175.jpg,rotten,orange,train
train/rotten/carrot_rotten_0136.jpg,rotten,carrot,train
train/rotten/orange_rotten_0186.jpg,rotten,orange,train
train/rotten/apple_rotten_0134.jpg,rotten,apple,train
train/rotten/broccoli_rotten_0109.jpg,rotten,broccoli,train
train/rotten/banana_rotten_0018.jpg,rotten,banana,train
train/rotten/onion_rotten_0087.jpg,rotten,onion,train
train/rotten/corn_rotten_0110.jpg,rotten,corn,train
train/rotten/potato_rotten_0113.jpg,rotten,potato,train
train/rotten/pear_rotten_0084.jpg,rotten,pear,train
train/rotten/carrot_rotten_0196.jpg,rotten,carrot,train
train/rotten/pear_rotten_0171.jpg,rotten,pear,train
train/rotten/grapes_rotten_0046.jpg,rotten,grapes,train
train/rotten/banana_rotten_0175.jpg,rotten,banana,train
train/rotten/grapes_rotten_0059.jpg,rotten,grapes,train
train/rotten/orange_rotten_0185.jpg,rotten,orange,train
train/rotten/pear_rotten_0085.jpg,rotten,pear,train
val/fresh/peach_fresh_0077.jpg,fresh,peach,val
val/fresh/tomato_fresh_0053.jpg,fresh,tomato,val
val/fresh/pineapple_fresh_0153.jpg,fresh,pineapple,val
val/fresh/strawberry_fresh_0093.jpg,fresh,strawberry,val
val/fresh/banana_fresh_0042.jpg,fresh,banana,val
val/fresh/lemon_fresh_0173.jpg,fresh,lemon,val
val/fresh/broccoli_fresh_0151.jpg,fresh,broccoli,val
val/fresh/potato_fresh_0027.jpg,fresh,potato,val
val/fresh/pineapple_fresh_0073.jpg,fresh,pineapple,val
val/fresh/garlic_fresh_0167.jpg,fresh,garlic,val
val/fresh/corn_fresh_0059.jpg,fresh,corn,val
val/fresh/cucumber_fresh_0010.jpg,fresh,cucumber,val
val/fresh/corn_fresh_0061.jpg,fresh,corn,val
val/fresh/garlic_fresh_0036.jpg,fresh,garlic,val
val/fresh/banana_fresh_0138.jpg,fresh,banana,val
val/fresh/cucumber_fresh_0062.jpg,fresh,cucumber,val
val/fresh/pear_fresh_0019.jpg,fresh,pear,val
val/fresh/lemon_fresh_0183.jpg,fresh,lemon,val
val/fresh/potato_fresh_0086.jpg,fresh,potato,val
val/fresh/spinach_fresh_0007.jpg,fresh,spinach,val
val/fresh/pear_fresh_0130.jpg,fresh,pear,val
val/fresh/spinach_fresh_0015.jpg,fresh,spinach,val
val/fresh/bell_pepper_fresh_0140.jpg,fresh,bell_pepper,val
val/fresh/garlic_fresh_0154.jpg,fresh,garlic,val
val/fresh/grapes_fresh_0166.jpg,fresh,grapes,val
val/fresh/potato_fresh_0116.jpg,fresh,potato,val
val/fresh/banana_fresh_0023.jpg,fresh,banana,val
val/fresh/corn_fresh_0055.jpg,fresh,corn,val
val/fresh/corn_fresh_0087.jpg,fresh,corn,val
val/fresh/onion_fresh_0018.jpg,fresh,onion,val
val/fresh/strawberry_fresh_0182.jpg,fresh,strawberry,val
val/fresh/pear_fresh_0035.jpg,fresh,pear,val
val/fresh/spinach_fresh_0067.jpg,fresh,spinach,val
val/fresh/corn_fresh_0122.jpg,fresh,corn,val
val/fresh/bell_pepper_fresh_0070.jpg,fresh,bell_pepper,val
val/fresh/lemon_fresh_0023.jpg,fresh,lemon,val
val/fresh/strawberry_fresh_0111.jpg,fresh,strawberry,val
val/fresh/carrot_fresh_0165.jpg,fresh,carrot,val
val/fresh/garlic_fresh_0132.jpg,fresh,garlic,val
val/fresh/grapes_fresh_0147.jpg,fresh,grapes,val
val/fresh/bell_pepper_fresh_0112.jpg,fresh,bell_pepper,val
val/fresh/pineapple_fresh_0009.jpg,fresh,pineapple,val
val/fresh/lemon_fresh_0116.jpg,fresh,lemon,val
val/fresh/mango_fresh_0009.jpg,fresh,mango,val
val/fresh/spinach_fresh_0006.jpg,fresh,spinach,val
val/fresh/potato_fresh_0146.jpg,fresh,potato,val
val/fresh/banana_fresh_0156.jpg,fresh,banana,val
val/fresh/apple_fresh_0131.jpg,fresh,apple,val
val/fresh/grapes_fresh_0157.jpg,fresh,grapes,val
val/fresh/tomato_fresh_0150.jpg,fresh,tomato,val
val/fresh/apple_fresh_0175.jpg,fresh,apple,val
val/fresh/corn_fresh_0182.jpg,fresh,corn,val
val/fresh/bell_pepper_fresh_0085.jpg,fresh,bell_pepper,val
val/fresh/lemon_fresh_0046.jpg,fresh,lemon,val
val/fresh/peach_fresh_0188.jpg,fresh,peach,val
val/fresh/lemon_fresh_0160.jpg,fresh,lemon,val
val/fresh/garlic_fresh_0176.jpg,fresh,garlic,val
val/fresh/carrot_fresh_0025.jpg,fresh,carrot,val
val/fresh/lemon_fresh_0057.jpg,fresh,lemon,val
val/fresh/bell_pepper_fresh_0069.jpg,fresh,bell_pepper,val
val/fresh/pear_fresh_0005.jpg,fresh,pear,val
val/fresh/cucumber_fresh_0057.jpg,fresh,cucumber,val
val/fresh/garlic_fresh_0155.jpg,fresh,garlic,val
val/fresh/corn_fresh_0074.jpg,fresh,corn,val
val/fresh/peach_fresh_0127.jpg,fresh,peach,val
val/fresh/tomato_fresh_0041.jpg,fresh,tomato,val
val/fresh/pineapple_fresh_0102.jpg,fresh,pineapple,val
val/fresh/mango_fresh_0002.jpg,fresh,mango,val
val/fresh/spinach_fresh_0111.jpg,fresh,spinach,val
val/fresh/mango_fresh_0192.jpg,fresh,mango,val
val/fresh/banana_fresh_0057.jpg,fresh,banana,val
val/fresh/strawberry_fresh_0008.jpg,fresh,strawberry,val
val/fresh/mango_fresh_0101.jpg,fresh,mango,val
val/fresh/lemon_fresh_0091.jpg,fresh,lemon,val
val/fresh/spinach_fresh_0174.jpg,fresh,spinach,val
val/fresh/broccoli_fresh_0118.jpg,fresh,broccoli,val
val/fresh/grapes_fresh_0110.jpg,fresh,grapes,val
val/fresh/bell_pepper_fresh_0190.jpg,fresh,bell_pepper,val
val/fresh/garlic_fresh_0001.jpg,fresh,garlic,val
val/fresh/corn_fresh_0020.jpg,fresh,corn,val
val/fresh/orange_fresh_0146.jpg,fresh,orange,val
val/fresh/apple_fresh_0157.jpg,fresh,apple,val
val/fresh/pear_fresh_0169.jpg,fresh,pear,val
val/fresh/garlic_fresh_0121.jpg,fresh,garlic,val
val/fresh/cucumber_fresh_0043.jpg,fresh,cucumber,val
val/fresh/apple_fresh_0016.jpg,fresh,apple,val
val/fresh/mango_fresh_0104.jpg,fresh,mango,val
val/fresh/spinach_fresh_0161.jpg,fresh,spinach,val
val/fresh/bell_pepper_fresh_0013.jpg,fresh,bell_pepper,val
val/fresh/banana_fresh_0128.jpg,fresh,banana,val
val/fresh/potato_fresh_0090.jpg,fresh,potato,val
val/fresh/broccoli_fresh_0011.jpg,fresh,broccoli,val
val/fresh/broccoli_fresh_0129.jpg,fresh,broccoli,val
val/fresh/tomato_fresh_0170.jpg,fresh,tomato,val
val/fresh/potato_fresh_0123.jpg,fresh,potato,val
val/fresh/apple_fresh_0153.jpg,fresh,apple,val
val/fresh/apple_fresh_0112.jpg,fresh,apple,val
val/fresh/carrot_fresh_0145.jpg,fresh,carrot,val
val/fresh/pineapple_fresh_0130.jpg,fresh,pineapple,val
val/fresh/garlic_fresh_0052.jpg,fresh,garlic,val
val/fresh/mango_fresh_0156.jpg,fresh,mango,val
val/fresh/lemon_fresh_0085.jpg,fresh,lemon,val
val/fresh/peach_fresh_0022.jpg,fresh,peach,val
val/fresh/peach_fresh_0030.jpg,fresh,peach,val
val/fresh/onion_fresh_0175.jpg,fresh,onion,val
val/fresh/garlic_fresh_0118.jpg,fresh,garlic,val
val/fresh/bell_pepper_fresh_0038.jpg,fresh,bell_pepper,val
val/fresh/pear_fresh_0160.jpg,fresh,pear,val
val/fresh/orange_fresh_0026.jpg,fresh,orange,val
val/fresh/onion_fresh_0177.jpg,fresh,onion,val
val/fresh/strawberry_fresh_0078.jpg,fresh,strawberry,val
val/fresh/tomato_fresh_0160.jpg,fresh,tomato,val
val/fresh/strawberry_fresh_0101.jpg,fresh,strawberry,val
val/fresh/orange_fresh_0198.jpg,fresh,orange,val
val/fresh/corn_fresh_0009.jpg,fresh,corn,val
val/fresh/lemon_fresh_0093.jpg,fresh,lemon,val
val/fresh/strawberry_fresh_0081.jpg,fresh,strawberry,val
val/fresh/apple_fresh_0115.jpg,fresh,apple,val
val/fresh/lemon_fresh_0157.jpg,fresh,lemon,val
val/fresh/onion_fresh_0160.jpg,fresh,onion,val
val/fresh/strawberry_fresh_0032.jpg,fresh,strawberry,val
val/fresh/grapes_fresh_0103.jpg,fresh,grapes,val
val/fresh/spinach_fresh_0047.jpg,fresh,spinach,val
val/fresh/peach_fresh_0023.jpg,fresh,peach,val
val/fresh/peach_fresh_0166.jpg,fresh,peach,val
val/fresh/apple_fresh_0063.jpg,fresh,apple,val
val/fresh/apple_fresh_0086.jpg,fresh,apple,val
val/fresh/potato_fresh_0130.jpg,fresh,potato,val
val/fresh/bell_pepper_fresh_0172.jpg,fresh,bell_pepper,val
val/fresh/broccoli_fresh_0178.jpg,fresh,broccoli,val
val/fresh/lemon_fresh_0161.jpg,fresh,lemon,val
val/fresh/onion_fresh_0085.jpg,fresh,onion,val
val/fresh/bell_pepper_fresh_0067.jpg,fresh,bell_pepper,val
val/fresh/strawberry_fresh_0096.jpg,fresh,strawberry,val
val/fresh/cucumber_fresh_0172.jpg,fresh,cucumber,val
val/fresh/orange_fresh_0166.jpg,fresh,orange,val
val/fresh/grapes_fresh_0083.jpg,fresh,grapes,val
val/fresh/bell_pepper_fresh_0097.jpg,fresh,bell_pepper,val
val/fresh/orange_fresh_0010.jpg,fresh,orange,val
val/fresh/grapes_fresh_0191.jpg,fresh,grapes,val
val/fresh/peach_fresh_0116.jpg,fresh,peach,val
val/fresh/cucumber_fresh_0138.jpg,fresh,cucumber,val
val/fresh/garlic_fresh_0045.jpg,fresh,garlic,val
val/fresh/apple_fresh_0058.jpg,fresh,apple,val
val/fresh/potato_fresh_0171.jpg,fresh,potato,val
val/fresh/orange_fresh_0104.jpg,fresh,orange,val
val/fresh/orange_fresh_0168.jpg,fresh,orange,val
val/fresh/peach_fresh_0103.jpg,fresh,peach,val
val/fresh/tomato_fresh_0075.jpg,fresh,tomato,val
val/fresh/garlic_fresh_0081.jpg,fresh,garlic,val
val/fresh/apple_fresh_0159.jpg,fresh,apple,val
val/fresh/tomato_fresh_0159.jpg,fresh,tomato,val
val/fresh/pear_fresh_0080.jpg,fresh,pear,val
val/fresh/potato_fresh_0109.jpg,fresh,potato,val
val/fresh/garlic_fresh_0106.jpg,fresh,garlic,val
val/fresh/broccoli_fresh_0148.jpg,fresh,broccoli,val
val/fresh/carrot_fresh_0137.jpg,fresh,carrot,val
val/fresh/garlic_fresh_0170.jpg,fresh,garlic,val
val/fresh/orange_fresh_0044.jpg,fresh,orange,val
val/fresh/carrot_fresh_0009.jpg,fresh,carrot,val
val/fresh/pineapple_fresh_0023.jpg,fresh,pineapple,val
val/fresh/peach_fresh_0193.jpg,fresh,peach,val
val/fresh/spinach_fresh_0076.jpg,fresh,spinach,val
val/fresh/apple_fresh_0141.jpg,fresh,apple,val
val/fresh/lemon_fresh_0059.jpg,fresh,lemon,val
val/fresh/tomato_fresh_0181.jpg,fresh,tomato,val
val/fresh/pineapple_fresh_0067.jpg,fresh,pineapple,val
val/fresh/cucumber_fresh_0019.jpg,fresh,cucumber,val
val/fresh/onion_fresh_0039.jpg,fresh,onion,val
val/fresh/apple_fresh_0033.jpg,fresh,apple,val
val/fresh/garlic_fresh_0168.jpg,fresh,garlic,val
val/fresh/corn_fresh_0118.jpg,fresh,corn,val
val/fresh/peach_fresh_0000.jpg,fresh,peach,val
val/fresh/pear_fresh_0070.jpg,fresh,pear,val
val/fresh/cucumber_fresh_0134.jpg,fresh,cucumber,val
val/fresh/grapes_fresh_0026.jpg,fresh,grapes,val
val/fresh/garlic_fresh_0197.jpg,fresh,garlic,val
val/fresh/potato_fresh_0049.jpg,fresh,potato,val
val/fresh/orange_fresh_0128.jpg,fresh,orange,val
val/fresh/bell_pepper_fresh_0163.jpg,fresh,bell_pepper,val
val/fresh/spinach_fresh_0195.jpg,fresh,spinach,val
val/fresh/pear_fresh_0056.jpg,fresh,pear,val
val/fresh/spinach_fresh_0136.jpg,fresh,spinach,val
val/fresh/pineapple_fresh_0098.jpg,fresh,pineapple,val
val/fresh/tomato_fresh_0056.jpg,fresh,tomato,val
val/fresh/strawberry_fresh_0040.jpg,fresh,strawberry,val
val/fresh/tomato_fresh_0114.jpg,fresh,tomato,val
val/fresh/garlic_fresh_0182.jpg,fresh,garlic,val
val/fresh/carrot_fresh_0196.jpg,fresh,carrot,val
val/fresh/broccoli_fresh_0174.jpg,fresh,broccoli,val
val/fresh/pear_fresh_0039.jpg,fresh,pear,val
val/fresh/broccoli_fresh_0111.jpg,fresh,broccoli,val
val/fresh/carrot_fresh_0021.jpg,fresh,carrot,val
val/fresh/onion_fresh_0044.jpg,fresh,onion,val
val/fresh/mango_fresh_0152.jpg,fresh,mango,val
val/fresh/bell_pepper_fresh_0049.jpg,fresh,bell_pepper,val
val/fresh/lemon_fresh_0114.jpg,fresh,lemon,val
val/fresh/grapes_fresh_0117.jpg,fresh,grapes,val
val/fresh/corn_fresh_0174.jpg,fresh,corn,val
val/fresh/bell_pepper_fresh_0045.jpg,fresh,bell_pepper,val
val/fresh/spinach_fresh_0004.jpg,fresh,spinach,val
val/fresh/tomato_fresh_0049.jpg,fresh,tomato,val
val/fresh/banana_fresh_0145.jpg,fresh,banana,val
val/fresh/onion_fresh_0097.jpg,fresh,onion,val
val/fresh/onion_fresh_0116.jpg,fresh,onion,val
val/fresh/grapes_fresh_0151.jpg,fresh,grapes,val
val/fresh/mango_fresh_0121.jpg,fresh,mango,val
val/fresh/broccoli_fresh_0083.jpg,fresh,broccoli,val
val/fresh/garlic_fresh_0144.jpg,fresh,garlic,val
val/fresh/pear_fresh_0063.jpg,fresh,pear,val
val/fresh/peach_fresh_0113.jpg,fresh,peach,val
val/fresh/bell_pepper_fresh_0012.jpg,fresh,bell_pepper,val
val/fresh/spinach_fresh_0164.jpg,fresh,spinach,val
val/fresh/onion_fresh_0168.jpg,fresh,onion,val
val/fresh/apple_fresh_0008.jpg,fresh,apple,val
val/fresh/spinach_fresh_0113.jpg,fresh,spinach,val
val/fresh/mango_fresh_0044.jpg,fresh,mango,val
val/fresh/corn_fresh_0099.jpg,fresh,corn,val
val/fresh/strawberry_fresh_0176.jpg,fresh,strawberry,val
val/fresh/onion_fresh_0118.jpg,fresh,onion,val
val/fresh/pineapple_fresh_0186.jpg,fresh,pineapple,val
val/fresh/grapes_fresh_0101.jpg,fresh,grapes,val
val/fresh/potato_fresh_0150.jpg,fresh,potato,val
val/fresh/banana_fresh_0077.jpg,fresh,banana,val
val/fresh/grapes_fresh_0163.jpg,fresh,grapes,val
val/fresh/broccoli_fresh_0190.jpg,fresh,broccoli,val
val/fresh/lemon_fresh_0165.jpg,fresh,lemon,val
val/fresh/orange_fresh_0154.jpg,fresh,orange,val
val/fresh/apple_fresh_0005.jpg,fresh,apple,val
val/fresh/mango_fresh_0167.jpg,fresh,mango,val
val/fresh/corn_fresh_0171.jpg,fresh,corn,val
val/fresh/banana_fresh_0119.jpg,fresh,banana,val
val/fresh/pineapple_fresh_0120.jpg,fresh,pineapple,val
val/fresh/broccoli_fresh_0109.jpg,fresh,broccoli,val
val/fresh/cucumber_fresh_0063.jpg,fresh,cucumber,val
val/fresh/bell_pepper_fresh_0075.jpg,fresh,bell_pepper,val
val/fresh/pineapple_fresh_0126.jpg,fresh,pineapple,val
val/fresh/mango_fresh_0047.jpg,fresh,mango,val
val/fresh/cucumber_fresh_0044.jpg,fresh,cucumber,val
val/fresh/carrot_fresh_0005.jpg,fresh,carrot,val
val/fresh/banana_fresh_0139.jpg,fresh,banana,val
val/fresh/bell_pepper_fresh_0126.jpg,fresh,bell_pepper,val
val/fresh/orange_fresh_0086.jpg,fresh,orange,val
val/fresh/grapes_fresh_0185.jpg,fresh,grapes,val
val/fresh/lemon_fresh_0196.jpg,fresh,lemon,val
val/fresh/pear_fresh_0142.jpg,fresh,pear,val
val/fresh/mango_fresh_0139.jpg,fresh,mango,val
val/fresh/mango_fresh_0085.jpg,fresh,mango,val
val/fresh/apple_fresh_0150.jpg,fresh,apple,val
val/fresh/banana_fresh_0020.jpg,fresh,banana,val
val/fresh/mango_fresh_0122.jpg,fresh,mango,val
val/fresh/broccoli_fresh_0022.jpg,fresh,broccoli,val
val/fresh/banana_fresh_0126.jpg,fresh,banana,val
val/fresh/mango_fresh_0199.jpg,fresh,mango,val
val/fresh/pear_fresh_0059.jpg,fresh,pear,val
val/fresh/potato_fresh_0107.jpg,fresh,potato,val
val/fresh/grapes_fresh_0047.jpg,fresh,grapes,val
val/fresh/lemon_fresh_0188.jpg,fresh,lemon,val
val/fresh/broccoli_fresh_0003.jpg,fresh,broccoli,val
val/fresh/carrot_fresh_0108.jpg,fresh,carrot,val
val/fresh/corn_fresh_0114.jpg,fresh,corn,val
val/fresh/peach_fresh_0105.jpg,fresh,peach,val
val/fresh/potato_fresh_0193.jpg,fresh,potato,val
val/fresh/broccoli_fresh_0105.jpg,fresh,broccoli,val
val/fresh/apple_fresh_0095.jpg,fresh,apple,val
val/fresh/mango_fresh_0116.jpg,fresh,mango,val
val/fresh/onion_fresh_0005.jpg,fresh,onion,val
val/fresh/mango_fresh_0136.jpg,fresh,mango,val
val/fresh/tomato_fresh_0119.jpg,fresh,tomato,val
val/fresh/onion_fresh_0169.jpg,fresh,onion,val
val/fresh/apple_fresh_0030.jpg,fresh,apple,val
val/fresh/peach_fresh_0117.jpg,fresh,peach,val
val/fresh/tomato_fresh_0073.jpg,fresh,tomato,val
val/fresh/onion_fresh_0078.jpg,fresh,onion,val
val/fresh/onion_fresh_0181.jpg,fresh,onion,val
val/fresh/pineapple_fresh_0133.jpg,fresh,pineapple,val
val/fresh/garlic_fresh_0034.jpg,fresh,garlic,val
val/fresh/spinach_fresh_0110.jpg,fresh,spinach,val
val/fresh/strawberry_fresh_0028.jpg,fresh,strawberry,val
val/fresh/pear_fresh_0146.jpg,fresh,pear,val
val/fresh/spinach_fresh_0138.jpg,fresh,spinach,val
val/fresh/cucumber_fresh_0076.jpg,fresh,cucumber,val
val/fresh/bell_pepper_fresh_0130.jpg,fresh,bell_pepper,val
val/fresh/grapes_fresh_0093.jpg,fresh,grapes,val
val/fresh/strawberry_fresh_0057.jpg,fresh,strawberry,val
val/fresh/lemon_fresh_0181.jpg,fresh,lemon,val
val/fresh/carrot_fresh_0029.jpg,fresh,carrot,val
val/fresh/grapes_fresh_0007.jpg,fresh,grapes,val
val/fresh/lemon_fresh_0050.jpg,fresh,lemon,val
val/fresh/orange_fresh_0095.jpg,fresh,orange,val
val/fresh/banana_fresh_0184.jpg,fresh,banana,val
val/fresh/pear_fresh_0067.jpg,fresh,pear,val
val/fresh/pineapple_fresh_0056.jpg,fresh,pineapple,val
val/fresh/pineapple_fresh_0037.jpg,fresh,pineapple,val
val/fresh/carrot_fresh_0079.jpg,fresh,carrot,val
val/fresh/broccoli_fresh_0157.jpg,fresh,broccoli,val
val/fresh/garlic_fresh_0064.jpg,fresh,garlic,val
val/fresh/orange_fresh_0072.jpg,fresh,orange,val
val/fresh/banana_fresh_0110.jpg,fresh,banana,val
val/fresh/tomato_fresh_0072.jpg,fresh,tomato,val
val/fresh/peach_fresh_0114.jpg,fresh,peach,val
val/fresh/apple_fresh_0084.jpg,fresh,apple,val
val/fresh/peach_fresh_0184.jpg,fresh,peach,val
val/fresh/corn_fresh_0036.jpg,fresh,corn,val
val/fresh/banana_fresh_0038.jpg,fresh,banana,val
val/fresh/pineapple_fresh_0022.jpg,fresh,pineapple,val
val/fresh/mango_fresh_0146.jpg,fresh,mango,val
val/fresh/potato_fresh_0084.jpg,fresh,potato,val
val/fresh/lemon_fresh_0145.jpg,fresh,lemon,val
val/fresh/corn_fresh_0132.jpg,fresh,corn,val
val/fresh/corn_fresh_0165.jpg,fresh,corn,val
val/fresh/potato_fresh_0017.jpg,fresh,potato,val
val/fresh/potato_fresh_0006.jpg,fresh,potato,val
val/fresh/apple_fresh_0056.jpg,fresh,apple,val
val/fresh/peach_fresh_0087.jpg,fresh,peach,val
val/fresh/onion_fresh_0076.jpg,fresh,onion,val
val/fresh/potato_fresh_0002.jpg,fresh,potato,val
val/fresh/apple_fresh_0189.jpg,fresh,apple,val
val/fresh/onion_fresh_0109.jpg,fresh,onion,val
val/fresh/garlic_fresh_0038.jpg,fresh,garlic,val
val/fresh/potato_fresh_0175.jpg,fresh,potato,val
val/fresh/orange_fresh_0099.jpg,fresh,orange,val
val/fresh/carrot_fresh_0083.jpg,fresh,carrot,val
val/fresh/orange_fresh_0093.jpg,fresh,orange,val
val/fresh/spinach_fresh_0013.jpg,fresh,spinach,val
val/fresh/apple_fresh_0057.jpg,fresh,apple,val
val/fresh/bell_pepper_fresh_0025.jpg,fresh,bell_pepper,val
val/fresh/orange_fresh_0021.jpg,fresh,orange,val
val/fresh/carrot_fresh_0158.jpg,fresh,carrot,val
val/fresh/cucumber_fresh_0075.jpg,fresh,cucumber,val
val/fresh/broccoli_fresh_0106.jpg,fresh,broccoli,val
val/fresh/apple_fresh_0015.jpg,fresh,apple,val
val/fresh/tomato_fresh_0092.jpg,fresh,tomato,val
val/fresh/strawberry_fresh_0046.jpg,fresh,strawberry,val
val/fresh/carrot_fresh_0148.jpg,fresh,carrot,val
val/fresh/grapes_fresh_0099.jpg,fresh,grapes,val
val/fresh/carrot_fresh_0078.jpg,fresh,carrot,val
val/fresh/carrot_fresh_0125.jpg,fresh,carrot,val
val/fresh/lemon_fresh_0189.jpg,fresh,lemon,val
val/fresh/corn_fresh_0173.jpg,fresh,corn,val
val/fresh/mango_fresh_0015.jpg,fresh,mango,val
val/fresh/orange_fresh_0015.jpg,fresh,orange,val
val/fresh/spinach_fresh_0086.jpg,fresh,spinach,val
val/fresh/onion_fresh_0152.jpg,fresh,onion,val
val/fresh/pineapple_fresh_0013.jpg,fresh,pineapple,val
val/fresh/strawberry_fresh_0100.jpg,fresh,strawberry,val
val/fresh/carrot_fresh_0191.jpg,fresh,carrot,val
val/fresh/cucumber_fresh_0123.jpg,fresh,cucumber,val
val/fresh/spinach_fresh_0191.jpg,fresh,spinach,val
val/fresh/onion_fresh_0048.jpg,fresh,onion,val
val/fresh/peach_fresh_0140.jpg,fresh,peach,val
val/fresh/pear_fresh_0093.jpg,fresh,pear,val
val/fresh/pineapple_fresh_0157.jpg,fresh,pineapple,val
val/fresh/pineapple_fresh_0172.jpg,fresh,pineapple,val
val/fresh/spinach_fresh_0055.jpg,fresh,spinach,val
val/fresh/peach_fresh_0052.jpg,fresh,peach,val
val/fresh/strawberry_fresh_0175.jpg,fresh,strawberry,val
val/fresh/bell_pepper_fresh_0103.jpg,fresh,bell_pepper,val
val/fresh/banana_fresh_0036.jpg,fresh,banana,val
val/fresh/cucumber_fresh_0030.jpg,fresh,cucumber,val
val/fresh/tomato_fresh_0029.jpg,fresh,tomato,val
val/fresh/apple_fresh_0071.jpg,fresh,apple,val
val/fresh/mango_fresh_0073.jpg,fresh,mango,val
val/fresh/cucumber_fresh_0013.jpg,fresh,cucumber,val
val/fresh/bell_pepper_fresh_0094.jpg,fresh,bell_pepper,val
val/fresh/strawberry_fresh_0153.jpg,fresh,strawberry,val
val/fresh/corn_fresh_0039.jpg,fresh,corn,val
val/fresh/potato_fresh_0003.jpg,fresh,potato,val
val/fresh/potato_fresh_0047.jpg,fresh,potato,val
val/fresh/orange_fresh_0150.jpg,fresh,orange,val
val/fresh/orange_fresh_0134.jpg,fresh,orange,val
val/fresh/grapes_fresh_0001.jpg,fresh,grapes,val
val/fresh/banana_fresh_0078.jpg,fresh,banana,val
val/fresh/mango_fresh_0074.jpg,fresh,mango,val
val/fresh/grapes_fresh_0071.jpg,fresh,grapes,val
val/fresh/potato_fresh_0062.jpg,fresh,potato,val
val/fresh/corn_fresh_0110.jpg,fresh,corn,val
val/fresh/garlic_fresh_0165.jpg,fresh,garlic,val
val/fresh/broccoli_fresh_0001.jpg,fresh,broccoli,val
val/fresh/pineapple_fresh_0020.jpg,fresh,pineapple,val
val/fresh/cucumber_fresh_0163.jpg,fresh,cucumber,val
val/fresh/strawberry_fresh_0184.jpg,fresh,strawberry,val
val/fresh/tomato_fresh_0120.jpg,fresh,tomato,val
val/fresh/mango_fresh_0106.jpg,fresh,mango,val
val/fresh/grapes_fresh_0050.jpg,fresh,grapes,val
val/fresh/spinach_fresh_0170.jpg,fresh,spinach,val
val/fresh/onion_fresh_0001.jpg,fresh,onion,val
val/fresh/pineapple_fresh_0001.jpg,fresh,pineapple,val
val/fresh/garlic_fresh_0095.jpg,fresh,garlic,val
val/fresh/broccoli_fresh_0108.jpg,fresh,broccoli,val
val/fresh/bell_pepper_fresh_0193.jpg,fresh,bell_pepper,val
val/fresh/apple_fresh_0174.jpg,fresh,apple,val
val/fresh/grapes_fresh_0052.jpg,fresh,grapes,val
val/fresh/tomato_fresh_0129.jpg,fresh,tomato,val
val/fresh/pineapple_fresh_0099.jpg,fresh,pineapple,val
val/fresh/mango_fresh_0126.jpg,fresh,mango,val
val/fresh/bell_pepper_fresh_0054.jpg,fresh,bell_pepper,val
val/fresh/grapes_fresh_0171.jpg,fresh,grapes,val
val/fresh/strawberry_fresh_0025.jpg,fresh,strawberry,val
val/fresh/pear_fresh_0198.jpg,fresh,pear,val
val/fresh/lemon_fresh_0024.jpg,fresh,lemon,val
val/fresh/pear_fresh_0186.jpg,fresh,pear,val
val/fresh/onion_fresh_0065.jpg,fresh,onion,val
val/fresh/orange_fresh_0174.jpg,fresh,orange,val
val/fresh/onion_fresh_0141.jpg,fresh,onion,val
val/fresh/lemon_fresh_0154.jpg,fresh,lemon,val
val/fresh/orange_fresh_0199.jpg,fresh,orange,val
val/fresh/pear_fresh_0009.jpg,fresh,pear,val
val/fresh/grapes_fresh_0182.jpg,fresh,grapes,val
val/fresh/apple_fresh_0188.jpg,fresh,apple,val
val/fresh/banana_fresh_0010.jpg,fresh,banana,val
val/fresh/cucumber_fresh_0186.jpg,fresh,cucumber,val
val/fresh/orange_fresh_0169.jpg,fresh,orange,val
val/fresh/banana_fresh_0015.jpg,fresh,banana,val
val/fresh/corn_fresh_0041.jpg,fresh,corn,val
val/fresh/orange_fresh_0133.jpg,fresh,orange,val
val/fresh/cucumber_fresh_0097.jpg,fresh,cucumber,val
val/fresh/mango_fresh_0164.jpg,fresh,mango,val
val/fresh/mango_fresh_0181.jpg,fresh,mango,val
val/fresh/pear_fresh_0183.jpg,fresh,pear,val
val/fresh/potato_fresh_0118.jpg,fresh,potato,val
val/fresh/corn_fresh_0160.jpg,fresh,corn,val
val/fresh/apple_fresh_0132.jpg,fresh,apple,val
val/fresh/lemon_fresh_0136.jpg,fresh,lemon,val
val/fresh/corn_fresh_0092.jpg,fresh,corn,val
val/fresh/apple_fresh_0060.jpg,fresh,apple,val
val/fresh/banana_fresh_0006.jpg,fresh,banana,val
val/fresh/spinach_fresh_0057.jpg,fresh,spinach,val
val/fresh/broccoli_fresh_0133.jpg,fresh,broccoli,val
val/fresh/onion_fresh_0143.jpg,fresh,onion,val
val/fresh/carrot_fresh_0117.jpg,fresh,carrot,val
val/fresh/broccoli_fresh_0120.jpg,fresh,broccoli,val
val/fresh/carrot_fresh_0060.jpg,fresh,carrot,val
val/fresh/tomato_fresh_0157.jpg,fresh,tomato,val
val/fresh/pear_fresh_0055.jpg,fresh,pear,val
val/fresh/apple_fresh_0018.jpg,fresh,apple,val
val/fresh/peach_fresh_0146.jpg,fresh,peach,val
val/fresh/cucumber_fresh_0155.jpg,fresh,cucumber,val
val/fresh/banana_fresh_0103.jpg,fresh,banana,val
val/fresh/strawberry_fresh_0171.jpg,fresh,strawberry,val
val/fresh/banana_fresh_0064.jpg,fresh,banana,val
val/fresh/carrot_fresh_0131.jpg,fresh,carrot,val
val/fresh/peach_fresh_0130.jpg,fresh,peach,val
val/fresh/spinach_fresh_0156.jpg,fresh,spinach,val
val/fresh/garlic_fresh_0082.jpg,fresh,garlic,val
val/fresh/cucumber_fresh_0114.jpg,fresh,cucumber,val
val/fresh/pear_fresh_0149.jpg,fresh,pear,val
val/fresh/pineapple_fresh_0140.jpg,fresh,pineapple,val
val/fresh/broccoli_fresh_0125.jpg,fresh,broccoli,val
val/fresh/orange_fresh_0040.jpg,fresh,orange,val
val/fresh/pineapple_fresh_0111.jpg,fresh,pineapple,val
val/fresh/tomato_fresh_0005.jpg,fresh,tomato,val
val/fresh/broccoli_fresh_0055.jpg,fresh,broccoli,val
val/fresh/potato_fresh_0065.jpg,fresh,potato,val
val/fresh/grapes_fresh_0159.jpg,fresh,grapes,val
val/fresh/spinach_fresh_0097.jpg,fresh,spinach,val
val/fresh/pear_fresh_0117.jpg,fresh,pear,val
val/fresh/lemon_fresh_0084.jpg,fresh,lemon,val
val/fresh/mango_fresh_0076.jpg,fresh,mango,val
val/fresh/cucumber_fresh_0191.jpg,fresh,cucumber,val
val/fresh/tomato_fresh_0112.jpg,fresh,tomato,val
val/fresh/banana_fresh_0068.jpg,fresh,banana,val
val/fresh/orange_fresh_0063.jpg,fresh,orange,val
val/fresh/strawberry_fresh_0095.jpg,fresh,strawberry,val
val/fresh/corn_fresh_0166.jpg,fresh,corn,val
val/fresh/pear_fresh_0102.jpg,fresh,pear,val
val/fresh/cucumber_fresh_0183.jpg,fresh,cucumber,val
val/fresh/pear_fresh_0023.jpg,fresh,pear,val
val/fresh/broccoli_fresh_0186.jpg,fresh,broccoli,val
val/fresh/carrot_fresh_0043.jpg,fresh,carrot,val
val/fresh/mango_fresh_0022.jpg,fresh,mango,val
val/fresh/strawberry_fresh_0075.jpg,fresh,strawberry,val
val/fresh/carrot_fresh_0120.jpg,fresh,carrot,val
val/fresh/onion_fresh_0166.jpg,fresh,onion,val
val/fresh/cucumber_fresh_0086.jpg,fresh,cucumber,val
val/fresh/tomato_fresh_0033.jpg,fresh,tomato,val
val/fresh/potato_fresh_0025.jpg,fresh,potato,val
val/fresh/spinach_fresh_0087.jpg,fresh,spinach,val
val/fresh/carrot_fresh_0188.jpg,fresh,carrot,val
val/fresh/carrot_fresh_0107.jpg,fresh,carrot,val
val/fresh/tomato_fresh_0197.jpg,fresh,tomato,val
val/fresh/potato_fresh_0191.jpg,fresh,potato,val
val/fresh/lemon_fresh_0119.jpg,fresh,lemon,val
val/fresh/banana_fresh_0181.jpg,fresh,banana,val
val/fresh/banana_fresh_0189.jpg,fresh,banana,val
val/fresh/lemon_fresh_0020.jpg,fresh,lemon,val
val/fresh/potato_fresh_0164.jpg,fresh,potato,val
val/fresh/mango_fresh_0082.jpg,fresh,mango,val
val/fresh/broccoli_fresh_0010.jpg,fresh,broccoli,val
val/fresh/peach_fresh_0009.jpg,fresh,peach,val
val/fresh/peach_fresh_0026.jpg,fresh,peach,val
val/fresh/onion_fresh_0021.jpg,fresh,onion,val
val/fresh/grapes_fresh_0054.jpg,fresh,grapes,val
val/fresh/garlic_fresh_0017.jpg,fresh,garlic,val
val/fresh/grapes_fresh_0161.jpg,fresh,grapes,val
val/fresh/pear_fresh_0141.jpg,fresh,pear,val
val/fresh/banana_fresh_0031.jpg,fresh,banana,val
val/fresh/strawberry_fresh_0018.jpg,fresh,strawberry,val
val/fresh/onion_fresh_0072.jpg,fresh,onion,val
val/fresh/pear_fresh_0076.jpg,fresh,pear,val
val/fresh/bell_pepper_fresh_0101.jpg,fresh,bell_pepper,val
val/fresh/banana_fresh_0165.jpg,fresh,banana,val
val/fresh/strawberry_fresh_0143.jpg,fresh,strawberry,val
val/fresh/carrot_fresh_0068.jpg,fresh,carrot,val
val/fresh/strawberry_fresh_0034.jpg,fresh,strawberry,val
val/fresh/garlic_fresh_0120.jpg,fresh,garlic,val
val/fresh/pear_fresh_0091.jpg,fresh,pear,val
val/fresh/strawberry_fresh_0193.jpg,fresh,strawberry,val
val/fresh/carrot_fresh_0016.jpg,fresh,carrot,val
val/fresh/cucumber_fresh_0095.jpg,fresh,cucumber,val
val/fresh/pineapple_fresh_0016.jpg,fresh,pineapple,val
val/fresh/orange_fresh_0082.jpg,fresh,orange,val
val/fresh/spinach_fresh_0021.jpg,fresh,spinach,val
val/fresh/cucumber_fresh_0074.jpg,fresh,cucumber,val
val/fresh/grapes_fresh_0137.jpg,fresh,grapes,val
val/fresh/strawberry_fresh_0077.jpg,fresh,strawberry,val
val/fresh/peach_fresh_0158.jpg,fresh,peach,val
val/fresh/pear_fresh_0158.jpg,fresh,pear,val
val/fresh/tomato_fresh_0088.jpg,fresh,tomato,val
val/fresh/apple_fresh_0001.jpg,fresh,apple,val
val/fresh/spinach_fresh_0172.jpg,fresh,spinach,val
val/fresh/tomato_fresh_0099.jpg,fresh,tomato,val
val/fresh/grapes_fresh_0016.jpg,fresh,grapes,val
val/fresh/pineapple_fresh_0002.jpg,fresh,pineapple,val
val/fresh/carrot_fresh_0063.jpg,fresh,carrot,val
val/fresh/bell_pepper_fresh_0171.jpg,fresh,bell_pepper,val
val/fresh/peach_fresh_0004.jpg,fresh,peach,val
val/fresh/lemon_fresh_0066.jpg,fresh,lemon,val
val/fresh/lemon_fresh_0083.jpg,fresh,lemon,val
val/fresh/corn_fresh_0010.jpg,fresh,corn,val
val/fresh/carrot_fresh_0099.jpg,fresh,carrot,val
val/fresh/strawberry_fresh_0086.jpg,fresh,strawberry,val
val/fresh/cucumber_fresh_0135.jpg,fresh,cucumber,val
val/fresh/peach_fresh_0096.jpg,fresh,peach,val
val/fresh/garlic_fresh_0157.jpg,fresh,garlic,val
val/fresh/potato_fresh_0155.jpg,fresh,potato,val
val/fresh/onion_fresh_0137.jpg,fresh,onion,val
val/fresh/peach_fresh_0160.jpg,fresh,peach,val
val/fresh/orange_fresh_0121.jpg,fresh,orange,val
val/fresh/banana_fresh_0082.jpg,fresh,banana,val
val/fresh/garlic_fresh_0084.jpg,fresh,garlic,val
val/fresh/pineapple_fresh_0044.jpg,fresh,pineapple,val
val/fresh/mango_fresh_0072.jpg,fresh,mango,val
val/fresh/banana_fresh_0069.jpg,fresh,banana,val
val/fresh/corn_fresh_0193.jpg,fresh,corn,val
val/fresh/pear_fresh_0024.jpg,fresh,pear,val
val/fresh/corn_fresh_0053.jpg,fresh,corn,val
val/fresh/tomato_fresh_0171.jpg,fresh,tomato,val
val/fresh/banana_fresh_0112.jpg,fresh,banana,val
val/fresh/carrot_fresh_0086.jpg,fresh,carrot,val
val/fresh/bell_pepper_fresh_0090.jpg,fresh,bell_pepper,val
val/fresh/pineapple_fresh_0176.jpg,fresh,pineapple,val
val/fresh/bell_pepper_fresh_0030.jpg,fresh,bell_pepper,val
val/fresh/onion_fresh_0034.jpg,fresh,onion,val
val/fresh/peach_fresh_0060.jpg,fresh,peach,val
val/fresh/onion_fresh_0194.jpg,fresh,onion,val
val/fresh/tomato_fresh_0121.jpg,fresh,tomato,val
val/fresh/corn_fresh_0086.jpg,fresh,corn,val
val/fresh/cucumber_fresh_0028.jpg,fresh,cucumber,val
val/fresh/onion_fresh_0003.jpg,fresh,onion,val
val/fresh/corn_fresh_0019.jpg,fresh,corn,val
val/fresh/peach_fresh_0020.jpg,fresh,peach,val
val/fresh/tomato_fresh_0086.jpg,fresh,tomato,val
val/fresh/strawberry_fresh_0124.jpg,fresh,strawberry,val
val/fresh/carrot_fresh_0081.jpg,fresh,carrot,val
val/fresh/broccoli_fresh_0146.jpg,fresh,broccoli,val
val/fresh/mango_fresh_0045.jpg,fresh,mango,val
val/fresh/spinach_fresh_0011.jpg,fresh,spinach,val
val/fresh/peach_fresh_0080.jpg,fresh,peach,val
val/fresh/grapes_fresh_0067.jpg,fresh,grapes,val
val/fresh/grapes_fresh_0059.jpg,fresh,grapes,val
val/fresh/broccoli_fresh_0135.jpg,fresh,broccoli,val
val/fresh/cucumber_fresh_0167.jpg,fresh,cucumber,val
val/fresh/bell_pepper_fresh_0110.jpg,fresh,bell_pepper,val
val/fresh/potato_fresh_0184.jpg,fresh,potato,val
val/fresh/broccoli_fresh_0038.jpg,fresh,broccoli,val
val/fresh/orange_fresh_0087.jpg,fresh,orange,val
val/fresh/tomato_fresh_0164.jpg,fresh,tomato,val
val/fresh/tomato_fresh_0111.jpg,fresh,tomato,val
val/fresh/cucumber_fresh_0093.jpg,fresh,cucumber,val
val/fresh/garlic_fresh_0074.jpg,fresh,garlic,val
val/fresh/pineapple_fresh_0086.jpg,fresh,pineapple,val
val/fresh/cucumber_fresh_0090.jpg,fresh,cucumber,val
val/fresh/lemon_fresh_0124.jpg,fresh,lemon,val
val/fresh/pineapple_fresh_0112.jpg,fresh,pineapple,val
val/fresh/broccoli_fresh_0063.jpg,fresh,broccoli,val
val/fresh/corn_fresh_0133.jpg,fresh,corn,val
val/fresh/bell_pepper_fresh_0021.jpg,fresh,bell_pepper,val
val/fresh/broccoli_fresh_0058.jpg,fresh,broccoli,val
val/fresh/garlic_fresh_0053.jpg,fresh,garlic,val
val/fresh/orange_fresh_0048.jpg,fresh,orange,val
val/fresh/potato_fresh_0098.jpg,fresh,potato,val
val/fresh/orange_fresh_0184.jpg,fresh,orange,val
val/fresh/pineapple_fresh_0014.jpg,fresh,pineapple,val
val/fresh/bell_pepper_fresh_0128.jpg,fresh,bell_pepper,val
val/fresh/potato_fresh_0132.jpg,fresh,potato,val
val/fresh/spinach_fresh_0089.jpg,fresh,spinach,val
val/fresh/strawberry_fresh_0091.jpg,fresh,strawberry,val
val/fresh/broccoli_fresh_0121.jpg,fresh,broccoli,val
val/fresh/spinach_fresh_0126.jpg,fresh,spinach,val
val/rotten/corn_rotten_0067.jpg,rotten,corn,val
val/rotten/bell_pepper_rotten_0164.jpg,rotten,bell_pepper,val
val/rotten/bell_pepper_rotten_0180.jpg,rotten,bell_pepper,val
val/rotten/strawberry_rotten_0066.jpg,rotten,strawberry,val
val/rotten/lemon_rotten_0096.jpg,rotten,lemon,val
val/rotten/garlic_rotten_0172.jpg,rotten,garlic,val
val/rotten/pear_rotten_0128.jpg,rotten,pear,val
val/rotten/strawberry_rotten_0081.jpg,rotten,strawberry,val
val/rotten/apple_rotten_0081.jpg,rotten,apple,val
val/rotten/tomato_rotten_0046.jpg,rotten,tomato,val
val/rotten/potato_rotten_0050.jpg,rotten,potato,val
val/rotten/pear_rotten_0166.jpg,rotten,pear,val
val/rotten/broccoli_rotten_0121.jpg,rotten,broccoli,val
val/rotten/peach_rotten_0054.jpg,rotten,peach,val
val/rotten/lemon_rotten_0145.jpg,rotten,lemon,val
val/rotten/bell_pepper_rotten_0130.jpg,rotten,bell_pepper,val
val/rotten/apple_rotten_0118.jpg,rotten,apple,val
val/rotten/carrot_rotten_0001.jpg,rotten,carrot,val
val/rotten/banana_rotten_0031.jpg,rotten,banana,val
val/rotten/peach_rotten_0140.jpg,rotten,peach,val
val/rotten/carrot_rotten_0193.jpg,rotten,carrot,val
val/rotten/strawberry_rotten_0016.jpg,rotten,strawberry,val
val/rotten/strawberry_rotten_0186.jpg,rotten,strawberry,val
val/rotten/mango_rotten_0035.jpg,rotten,mango,val
val/rotten/bell_pepper_rotten_0196.jpg,rotten,bell_pepper,val
val/rotten/bell_pepper_rotten_0098.jpg,rotten,bell_pepper,val
val/rotten/garlic_rotten_0111.jpg,rotten,garlic,val
val/rotten/carrot_rotten_0166.jpg,rotten,carrot,val
val/rotten/cucumber_rotten_0126.jpg,rotten,cucumber,val
val/rotten/banana_rotten_0172.jpg,rotten,banana,val
val/rotten/grapes_rotten_0029.jpg,rotten,grapes,val
val/rotten/mango_rotten_0139.jpg,rotten,mango,val
val/rotten/bell_pepper_rotten_0178.jpg,rotten,bell_pepper,val
val/rotten/strawberry_rotten_0072.jpg,rotten,strawberry,val
val/rotten/bell_pepper_rotten_0043.jpg,rotten,bell_pepper,val
val/rotten/orange_rotten_0192.jpg,rotten,orange,val
val/rotten/pineapple_rotten_0166.jpg,rotten,pineapple,val
val/rotten/grapes_rotten_0016.jpg,rotten,grapes,val
val/rotten/strawberry_rotten_0103.jpg,rotten,strawberry,val
val/rotten/mango_rotten_0019.jpg,rotten,mango,val
val/rotten/lemon_rotten_0017.jpg,rotten,lemon,val
val/rotten/cucumber_rotten_0122.jpg,rotten,cucumber,val
val/rotten/garlic_rotten_0116.jpg,rotten,garlic,val
val/rotten/banana_rotten_0092.jpg,rotten,banana,val
val/rotten/potato_rotten_0047.jpg,rotten,potato,val
val/rotten/apple_rotten_0113.jpg,rotten,apple,val
val/rotten/bell_pepper_rotten_0122.jpg,rotten,bell_pepper,val
val/rotten/bell_pepper_rotten_0005.jpg,rotten,bell_pepper,val
val/rotten/cucumber_rotten_0147.jpg,rotten,cucumber,val
val/rotten/corn_rotten_0076.jpg,rotten,corn,val
val/rotten/strawberry_rotten_0048.jpg,rotten,strawberry,val
val/rotten/onion_rotten_0070.jpg,rotten,onion,val
val/rotten/peach_rotten_0036.jpg,rotten,peach,val
val/rotten/apple_rotten_0040.jpg,rotten,apple,val
val/rotten/onion_rotten_0074.jpg,rotten,onion,val
val/rotten/broccoli_rotten_0017.jpg,rotten,broccoli,val
val/rotten/mango_rotten_0017.jpg,rotten,mango,val
val/rotten/mango_rotten_0199.jpg,rotten,mango,val
val/rotten/cucumber_rotten_0072.jpg,rotten,cucumber,val
val/rotten/lemon_rotten_0105.jpg,rotten,lemon,val
val/rotten/banana_rotten_0048.jpg,rotten,banana,val
val/rotten/strawberry_rotten_0027.jpg,rotten,strawberry,val
val/rotten/bell_pepper_rotten_0106.jpg,rotten,bell_pepper,val
val/rotten/cucumber_rotten_0046.jpg,rotten,cucumber,val
val/rotten/grapes_rotten_0062.jpg,rotten,grapes,val
val/rotten/potato_rotten_0185.jpg,rotten,potato,val
val/rotten/onion_rotten_0031.jpg,rotten,onion,val
val/rotten/pear_rotten_0199.jpg,rotten,pear,val
val/rotten/lemon_rotten_0072.jpg,rotten,lemon,val
val/rotten/bell_pepper_rotten_0108.jpg,rotten,bell_pepper,val
val/rotten/garlic_rotten_0059.jpg,rotten,garlic,val
val/rotten/orange_rotten_0040.jpg,rotten,orange,val
val/rotten/cucumber_rotten_0101.jpg,rotten,cucumber,val
val/rotten/tomato_rotten_0011.jpg,rotten,tomato,val
val/rotten/grapes_rotten_0170.jpg,rotten,grapes,val
val/rotten/pineapple_rotten_0066.jpg,rotten,pineapple,val
val/rotten/broccoli_rotten_0176.jpg,rotten,broccoli,val
val/rotten/tomato_rotten_0147.jpg,rotten,tomato,val
val/rotten/grapes_rotten_0153.jpg,rotten,grapes,val
val/rotten/onion_rotten_0055.jpg,rotten,onion,val
val/rotten/strawberry_rotten_0083.jpg,rotten,strawberry,val
val/rotten/peach_rotten_0142.jpg,rotten,peach,val
val/rotten/apple_rotten_0070.jpg,rotten,apple,val
val/rotten/orange_rotten_0018.jpg,rotten,orange,val
val/rotten/broccoli_rotten_0153.jpg,rotten,broccoli,val
val/rotten/pineapple_rotten_0093.jpg,rotten,pineapple,val
val/rotten/grapes_rotten_0130.jpg,rotten,grapes,val
val/rotten/banana_rotten_0025.jpg,rotten,banana,val
val/rotten/tomato_rotten_0143.jpg,rotten,tomato,val
val/rotten/grapes_rotten_0168.jpg,rotten,grapes,val
val/rotten/pineapple_rotten_0199.jpg,rotten,pineapple,val
val/rotten/mango_rotten_0117.jpg,rotten,mango,val
val/rotten/lemon_rotten_0033.jpg,rotten,lemon,val
val/rotten/apple_rotten_0108.jpg,rotten,apple,val
val/rotten/orange_rotten_0164.jpg,rotten,orange,val
val/rotten/banana_rotten_0054.jpg,rotten,banana,val
val/rotten/peach_rotten_0088.jpg,rotten,peach,val
val/rotten/orange_rotten_0074.jpg,rotten,orange,val
val/rotten/pineapple_rotten_0076.jpg,rotten,pineapple,val
val/rotten/lemon_rotten_0022.jpg,rotten,lemon,val
val/rotten/carrot_rotten_0002.jpg,rotten,carrot,val
val/rotten/orange_rotten_0081.jpg,rotten,orange,val
val/rotten/pear_rotten_0196.jpg,rotten,pear,val
val/rotten/tomato_rotten_0197.jpg,rotten,tomato,val
val/rotten/peach_rotten_0034.jpg,rotten,peach,val
val/rotten/banana_rotten_0113.jpg,rotten,banana,val
val/rotten/mango_rotten_0008.jpg,rotten,mango,val
val/rotten/apple_rotten_0186.jpg,rotten,apple,val
val/rotten/pineapple_rotten_0039.jpg,rotten,pineapple,val
val/rotten/pear_rotten_0149.jpg,rotten,pear,val
val/rotten/banana_rotten_0015.jpg,rotten,banana,val
val/rotten/lemon_rotten_0089.jpg,rotten,lemon,val
val/rotten/banana_rotten_0173.jpg,rotten,banana,val
val/rotten/apple_rotten_0133.jpg,rotten,apple,val
val/rotten/potato_rotten_0172.jpg,rotten,potato,val
val/rotten/corn_rotten_0195.jpg,rotten,corn,val
val/rotten/carrot_rotten_0082.jpg,rotten,carrot,val
val/rotten/onion_rotten_0005.jpg,rotten,onion,val
val/rotten/onion_rotten_0126.jpg,rotten,onion,val
val/rotten/lemon_rotten_0028.jpg,rotten,lemon,val
val/rotten/pineapple_rotten_0123.jpg,rotten,pineapple,val
val/rotten/tomato_rotten_0070.jpg,rotten,tomato,val
val/rotten/pineapple_rotten_0177.jpg,rotten,pineapple,val
val/rotten/pineapple_rotten_0163.jpg,rotten,pineapple,val
val/rotten/apple_rotten_0124.jpg,rotten,apple,val
val/rotten/tomato_rotten_0021.jpg,rotten,tomato,val
val/rotten/banana_rotten_0039.jpg,rotten,banana,val
val/rotten/corn_rotten_0046.jpg,rotten,corn,val
val/rotten/bell_pepper_rotten_0118.jpg,rotten,bell_pepper,val
val/rotten/grapes_rotten_0116.jpg,rotten,grapes,val
val/rotten/pear_rotten_0162.jpg,rotten,pear,val
val/rotten/pear_rotten_0157.jpg,rotten,pear,val
val/rotten/banana_rotten_0106.jpg,rotten,banana,val
val/rotten/spinach_rotten_0109.jpg,rotten,spinach,val
val/rotten/apple_rotten_0056.jpg,rotten,apple,val
val/rotten/orange_rotten_0152.jpg,rotten,orange,val
val/rotten/orange_rotten_0199.jpg,rotten,orange,val
val/rotten/orange_rotten_0168.jpg,rotten,orange,val
val/rotten/tomato_rotten_0196.jpg,rotten,tomato,val
val/rotten/carrot_rotten_0101.jpg,rotten,carrot,val
val/rotten/garlic_rotten_0123.jpg,rotten,garlic,val
val/rotten/grapes_rotten_0155.jpg,rotten,grapes,val
val/rotten/mango_rotten_0193.jpg,rotten,mango,val
val/rotten/pineapple_rotten_0111.jpg,rotten,pineapple,val
val/rotten/orange_rotten_0183.jpg,rotten,orange,val
val/rotten/tomato_rotten_0133.jpg,rotten,tomato,val
val/rotten/pineapple_rotten_0122.jpg,rotten,pineapple,val
val/rotten/grapes_rotten_0100.jpg,rotten,grapes,val
val/rotten/tomato_rotten_0013.jpg,rotten,tomato,val
val/rotten/spinach_rotten_0199.jpg,rotten,spinach,val
val/rotten/mango_rotten_0059.jpg,rotten,mango,val
val/rotten/spinach_rotten_0146.jpg,rotten,spinach,val
val/rotten/lemon_rotten_0003.jpg,rotten,lemon,val
val/rotten/apple_rotten_0152.jpg,rotten,apple,val
val/rotten/peach_rotten_0131.jpg,rotten,peach,val
val/rotten/orange_rotten_0031.jpg,rotten,orange,val
val/rotten/spinach_rotten_0035.jpg,rotten,spinach,val
val/rotten/garlic_rotten_0191.jpg,rotten,garlic,val
val/rotten/carrot_rotten_0064.jpg,rotten,carrot,val
val/rotten/lemon_rotten_0047.jpg,rotten,lemon,val
val/rotten/bell_pepper_rotten_0172.jpg,rotten,bell_pepper,val
val/rotten/orange_rotten_0141.jpg,rotten,orange,val
val/rotten/orange_rotten_0060.jpg,rotten,orange,val
val/rotten/corn_rotten_0013.jpg,rotten,corn,val
val/rotten/cucumber_rotten_0111.jpg,rotten,cucumber,val
val/rotten/orange_rotten_0034.jpg,rotten,orange,val
val/rotten/strawberry_rotten_0127.jpg,rotten,strawberry,val
val/rotten/pear_rotten_0075.jpg,rotten,pear,val
val/rotten/apple_rotten_0031.jpg,rotten,apple,val
val/rotten/pineapple_rotten_0191.jpg,rotten,pineapple,val
val/rotten/grapes_rotten_0186.jpg,rotten,grapes,val
val/rotten/onion_rotten_0128.jpg,rotten,onion,val
val/rotten/banana_rotten_0005.jpg,rotten,banana,val
val/rotten/banana_rotten_0055.jpg,rotten,banana,val
val/rotten/carrot_rotten_0090.jpg,rotten,carrot,val
val/rotten/onion_rotten_0040.jpg,rotten,onion,val
val/rotten/garlic_rotten_0027.jpg,rotten,garlic,val
val/rotten/carrot_rotten_0065.jpg,rotten,carrot,val
val/rotten/peach_rotten_0162.jpg,rotten,peach,val
val/rotten/apple_rotten_0109.jpg,rotten,apple,val
val/rotten/spinach_rotten_0181.jpg,rotten,spinach,val
val/rotten/strawberry_rotten_0162.jpg,rotten,strawberry,val
val/rotten/bell_pepper_rotten_0168.jpg,rotten,bell_pepper,val
val/rotten/carrot_rotten_0015.jpg,rotten,carrot,val
val/rotten/apple_rotten_0183.jpg,rotten,apple,val
val/rotten/corn_rotten_0154.jpg,rotten,corn,val
val/rotten/mango_rotten_0165.jpg,rotten,mango,val
val/rotten/orange_rotten_0022.jpg,rotten,orange,val
val/rotten/strawberry_rotten_0026.jpg,rotten,strawberry,val
val/rotten/peach_rotten_0141.jpg,rotten,peach,val
val/rotten/orange_rotten_0130.jpg,rotten,orange,val
val/rotten/spinach_rotten_0133.jpg,rotten,spinach,val
val/rotten/apple_rotten_0142.jpg,rotten,apple,val
val/rotten/carrot_rotten_0024.jpg,rotten,carrot,val
val/rotten/garlic_rotten_0151.jpg,rotten,garlic,val
val/rotten/corn_rotten_0126.jpg,rotten,corn,val
val/rotten/bell_pepper_rotten_0094.jpg,rotten,bell_pepper,val
val/rotten/onion_rotten_0161.jpg,rotten,onion,val
val/rotten/orange_rotten_0198.jpg,rotten,orange,val
val/rotten/broccoli_rotten_0111.jpg,rotten,broccoli,val
val/rotten/orange_rotten_0051.jpg,rotten,orange,val
val/rotten/strawberry_rotten_0183.jpg,rotten,strawberry,val
val/rotten/garlic_rotten_0139.jpg,rotten,garlic,val
val/rotten/tomato_rotten_0006.jpg,rotten,tomato,val
val/rotten/spinach_rotten_0137.jpg,rotten,spinach,val
val/rotten/lemon_rotten_0006.jpg,rotten,lemon,val
val/rotten/tomato_rotten_0165.jpg,rotten,tomato,val
val/rotten/carrot_rotten_0054.jpg,rotten,carrot,val
val/rotten/carrot_rotten_0098.jpg,rotten,carrot,val
val/rotten/onion_rotten_0076.jpg,rotten,onion,val
val/rotten/broccoli_rotten_0066.jpg,rotten,broccoli,val
val/rotten/apple_rotten_0162.jpg,rotten,apple,val
val/rotten/pineapple_rotten_0022.jpg,rotten,pineapple,val
val/rotten/lemon_rotten_0056.jpg,rotten,lemon,val
val/rotten/banana_rotten_0193.jpg,rotten,banana,val
val/rotten/corn_rotten_0062.jpg,rotten,corn,val
val/rotten/lemon_rotten_0031.jpg,rotten,lemon,val
val/rotten/peach_rotten_0137.jpg,rotten,peach,val
val/rotten/carrot_rotten_0034.jpg,rotten,carrot,val
val/rotten/lemon_rotten_0177.jpg,rotten,lemon,val
val/rotten/pineapple_rotten_0000.jpg,rotten,pineapple,val
val/rotten/bell_pepper_rotten_0061.jpg,rotten,bell_pepper,val
val/rotten/potato_rotten_0040.jpg,rotten,potato,val
val/rotten/broccoli_rotten_0070.jpg,rotten,broccoli,val
val/rotten/garlic_rotten_0177.jpg,rotten,garlic,val
val/rotten/peach_rotten_0165.jpg,rotten,peach,val
val/rotten/potato_rotten_0122.jpg,rotten,potato,val
val/rotten/peach_rotten_0056.jpg,rotten,peach,val
val/rotten/garlic_rotten_0158.jpg,rotten,garlic,val
val/rotten/corn_rotten_0162.jpg,rotten,corn,val
val/rotten/grapes_rotten_0157.jpg,rotten,grapes,val
val/rotten/spinach_rotten_0189.jpg,rotten,spinach,val
val/rotten/cucumber_rotten_0177.jpg,rotten,cucumber,val
val/rotten/grapes_rotten_0071.jpg,rotten,grapes,val
val/rotten/carrot_rotten_0077.jpg,rotten,carrot,val
val/rotten/spinach_rotten_0067.jpg,rotten,spinach,val
val/rotten/corn_rotten_0191.jpg,rotten,corn,val
val/rotten/pear_rotten_0023.jpg,rotten,pear,val
val/rotten/onion_rotten_0124.jpg,rotten,onion,val
val/rotten/bell_pepper_rotten_0036.jpg,rotten,bell_pepper,val
val/rotten/spinach_rotten_0010.jpg,rotten,spinach,val
val/rotten/pear_rotten_0046.jpg,rotten,pear,val
val/rotten/potato_rotten_0162.jpg,rotten,potato,val
val/rotten/tomato_rotten_0004.jpg,rotten,tomato,val
val/rotten/carrot_rotten_0176.jpg,rotten,carrot,val
val/rotten/lemon_rotten_0134.jpg,rotten,lemon,val
val/rotten/pear_rotten_0197.jpg,rotten,pear,val
val/rotten/broccoli_rotten_0144.jpg,rotten,broccoli,val
val/rotten/corn_rotten_0021.jpg,rotten,corn,val
val/rotten/garlic_rotten_0062.jpg,rotten,garlic,val
val/rotten/potato_rotten_0134.jpg,rotten,potato,val
val/rotten/cucumber_rotten_0185.jpg,rotten,cucumber,val
val/rotten/onion_rotten_0057.jpg,rotten,onion,val
val/rotten/onion_rotten_0039.jpg,rotten,onion,val
val/rotten/peach_rotten_0075.jpg,rotten,peach,val
val/rotten/potato_rotten_0116.jpg,rotten,potato,val
val/rotten/peach_rotten_0021.jpg,rotten,peach,val
val/rotten/broccoli_rotten_0034.jpg,rotten,broccoli,val
val/rotten/peach_rotten_0194.jpg,rotten,peach,val
val/rotten/mango_rotten_0055.jpg,rotten,mango,val
val/rotten/peach_rotten_0010.jpg,rotten,peach,val
val/rotten/grapes_rotten_0169.jpg,rotten,grapes,val
val/rotten/apple_rotten_0115.jpg,rotten,apple,val
val/rotten/banana_rotten_0107.jpg,rotten,banana,val
val/rotten/orange_rotten_0016.jpg,rotten,orange,val
val/rotten/mango_rotten_0129.jpg,rotten,mango,val
val/rotten/potato_rotten_0137.jpg,rotten,potato,val
val/rotten/pineapple_rotten_0136.jpg,rotten,pineapple,val
val/rotten/tomato_rotten_0145.jpg,rotten,tomato,val
val/rotten/potato_rotten_0105.jpg,rotten,potato,val
val/rotten/corn_rotten_0005.jpg,rotten,corn,val
val/rotten/carrot_rotten_0142.jpg,rotten,carrot,val
val/rotten/mango_rotten_0090.jpg,rotten,mango,val
val/rotten/strawberry_rotten_0014.jpg,rotten,strawberry,val
val/rotten/mango_rotten_0134.jpg,rotten,mango,val
val/rotten/apple_rotten_0132.jpg,rotten,apple,val
val/rotten/grapes_rotten_0020.jpg,rotten,grapes,val
val/rotten/broccoli_rotten_0183.jpg,rotten,broccoli,val
val/rotten/pineapple_rotten_0125.jpg,rotten,pineapple,val
val/rotten/garlic_rotten_0109.jpg,rotten,garlic,val
val/rotten/peach_rotten_0193.jpg,rotten,peach,val
val/rotten/apple_rotten_0129.jpg,rotten,apple,val
val/rotten/onion_rotten_0149.jpg,rotten,onion,val
val/rotten/pear_rotten_0175.jpg,rotten,pear,val
val/rotten/grapes_rotten_0190.jpg,rotten,grapes,val
val/rotten/orange_rotten_0119.jpg,rotten,orange,val
val/rotten/banana_rotten_0070.jpg,rotten,banana,val
val/rotten/grapes_rotten_0137.jpg,rotten,grapes,val
val/rotten/bell_pepper_rotten_0157.jpg,rotten,bell_pepper,val
val/rotten/potato_rotten_0191.jpg,rotten,potato,val
val/rotten/bell_pepper_rotten_0174.jpg,rotten,bell_pepper,val
val/rotten/lemon_rotten_0187.jpg,rotten,lemon,val
val/rotten/corn_rotten_0185.jpg,rotten,corn,val
val/rotten/peach_rotten_0161.jpg,rotten,peach,val
val/rotten/garlic_rotten_0102.jpg,rotten,garlic,val
val/rotten/potato_rotten_0107.jpg,rotten,potato,val
val/rotten/garlic_rotten_0064.jpg,rotten,garlic,val
val/rotten/mango_rotten_0124.jpg,rotten,mango,val
val/rotten/spinach_rotten_0007.jpg,rotten,spinach,val
val/rotten/mango_rotten_0038.jpg,rotten,mango,val
val/rotten/onion_rotten_0085.jpg,rotten,onion,val
val/rotten/pear_rotten_0006.jpg,rotten,pear,val
val/rotten/peach_rotten_0105.jpg,rotten,peach,val
val/rotten/broccoli_rotten_0165.jpg,rotten,broccoli,val
val/rotten/peach_rotten_0095.jpg,rotten,peach,val
val/rotten/potato_rotten_0014.jpg,rotten,potato,val
val/rotten/mango_rotten_0116.jpg,rotten,mango,val
val/rotten/mango_rotten_0123.jpg,rotten,mango,val
val/rotten/orange_rotten_0088.jpg,rotten,orange,val
val/rotten/tomato_rotten_0128.jpg,rotten,tomato,val
val/rotten/corn_rotten_0056.jpg,rotten,corn,val
val/rotten/peach_rotten_0002.jpg,rotten,peach,val
val/rotten/pineapple_rotten_0165.jpg,rotten,pineapple,val
val/rotten/cucumber_rotten_0164.jpg,rotten,cucumber,val
val/rotten/spinach_rotten_0116.jpg,rotten,spinach,val
val/rotten/broccoli_rotten_0095.jpg,rotten,broccoli,val
val/rotten/lemon_rotten_0152.jpg,rotten,lemon,val
val/rotten/mango_rotten_0138.jpg,rotten,mango,val
val/rotten/strawberry_rotten_0061.jpg,rotten,strawberry,val
val/rotten/strawberry_rotten_0076.jpg,rotten,strawberry,val
val/rotten/tomato_rotten_0113.jpg,rotten,tomato,val
val/rotten/banana_rotten_0071.jpg,rotten,banana,val
val/rotten/carrot_rotten_0163.jpg,rotten,carrot,val
val/rotten/strawberry_rotten_0152.jpg,rotten,strawberry,val
val/rotten/grapes_rotten_0030.jpg,rotten,grapes,val
val/rotten/garlic_rotten_0178.jpg,rotten,garlic,val
val/rotten/mango_rotten_0168.jpg,rotten,mango,val
val/rotten/garlic_rotten_0157.jpg,rotten,garlic,val
val/rotten/corn_rotten_0072.jpg,rotten,corn,val
val/rotten/peach_rotten_0031.jpg,rotten,peach,val
val/rotten/pear_rotten_0179.jpg,rotten,pear,val
val/rotten/onion_rotten_0096.jpg,rotten,onion,val
val/rotten/tomato_rotten_0191.jpg,rotten,tomato,val
val/rotten/pineapple_rotten_0105.jpg,rotten,pineapple,val
val/rotten/cucumber_rotten_0125.jpg,rotten,cucumber,val
val/rotten/pear_rotten_0077.jpg,rotten,pear,val
val/rotten/carrot_rotten_0172.jpg,rotten,carrot,val
val/rotten/tomato_rotten_0030.jpg,rotten,tomato,val
val/rotten/strawberry_rotten_0130.jpg,rotten,strawberry,val
val/rotten/peach_rotten_0139.jpg,rotten,peach,val
val/rotten/strawberry_rotten_0149.jpg,rotten,strawberry,val
val/rotten/orange_rotten_0076.jpg,rotten,orange,val
val/rotten/potato_rotten_0182.jpg,rotten,potato,val
val/rotten/carrot_rotten_0152.jpg,rotten,carrot,val
val/rotten/spinach_rotten_0001.jpg,rotten,spinach,val
val/rotten/spinach_rotten_0197.jpg,rotten,spinach,val
val/rotten/spinach_rotten_0130.jpg,rotten,spinach,val
val/rotten/strawberry_rotten_0143.jpg,rotten,strawberry,val
val/rotten/cucumber_rotten_0148.jpg,rotten,cucumber,val
val/rotten/bell_pepper_rotten_0152.jpg,rotten,bell_pepper,val
val/rotten/cucumber_rotten_0052.jpg,rotten,cucumber,val
val/rotten/garlic_rotten_0005.jpg,rotten,garlic,val
val/rotten/apple_rotten_0135.jpg,rotten,apple,val
val/rotten/carrot_rotten_0120.jpg,rotten,carrot,val
val/rotten/tomato_rotten_0048.jpg,rotten,tomato,val
val/rotten/carrot_rotten_0129.jpg,rotten,carrot,val
val/rotten/broccoli_rotten_0123.jpg,rotten,broccoli,val
val/rotten/spinach_rotten_0006.jpg,rotten,spinach,val
val/rotten/garlic_rotten_0112.jpg,rotten,garlic,val
val/rotten/lemon_rotten_0158.jpg,rotten,lemon,val
val/rotten/orange_rotten_0138.jpg,rotten,orange,val
val/rotten/cucumber_rotten_0037.jpg,rotten,cucumber,val
val/rotten/pear_rotten_0139.jpg,rotten,pear,val
val/rotten/spinach_rotten_0153.jpg,rotten,spinach,val
val/rotten/peach_rotten_0100.jpg,rotten,peach,val
val/rotten/corn_rotten_0137.jpg,rotten,corn,val
val/rotten/broccoli_rotten_0062.jpg,rotten,broccoli,val
val/rotten/pear_rotten_0105.jpg,rotten,pear,val
val/rotten/potato_rotten_0083.jpg,rotten,potato,val
val/rotten/peach_rotten_0178.jpg,rotten,peach,val
val/rotten/spinach_rotten_0028.jpg,rotten,spinach,val
val/rotten/peach_rotten_0076.jpg,rotten,peach,val
val/rotten/cucumber_rotten_0196.jpg,rotten,cucumber,val
val/rotten/broccoli_rotten_0007.jpg,rotten,broccoli,val
val/rotten/corn_rotten_0091.jpg,rotten,corn,val
val/rotten/garlic_rotten_0187.jpg,rotten,garlic,val
val/rotten/cucumber_rotten_0183.jpg,rotten,cucumber,val
val/rotten/pineapple_rotten_0178.jpg,rotten,pineapple,val
val/rotten/peach_rotten_0040.jpg,rotten,peach,val
val/rotten/lemon_rotten_0026.jpg,rotten,lemon,val
val/rotten/grapes_rotten_0184.jpg,rotten,grapes,val
val/rotten/cucumber_rotten_0178.jpg,rotten,cucumber,val
val/rotten/cucumber_rotten_0114.jpg,rotten,cucumber,val
val/rotten/spinach_rotten_0075.jpg,rotten,spinach,val
val/rotten/lemon_rotten_0030.jpg,rotten,lemon,val
val/rotten/corn_rotten_0027.jpg,rotten,corn,val
val/rotten/bell_pepper_rotten_0110.jpg,rotten,bell_pepper,val
val/rotten/strawberry_rotten_0123.jpg,rotten,strawberry,val
val/rotten/lemon_rotten_0144.jpg,rotten,lemon,val
val/rotten/pear_rotten_0034.jpg,rotten,pear,val
val/rotten/carrot_rotten_0013.jpg,rotten,carrot,val
val/rotten/pineapple_rotten_0179.jpg,rotten,pineapple,val
val/rotten/broccoli_rotten_0045.jpg,rotten,broccoli,val
val/rotten/potato_rotten_0045.jpg,rotten,potato,val
val/rotten/grapes_rotten_0171.jpg,rotten,grapes,val
val/rotten/tomato_rotten_0169.jpg,rotten,tomato,val
val/rotten/corn_rotten_0117.jpg,rotten,corn,val
val/rotten/cucumber_rotten_0141.jpg,rotten,cucumber,val
val/rotten/carrot_rotten_0018.jpg,rotten,carrot,val
val/rotten/onion_rotten_0079.jpg,rotten,onion,val
val/rotten/broccoli_rotten_0004.jpg,rotten,broccoli,val
val/rotten/garlic_rotten_0076.jpg,rotten,garlic,val
val/rotten/banana_rotten_0159.jpg,rotten,banana,val
val/rotten/garlic_rotten_0010.jpg,rotten,garlic,val
val/rotten/lemon_rotten_0055.jpg,rotten,lemon,val
val/rotten/garlic_rotten_0147.jpg,rotten,garlic,val
val/rotten/garlic_rotten_0041.jpg,rotten,garlic,val
val/rotten/cucumber_rotten_0193.jpg,rotten,cucumber,val
val/rotten/bell_pepper_rotten_0025.jpg,rotten,bell_pepper,val
val/rotten/pineapple_rotten_0088.jpg,rotten,pineapple,val
val/rotten/cucumber_rotten_0162.jpg,rotten,cucumber,val
val/rotten/carrot_rotten_0085.jpg,rotten,carrot,val
val/rotten/garlic_rotten_0129.jpg,rotten,garlic,val
val/rotten/apple_rotten_0012.jpg,rotten,apple,val
val/rotten/onion_rotten_0053.jpg,rotten,onion,val
val/rotten/cucumber_rotten_0117.jpg,rotten,cucumber,val
val/rotten/potato_rotten_0033.jpg,rotten,potato,val
val/rotten/peach_rotten_0053.jpg,rotten,peach,val
val/rotten/apple_rotten_0165.jpg,rotten,apple,val
val/rotten/banana_rotten_0023.jpg,rotten,banana,val
val/rotten/corn_rotten_0028.jpg,rotten,corn,val
val/rotten/spinach_rotten_0022.jpg,rotten,spinach,val
val/rotten/potato_rotten_0094.jpg,rotten,potato,val
val/rotten/banana_rotten_0186.jpg,rotten,banana,val
val/rotten/cucumber_rotten_0068.jpg,rotten,cucumber,val
val/rotten/strawberry_rotten_0086.jpg,rotten,strawberry,val
val/rotten/potato_rotten_0006.jpg,rotten,potato,val
val/rotten/garlic_rotten_0153.jpg,rotten,garlic,val
val/rotten/grapes_rotten_0166.jpg,rotten,grapes,val
val/rotten/onion_rotten_0199.jpg,rotten,onion,val
val/rotten/spinach_rotten_0032.jpg,rotten,spinach,val
val/rotten/apple_rotten_0061.jpg,rotten,apple,val
val/rotten/grapes_rotten_0052.jpg,rotten,grapes,val
val/rotten/pineapple_rotten_0120.jpg,rotten,pineapple,val
val/rotten/garlic_rotten_0194.jpg,rotten,garlic,val
val/rotten/cucumber_rotten_0023.jpg,rotten,cucumber,val
val/rotten/cucumber_rotten_0048.jpg,rotten,cucumber,val
val/rotten/corn_rotten_0036.jpg,rotten,corn,val
val/rotten/bell_pepper_rotten_0162.jpg,rotten,bell_pepper,val
val/rotten/pineapple_rotten_0133.jpg,rotten,pineapple,val
val/rotten/banana_rotten_0163.jpg,rotten,banana,val
val/rotten/tomato_rotten_0136.jpg,rotten,tomato,val
val/rotten/potato_rotten_0186.jpg,rotten,potato,val
val/rotten/mango_rotten_0002.jpg,rotten,mango,val
val/rotten/potato_rotten_0132.jpg,rotten,potato,val
val/rotten/orange_rotten_0057.jpg,rotten,orange,val
val/rotten/broccoli_rotten_0037.jpg,rotten,broccoli,val
val/rotten/spinach_rotten_0171.jpg,rotten,spinach,val
val/rotten/broccoli_rotten_0131.jpg,rotten,broccoli,val
val/rotten/garlic_rotten_0068.jpg,rotten,garlic,val
val/rotten/pear_rotten_0051.jpg,rotten,pear,val
val/rotten/corn_rotten_0096.jpg,rotten,corn,val
val/rotten/onion_rotten_0140.jpg,rotten,onion,val
val/rotten/broccoli_rotten_0014.jpg,rotten,broccoli,val
val/rotten/banana_rotten_0157.jpg,rotten,banana,val
val/rotten/corn_rotten_0148.jpg,rotten,corn,val
val/rotten/mango_rotten_0160.jpg,rotten,mango,val
val/rotten/bell_pepper_rotten_0037.jpg,rotten,bell_pepper,val
val/rotten/onion_rotten_0121.jpg,rotten,onion,val
val/rotten/bell_pepper_rotten_0112.jpg,rotten,bell_pepper,val
val/rotten/potato_rotten_0074.jpg,rotten,potato,val
val/rotten/broccoli_rotten_0147.jpg,rotten,broccoli,val
val/rotten/bell_pepper_rotten_0074.jpg,rotten,bell_pepper,val
val/rotten/onion_rotten_0198.jpg,rotten,onion,val
val/rotten/bell_pepper_rotten_0184.jpg,rotten,bell_pepper,val
val/rotten/carrot_rotten_0192.jpg,rotten,carrot,val
val/rotten/banana_rotten_0012.jpg,rotten,banana,val
val/rotten/pineapple_rotten_0077.jpg,rotten,pineapple,val
val/rotten/cucumber_rotten_0039.jpg,rotten,cucumber,val
val/rotten/onion_rotten_0086.jpg,rotten,onion,val
val/rotten/pear_rotten_0013.jpg,rotten,pear,val
val/rotten/broccoli_rotten_0190.jpg,rotten,broccoli,val
val/rotten/banana_rotten_0008.jpg,rotten,banana,val
val/rotten/orange_rotten_0169.jpg,rotten,orange,val
val/rotten/pear_rotten_0185.jpg,rotten,pear,val
val/rotten/potato_rotten_0059.jpg,rotten,potato,val
val/rotten/mango_rotten_0012.jpg,rotten,mango,val
val/rotten/grapes_rotten_0083.jpg,rotten,grapes,val
val/rotten/corn_rotten_0031.jpg,rotten,corn,val
val/rotten/pear_rotten_0118.jpg,rotten,pear,val
val/rotten/banana_rotten_0125.jpg,rotten,banana,val
val/rotten/apple_rotten_0140.jpg,rotten,apple,val
val/rotten/orange_rotten_0092.jpg,rotten,orange,val
val/rotten/corn_rotten_0026.jpg,rotten,corn,val
val/rotten/tomato_rotten_0161.jpg,rotten,tomato,val
val/rotten/tomato_rotten_0138.jpg,rotten,tomato,val
val/rotten/lemon_rotten_0075.jpg,rotten,lemon,val
val/rotten/strawberry_rotten_0001.jpg,rotten,strawberry,val
val/rotten/pear_rotten_0143.jpg,rotten,pear,val
val/rotten/strawberry_rotten_0095.jpg,rotten,strawberry,val
val/rotten/potato_rotten_0125.jpg,rotten,potato,val
val/rotten/carrot_rotten_0108.jpg,rotten,carrot,val
val/rotten/tomato_rotten_0049.jpg,rotten,tomato,val
val/rotten/spinach_rotten_0126.jpg,rotten,spinach,val
val/rotten/mango_rotten_0170.jpg,rotten,mango,val
val/rotten/mango_rotten_0155.jpg,rotten,mango,val
val/rotten/spinach_rotten_0094.jpg,rotten,spinach,val
val/rotten/cucumber_rotten_0059.jpg,rotten,cucumber,val
val/rotten/orange_rotten_0140.jpg,rotten,orange,val
val/rotten/banana_rotten_0150.jpg,rotten,banana,val
val/rotten/lemon_rotten_0014.jpg,rotten,lemon,val
val/rotten/pear_rotten_0082.jpg,rotten,pear,val
val/rotten/tomato_rotten_0031.jpg,rotten,tomato,val
val/rotten/strawberry_rotten_0035.jpg,rotten,strawberry,val
val/rotten/potato_rotten_0072.jpg,rotten,potato,val
val/rotten/spinach_rotten_0138.jpg,rotten,spinach,val
val/rotten/mango_rotten_0095.jpg,rotten,mango,val
val/rotten/pear_rotten_0108.jpg,rotten,pear,val
val/rotten/apple_rotten_0143.jpg,rotten,apple,val
val/rotten/corn_rotten_0049.jpg,rotten,corn,val
val/rotten/cucumber_rotten_0047.jpg,rotten,cucumber,val
val/rotten/spinach_rotten_0113.jpg,rotten,spinach,val
val/rotten/onion_rotten_0146.jpg,rotten,onion,val
val/rotten/pear_rotten_0036.jpg,rotten,pear,val
val/rotten/pear_rotten_0073.jpg,rotten,pear,val
val/rotten/strawberry_rotten_0038.jpg,rotten,strawberry,val
val/rotten/carrot_rotten_0021.jpg,rotten,carrot,val
val/rotten/carrot_rotten_0117.jpg,rotten,carrot,val
val/rotten/lemon_rotten_0064.jpg,rotten,lemon,val
val/rotten/apple_rotten_0063.jpg,rotten,apple,val
val/rotten/lemon_rotten_0170.jpg,rotten,lemon,val
val/rotten/grapes_rotten_0014.jpg,rotten,grapes,val
val/rotten/grapes_rotten_0039.jpg,rotten,grapes,val
val/rotten/spinach_rotten_0049.jpg,rotten,spinach,val
val/rotten/strawberry_rotten_0006.jpg,rotten,strawberry,val
val/rotten/potato_rotten_0028.jpg,rotten,potato,val
val/rotten/broccoli_rotten_0041.jpg,rotten,broccoli,val
val/rotten/orange_rotten_0126.jpg,rotten,orange,val
val/rotten/banana_rotten_0177.jpg,rotten,banana,val
val/rotten/grapes_rotten_0079.jpg,rotten,grapes,val
val/rotten/orange_rotten_0196.jpg,rotten,orange,val
val/rotten/broccoli_rotten_0030.jpg,rotten,broccoli,val
val/rotten/pineapple_rotten_0078.jpg,rotten,pineapple,val
val/rotten/tomato_rotten_0178.jpg,rotten,tomato,val
val/rotten/pineapple_rotten_0079.jpg,rotten,pineapple,val
val/rotten/lemon_rotten_0114.jpg,rotten,lemon,val
val/rotten/strawberry_rotten_0160.jpg,rotten,strawberry,val
val/rotten/corn_rotten_0061.jpg,rotten,corn,val
val/rotten/banana_rotten_0139.jpg,rotten,banana,val
val/rotten/apple_rotten_0045.jpg,rotten,apple,val
val/rotten/orange_rotten_0044.jpg,rotten,orange,val
val/rotten/garlic_rotten_0007.jpg,rotten,garlic,val
val/rotten/potato_rotten_0002.jpg,rotten,potato,val
val/rotten/pineapple_rotten_0167.jpg,rotten,pineapple,val
val/rotten/mango_rotten_0047.jpg,rotten,mango,val
val/rotten/pear_rotten_0042.jpg,rotten,pear,val
val/rotten/strawberry_rotten_0132.jpg,rotten,strawberry,val
val/rotten/broccoli_rotten_0185.jpg,rotten,broccoli,val
val/rotten/corn_rotten_0019.jpg,rotten,corn,val
val/rotten/strawberry_rotten_0075.jpg,rotten,strawberry,val
val/rotten/pineapple_rotten_0175.jpg,rotten,pineapple,val
val/rotten/apple_rotten_0114.jpg,rotten,apple,val
val/rotten/onion_rotten_0013.jpg,rotten,onion,val
val/rotten/corn_rotten_0047.jpg,rotten,corn,val
val/rotten/banana_rotten_0101.jpg,rotten,banana,val
val/rotten/grapes_rotten_0152.jpg,rotten,grapes,val
val/rotten/broccoli_rotten_0148.jpg,rotten,broccoli,val
val/rotten/garlic_rotten_0175.jpg,rotten,garlic,val
val/rotten/grapes_rotten_0111.jpg,rotten,grapes,val
val/rotten/broccoli_rotten_0081.jpg,rotten,broccoli,val
val/rotten/onion_rotten_0089.jpg,rotten,onion,val
val/rotten/bell_pepper_rotten_0027.jpg,rotten,bell_pepper,val
val/rotten/onion_rotten_0100.jpg,rotten,onion,val
val/rotten/lemon_rotten_0023.jpg,rotten,lemon,val
val/rotten/mango_rotten_0043.jpg,rotten,mango,val
val/rotten/peach_rotten_0146.jpg,rotten,peach,val
val/rotten/cucumber_rotten_0197.jpg,rotten,cucumber,val
val/rotten/tomato_rotten_0175.jpg,rotten,tomato,val
val/rotten/broccoli_rotten_0159.jpg,rotten,broccoli,val
val/rotten/pear_rotten_0028.jpg,rotten,pear,val
val/rotten/pear_rotten_0045.jpg,rotten,pear,val
val/rotten/onion_rotten_0045.jpg,rotten,onion,val
val/rotten/apple_rotten_0066.jpg,rotten,apple,val
val/rotten/onion_rotten_0015.jpg,rotten,onion,val
val/rotten/broccoli_rotten_0106.jpg,rotten,broccoli,val
val/rotten/apple_rotten_0034.jpg,rotten,apple,val
val/rotten/tomato_rotten_0042.jpg,rotten,tomato,val
val/rotten/carrot_rotten_0011.jpg,rotten,carrot,val
val/rotten/lemon_rotten_0008.jpg,rotten,lemon,val
val/rotten/tomato_rotten_0071.jpg,rotten,tomato,val
val/rotten/bell_pepper_rotten_0070.jpg,rotten,bell_pepper,val
val/rotten/corn_rotten_0070.jpg,rotten,corn,val
val/rotten/spinach_rotten_0125.jpg,rotten,spinach,val
val/rotten/tomato_rotten_0052.jpg,rotten,tomato,val
val/rotten/broccoli_rotten_0092.jpg,rotten,broccoli,val
val/rotten/potato_rotten_0197.jpg,rotten,potato,val
val/rotten/grapes_rotten_0022.jpg,rotten,grapes,val
val/rotten/cucumber_rotten_0113.jpg,rotten,cucumber,val
val/rotten/spinach_rotten_0166.jpg,rotten,spinach,val
val/rotten/mango_rotten_0015.jpg,rotten,mango,val
val/rotten/spinach_rotten_0174.jpg,rotten,spinach,val
val/rotten/mango_rotten_0001.jpg,rotten,mango,val
val/rotten/peach_rotten_0078.jpg,rotten,peach,val
val/rotten/banana_rotten_0091.jpg,rotten,banana,val
val/rotten/potato_rotten_0017.jpg,rotten,potato,val
val/rotten/pineapple_rotten_0002.jpg,rotten,pineapple,val
val/rotten/bell_pepper_rotten_0126.jpg,rotten,bell_pepper,val
val/rotten/grapes_rotten_0061.jpg,rotten,grapes,val
val/rotten/onion_rotten_0122.jpg,rotten,onion,val
val/rotten/pineapple_rotten_0073.jpg,rotten,pineapple,val
test/fresh/banana_fresh_0120.jpg,fresh,banana,test
test/fresh/pineapple_fresh_0088.jpg,fresh,pineapple,test
test/fresh/bell_pepper_fresh_0165.jpg,fresh,bell_pepper,test
test/fresh/banana_fresh_0169.jpg,fresh,banana,test
test/fresh/tomato_fresh_0189.jpg,fresh,tomato,test
test/fresh/apple_fresh_0028.jpg,fresh,apple,test
test/fresh/lemon_fresh_0007.jpg,fresh,lemon,test
test/fresh/strawberry_fresh_0044.jpg,fresh,strawberry,test
test/fresh/tomato_fresh_0193.jpg,fresh,tomato,test
test/fresh/orange_fresh_0188.jpg,fresh,orange,test
test/fresh/grapes_fresh_0062.jpg,fresh,grapes,test
test/fresh/grapes_fresh_0017.jpg,fresh,grapes,test
test/fresh/corn_fresh_0150.jpg,fresh,corn,test
test/fresh/corn_fresh_0190.jpg,fresh,corn,test
test/fresh/corn_fresh_0080.jpg,fresh,corn,test
test/fresh/pineapple_fresh_0070.jpg,fresh,pineapple,test
test/fresh/bell_pepper_fresh_0098.jpg,fresh,bell_pepper,test
test/fresh/grapes_fresh_0027.jpg,fresh,grapes,test
test/fresh/lemon_fresh_0086.jpg,fresh,lemon,test
test/fresh/broccoli_fresh_0141.jpg,fresh,broccoli,test
test/fresh/garlic_fresh_0041.jpg,fresh,garlic,test
test/fresh/banana_fresh_0180.jpg,fresh,banana,test
test/fresh/carrot_fresh_0157.jpg,fresh,carrot,test
test/fresh/carrot_fresh_0097.jpg,fresh,carrot,test
test/fresh/banana_fresh_0019.jpg,fresh,banana,test
test/fresh/tomato_fresh_0151.jpg,fresh,tomato,test
test/fresh/bell_pepper_fresh_0061.jpg,fresh,bell_pepper,test
test/fresh/grapes_fresh_0184.jpg,fresh,grapes,test
test/fresh/spinach_fresh_0036.jpg,fresh,spinach,test
test/fresh/grapes_fresh_0029.jpg,fresh,grapes,test
test/fresh/lemon_fresh_0146.jpg,fresh,lemon,test
test/fresh/corn_fresh_0100.jpg,fresh,corn,test
test/fresh/apple_fresh_0136.jpg,fresh,apple,test
test/fresh/cucumber_fresh_0103.jpg,fresh,cucumber,test
test/fresh/tomato_fresh_0147.jpg,fresh,tomato,test
test/fresh/carrot_fresh_0173.jpg,fresh,carrot,test
test/fresh/garlic_fresh_0043.jpg,fresh,garlic,test
test/fresh/potato_fresh_0153.jpg,fresh,potato,test
test/fresh/spinach_fresh_0060.jpg,fresh,spinach,test
test/fresh/strawberry_fresh_0125.jpg,fresh,strawberry,test
test/fresh/spinach_fresh_0124.jpg,fresh,spinach,test
test/fresh/broccoli_fresh_0032.jpg,fresh,broccoli,test
test/fresh/peach_fresh_0038.jpg,fresh,peach,test
test/fresh/orange_fresh_0165.jpg,fresh,orange,test
test/fresh/potato_fresh_0075.jpg,fresh,potato,test
test/fresh/bell_pepper_fresh_0048.jpg,fresh,bell_pepper,test
test/fresh/bell_pepper_fresh_0115.jpg,fresh,bell_pepper,test
test/fresh/strawberry_fresh_0150.jpg,fresh,strawberry,test
test/fresh/lemon_fresh_0018.jpg,fresh,lemon,test
test/fresh/apple_fresh_0051.jpg,fresh,apple,test
test/fresh/onion_fresh_0020.jpg,fresh,onion,test
test/fresh/onion_fresh_0162.jpg,fresh,onion,test
test/fresh/broccoli_fresh_0043.jpg,fresh,broccoli,test
test/fresh/broccoli_fresh_0015.jpg,fresh,broccoli,test
test/fresh/corn_fresh_0072.jpg,fresh,corn,test
test/fresh/apple_fresh_0168.jpg,fresh,apple,test
test/fresh/apple_fresh_0102.jpg,fresh,apple,test
test/fresh/onion_fresh_0042.jpg,fresh,onion,test
test/fresh/tomato_fresh_0131.jpg,fresh,tomato,test
test/fresh/pineapple_fresh_0141.jpg,fresh,pineapple,test
test/fresh/mango_fresh_0157.jpg,fresh,mango,test
test/fresh/corn_fresh_0104.jpg,fresh,corn,test
test/fresh/onion_fresh_0147.jpg,fresh,onion,test
test/fresh/bell_pepper_fresh_0118.jpg,fresh,bell_pepper,test
test/fresh/banana_fresh_0185.jpg,fresh,banana,test
test/fresh/tomato_fresh_0016.jpg,fresh,tomato,test
test/fresh/pear_fresh_0115.jpg,fresh,pear,test
test/fresh/broccoli_fresh_0119.jpg,fresh,broccoli,test
test/fresh/corn_fresh_0091.jpg,fresh,corn,test
test/fresh/tomato_fresh_0156.jpg,fresh,tomato,test
test/fresh/carrot_fresh_0096.jpg,fresh,carrot,test
test/fresh/orange_fresh_0185.jpg,fresh,orange,test
test/fresh/grapes_fresh_0087.jpg,fresh,grapes,test
test/fresh/pineapple_fresh_0058.jpg,fresh,pineapple,test
test/fresh/cucumber_fresh_0178.jpg,fresh,cucumber,test
test/fresh/banana_fresh_0116.jpg,fresh,banana,test
test/fresh/cucumber_fresh_0189.jpg,fresh,cucumber,test
test/fresh/potato_fresh_0159.jpg,fresh,potato,test
test/fresh/strawberry_fresh_0122.jpg,fresh,strawberry,test
test/fresh/onion_fresh_0156.jpg,fresh,onion,test
test/fresh/pear_fresh_0077.jpg,fresh,pear,test
test/fresh/pear_fresh_0061.jpg,fresh,pear,test
test/fresh/peach_fresh_0164.jpg,fresh,peach,test
test/fresh/cucumber_fresh_0188.jpg,fresh,cucumber,test
test/fresh/lemon_fresh_0036.jpg,fresh,lemon,test
test/fresh/potato_fresh_0096.jpg,fresh,potato,test
test/fresh/strawberry_fresh_0000.jpg,fresh,strawberry,test
test/fresh/apple_fresh_0061.jpg,fresh,apple,test
test/fresh/orange_fresh_0017.jpg,fresh,orange,test
test/fresh/orange_fresh_0077.jpg,fresh,orange,test
test/fresh/tomato_fresh_0192.jpg,fresh,tomato,test
test/fresh/potato_fresh_0199.jpg,fresh,potato,test
test/fresh/garlic_fresh_0126.jpg,fresh,garlic,test
test/fresh/lemon_fresh_0138.jpg,fresh,lemon,test
test/fresh/broccoli_fresh_0156.jpg,fresh,broccoli,test
test/fresh/peach_fresh_0057.jpg,fresh,peach,test
test/fresh/bell_pepper_fresh_0108.jpg,fresh,bell_pepper,test
test/fresh/spinach_fresh_0166.jpg,fresh,spinach,test
test/fresh/mango_fresh_0174.jpg,fresh,mango,test
test/fresh/onion_fresh_0123.jpg,fresh,onion,test
test/fresh/tomato_fresh_0188.jpg,fresh,tomato,test
test/fresh/potato_fresh_0026.jpg,fresh,potato,test
test/fresh/garlic_fresh_0124.jpg,fresh,garlic,test
test/fresh/garlic_fresh_0112.jpg,fresh,garlic,test
test/fresh/broccoli_fresh_0071.jpg,fresh,broccoli,test
test/fresh/pear_fresh_0105.jpg,fresh,pear,test
test/fresh/strawberry_fresh_0126.jpg,fresh,strawberry,test
test/fresh/corn_fresh_0097.jpg,fresh,corn,test
test/fresh/spinach_fresh_0133.jpg,fresh,spinach,test
test/fresh/lemon_fresh_0079.jpg,fresh,lemon,test
test/fresh/garlic_fresh_0050.jpg,fresh,garlic,test
test/fresh/broccoli_fresh_0163.jpg,fresh,broccoli,test
test/fresh/garlic_fresh_0029.jpg,fresh,garlic,test
test/fresh/bell_pepper_fresh_0078.jpg,fresh,bell_pepper,test
test/fresh/apple_fresh_0108.jpg,fresh,apple,test
test/fresh/peach_fresh_0186.jpg,fresh,peach,test
test/fresh/orange_fresh_0094.jpg,fresh,orange,test
test/fresh/potato_fresh_0008.jpg,fresh,potato,test
test/fresh/banana_fresh_0108.jpg,fresh,banana,test
test/fresh/peach_fresh_0002.jpg,fresh,peach,test
test/fresh/banana_fresh_0160.jpg,fresh,banana,test
test/fresh/carrot_fresh_0032.jpg,fresh,carrot,test
test/fresh/lemon_fresh_0151.jpg,fresh,lemon,test
test/fresh/lemon_fresh_0069.jpg,fresh,lemon,test
test/fresh/tomato_fresh_0074.jpg,fresh,tomato,test
test/fresh/potato_fresh_0032.jpg,fresh,potato,test
test/fresh/garlic_fresh_0133.jpg,fresh,garlic,test
test/fresh/pineapple_fresh_0064.jpg,fresh,pineapple,test
test/fresh/pineapple_fresh_0147.jpg,fresh,pineapple,test
test/fresh/bell_pepper_fresh_0068.jpg,fresh,bell_pepper,test
test/fresh/pear_fresh_0092.jpg,fresh,pear,test
test/fresh/strawberry_fresh_0082.jpg,fresh,strawberry,test
test/fresh/mango_fresh_0069.jpg,fresh,mango,test
test/fresh/grapes_fresh_0165.jpg,fresh,grapes,test
test/fresh/carrot_fresh_0011.jpg,fresh,carrot,test
test/fresh/grapes_fresh_0089.jpg,fresh,grapes,test
test/fresh/tomato_fresh_0173.jpg,fresh,tomato,test
test/fresh/lemon_fresh_0109.jpg,fresh,lemon,test
test/fresh/broccoli_fresh_0087.jpg,fresh,broccoli,test
test/fresh/cucumber_fresh_0147.jpg,fresh,cucumber,test
test/fresh/broccoli_fresh_0008.jpg,fresh,broccoli,test
test/fresh/spinach_fresh_0071.jpg,fresh,spinach,test
test/fresh/potato_fresh_0173.jpg,fresh,potato,test
test/fresh/banana_fresh_0000.jpg,fresh,banana,test
test/fresh/onion_fresh_0196.jpg,fresh,onion,test
test/fresh/broccoli_fresh_0075.jpg,fresh,broccoli,test
test/fresh/grapes_fresh_0040.jpg,fresh,grapes,test
test/fresh/mango_fresh_0051.jpg,fresh,mango,test
test/fresh/apple_fresh_0145.jpg,fresh,apple,test
test/fresh/carrot_fresh_0091.jpg,fresh,carrot,test
test/fresh/orange_fresh_0151.jpg,fresh,orange,test
test/fresh/peach_fresh_0169.jpg,fresh,peach,test
test/fresh/broccoli_fresh_0154.jpg,fresh,broccoli,test
test/fresh/pineapple_fresh_0193.jpg,fresh,pineapple,test
test/fresh/orange_fresh_0009.jpg,fresh,orange,test
test/fresh/peach_fresh_0013.jpg,fresh,peach,test
test/fresh/bell_pepper_fresh_0027.jpg,fresh,bell_pepper,test
test/fresh/orange_fresh_0115.jpg,fresh,orange,test
test/fresh/bell_pepper_fresh_0037.jpg,fresh,bell_pepper,test
test/fresh/grapes_fresh_0084.jpg,fresh,grapes,test
test/fresh/broccoli_fresh_0028.jpg,fresh,broccoli,test
test/fresh/pear_fresh_0199.jpg,fresh,pear,test
test/fresh/banana_fresh_0152.jpg,fresh,banana,test
test/fresh/spinach_fresh_0052.jpg,fresh,spinach,test
test/fresh/strawberry_fresh_0048.jpg,fresh,strawberry,test
test/fresh/carrot_fresh_0105.jpg,fresh,carrot,test
test/fresh/onion_fresh_0119.jpg,fresh,onion,test
test/fresh/tomato_fresh_0141.jpg,fresh,tomato,test
test/fresh/orange_fresh_0023.jpg,fresh,orange,test
test/fresh/broccoli_fresh_0091.jpg,fresh,broccoli,test
test/fresh/apple_fresh_0155.jpg,fresh,apple,test
test/fresh/cucumber_fresh_0175.jpg,fresh,cucumber,test
test/fresh/pear_fresh_0132.jpg,fresh,pear,test
test/fresh/garlic_fresh_0042.jpg,fresh,garlic,test
test/fresh/potato_fresh_0160.jpg,fresh,potato,test
test/fresh/bell_pepper_fresh_0121.jpg,fresh,bell_pepper,test
test/fresh/spinach_fresh_0053.jpg,fresh,spinach,test
test/fresh/pineapple_fresh_0143.jpg,fresh,pineapple,test
test/fresh/tomato_fresh_0080.jpg,fresh,tomato,test
test/fresh/grapes_fresh_0042.jpg,fresh,grapes,test
test/fresh/garlic_fresh_0108.jpg,fresh,garlic,test
test/fresh/grapes_fresh_0173.jpg,fresh,grapes,test
test/fresh/potato_fresh_0059.jpg,fresh,potato,test
test/fresh/potato_fresh_0143.jpg,fresh,potato,test
test/fresh/garlic_fresh_0140.jpg,fresh,garlic,test
test/fresh/strawberry_fresh_0033.jpg,fresh,strawberry,test
test/fresh/strawberry_fresh_0005.jpg,fresh,strawberry,test
test/fresh/apple_fresh_0195.jpg,fresh,apple,test
test/fresh/spinach_fresh_0116.jpg,fresh,spinach,test
test/fresh/bell_pepper_fresh_0047.jpg,fresh,bell_pepper,test
test/fresh/pineapple_fresh_0114.jpg,fresh,pineapple,test
test/fresh/pineapple_fresh_0142.jpg,fresh,pineapple,test
test/fresh/lemon_fresh_0022.jpg,fresh,lemon,test
test/fresh/pineapple_fresh_0030.jpg,fresh,pineapple,test
test/fresh/spinach_fresh_0141.jpg,fresh,spinach,test
test/fresh/carrot_fresh_0093.jpg,fresh,carrot,test
test/fresh/orange_fresh_0118.jpg,fresh,orange,test
test/fresh/peach_fresh_0120.jpg,fresh,peach,test
test/fresh/mango_fresh_0189.jpg,fresh,mango,test
test/fresh/orange_fresh_0098.jpg,fresh,orange,test
test/fresh/peach_fresh_0084.jpg,fresh,peach,test
test/fresh/cucumber_fresh_0108.jpg,fresh,cucumber,test
test/fresh/pear_fresh_0054.jpg,fresh,pear,test
test/fresh/spinach_fresh_0185.jpg,fresh,spinach,test
test/fresh/corn_fresh_0023.jpg,fresh,corn,test
test/fresh/strawberry_fresh_0199.jpg,fresh,strawberry,test
test/fresh/apple_fresh_0124.jpg,fresh,apple,test
test/fresh/orange_fresh_0112.jpg,fresh,orange,test
test/fresh/strawberry_fresh_0084.jpg,fresh,strawberry,test
test/fresh/cucumber_fresh_0073.jpg,fresh,cucumber,test
test/fresh/onion_fresh_0110.jpg,fresh,onion,test
test/fresh/potato_fresh_0016.jpg,fresh,potato,test
test/fresh/onion_fresh_0096.jpg,fresh,onion,test
test/fresh/lemon_fresh_0012.jpg,fresh,lemon,test
test/fresh/corn_fresh_0123.jpg,fresh,corn,test
test/fresh/pear_fresh_0095.jpg,fresh,pear,test
test/fresh/carrot_fresh_0151.jpg,fresh,carrot,test
test/fresh/peach_fresh_0182.jpg,fresh,peach,test
test/fresh/broccoli_fresh_0184.jpg,fresh,broccoli,test
test/fresh/potato_fresh_0190.jpg,fresh,potato,test
test/fresh/garlic_fresh_0031.jpg,fresh,garlic,test
test/fresh/peach_fresh_0042.jpg,fresh,peach,test
test/fresh/potato_fresh_0014.jpg,fresh,potato,test
test/fresh/corn_fresh_0194.jpg,fresh,corn,test
test/fresh/apple_fresh_0166.jpg,fresh,apple,test
test/fresh/peach_fresh_0191.jpg,fresh,peach,test
test/fresh/banana_fresh_0044.jpg,fresh,banana,test
test/fresh/cucumber_fresh_0190.jpg,fresh,cucumber,test
test/fresh/carrot_fresh_0090.jpg,fresh,carrot,test
test/fresh/strawberry_fresh_0134.jpg,fresh,strawberry,test
test/fresh/tomato_fresh_0124.jpg,fresh,tomato,test
test/fresh/onion_fresh_0192.jpg,fresh,onion,test
test/fresh/apple_fresh_0021.jpg,fresh,apple,test
test/fresh/potato_fresh_0013.jpg,fresh,potato,test
test/fresh/orange_fresh_0152.jpg,fresh,orange,test
test/fresh/corn_fresh_0002.jpg,fresh,corn,test
test/fresh/corn_fresh_0128.jpg,fresh,corn,test
test/fresh/orange_fresh_0079.jpg,fresh,orange,test
test/fresh/mango_fresh_0105.jpg,fresh,mango,test
test/fresh/bell_pepper_fresh_0007.jpg,fresh,bell_pepper,test
test/fresh/grapes_fresh_0118.jpg,fresh,grapes,test
test/fresh/potato_fresh_0156.jpg,fresh,potato,test
test/fresh/grapes_fresh_0115.jpg,fresh,grapes,test
test/fresh/banana_fresh_0059.jpg,fresh,banana,test
test/fresh/apple_fresh_0187.jpg,fresh,apple,test
test/fresh/onion_fresh_0101.jpg,fresh,onion,test
test/fresh/pear_fresh_0083.jpg,fresh,pear,test
test/fresh/pineapple_fresh_0054.jpg,fresh,pineapple,test
test/fresh/banana_fresh_0175.jpg,fresh,banana,test
test/fresh/corn_fresh_0038.jpg,fresh,corn,test
test/fresh/carrot_fresh_0007.jpg,fresh,carrot,test
test/fresh/corn_fresh_0101.jpg,fresh,corn,test
test/fresh/apple_fresh_0004.jpg,fresh,apple,test
test/fresh/strawberry_fresh_0056.jpg,fresh,strawberry,test
test/fresh/pineapple_fresh_0108.jpg,fresh,pineapple,test
test/fresh/carrot_fresh_0197.jpg,fresh,carrot,test
test/fresh/bell_pepper_fresh_0028.jpg,fresh,bell_pepper,test
test/fresh/mango_fresh_0163.jpg,fresh,mango,test
test/fresh/pear_fresh_0096.jpg,fresh,pear,test
test/fresh/onion_fresh_0050.jpg,fresh,onion,test
test/fresh/pear_fresh_0195.jpg,fresh,pear,test
test/fresh/garlic_fresh_0194.jpg,fresh,garlic,test
test/fresh/pear_fresh_0152.jpg,fresh,pear,test
test/fresh/onion_fresh_0185.jpg,fresh,onion,test
test/fresh/potato_fresh_0168.jpg,fresh,potato,test
test/fresh/spinach_fresh_0059.jpg,fresh,spinach,test
test/fresh/strawberry_fresh_0009.jpg,fresh,strawberry,test
test/fresh/peach_fresh_0019.jpg,fresh,peach,test
test/fresh/corn_fresh_0049.jpg,fresh,corn,test
test/fresh/onion_fresh_0092.jpg,fresh,onion,test
test/fresh/onion_fresh_0063.jpg,fresh,onion,test
test/fresh/grapes_fresh_0005.jpg,fresh,grapes,test
test/fresh/pear_fresh_0110.jpg,fresh,pear,test
test/fresh/carrot_fresh_0149.jpg,fresh,carrot,test
test/fresh/mango_fresh_0062.jpg,fresh,mango,test
test/fresh/tomato_fresh_0108.jpg,fresh,tomato,test
test/fresh/mango_fresh_0197.jpg,fresh,mango,test
test/fresh/onion_fresh_0045.jpg,fresh,onion,test
test/fresh/cucumber_fresh_0136.jpg,fresh,cucumber,test
test/fresh/cucumber_fresh_0031.jpg,fresh,cucumber,test
test/fresh/lemon_fresh_0013.jpg,fresh,lemon,test
test/fresh/lemon_fresh_0043.jpg,fresh,lemon,test
test/fresh/pear_fresh_0034.jpg,fresh,pear,test
test/fresh/peach_fresh_0071.jpg,fresh,peach,test
test/fresh/apple_fresh_0078.jpg,fresh,apple,test
test/fresh/mango_fresh_0179.jpg,fresh,mango,test
test/fresh/garlic_fresh_0002.jpg,fresh,garlic,test
test/fresh/cucumber_fresh_0126.jpg,fresh,cucumber,test
test/fresh/peach_fresh_0125.jpg,fresh,peach,test
test/fresh/onion_fresh_0114.jpg,fresh,onion,test
test/fresh/broccoli_fresh_0034.jpg,fresh,broccoli,test
test/fresh/corn_fresh_0006.jpg,fresh,corn,test
test/fresh/broccoli_fresh_0107.jpg,fresh,broccoli,test
test/fresh/cucumber_fresh_0157.jpg,fresh,cucumber,test
test/fresh/grapes_fresh_0044.jpg,fresh,grapes,test
test/fresh/bell_pepper_fresh_0198.jpg,fresh,bell_pepper,test
test/fresh/cucumber_fresh_0001.jpg,fresh,cucumber,test
test/fresh/pear_fresh_0114.jpg,fresh,pear,test
test/fresh/carrot_fresh_0072.jpg,fresh,carrot,test
test/fresh/lemon_fresh_0033.jpg,fresh,lemon,test
test/fresh/spinach_fresh_0009.jpg,fresh,spinach,test
test/fresh/bell_pepper_fresh_0175.jpg,fresh,bell_pepper,test
test/fresh/corn_fresh_0179.jpg,fresh,corn,test
test/fresh/corn_fresh_0187.jpg,fresh,corn,test
test/fresh/tomato_fresh_0102.jpg,fresh,tomato,test
test/fresh/garlic_fresh_0032.jpg,fresh,garlic,test
test/fresh/strawberry_fresh_0144.jpg,fresh,strawberry,test
test/fresh/mango_fresh_0178.jpg,fresh,mango,test
test/fresh/mango_fresh_0171.jpg,fresh,mango,test
test/fresh/pear_fresh_0185.jpg,fresh,pear,test
test/fresh/corn_fresh_0176.jpg,fresh,corn,test
test/fresh/mango_fresh_0040.jpg,fresh,mango,test
test/fresh/spinach_fresh_0005.jpg,fresh,spinach,test
test/fresh/pear_fresh_0139.jpg,fresh,pear,test
test/fresh/lemon_fresh_0027.jpg,fresh,lemon,test
test/fresh/broccoli_fresh_0049.jpg,fresh,broccoli,test
test/fresh/carrot_fresh_0062.jpg,fresh,carrot,test
test/fresh/bell_pepper_fresh_0135.jpg,fresh,bell_pepper,test
test/fresh/garlic_fresh_0035.jpg,fresh,garlic,test
test/fresh/pineapple_fresh_0105.jpg,fresh,pineapple,test
test/fresh/cucumber_fresh_0180.jpg,fresh,cucumber,test
test/fresh/carrot_fresh_0015.jpg,fresh,carrot,test
test/fresh/orange_fresh_0018.jpg,fresh,orange,test
test/fresh/lemon_fresh_0072.jpg,fresh,lemon,test
test/fresh/garlic_fresh_0030.jpg,fresh,garlic,test
test/fresh/pineapple_fresh_0144.jpg,fresh,pineapple,test
test/fresh/pear_fresh_0008.jpg,fresh,pear,test
test/fresh/spinach_fresh_0150.jpg,fresh,spinach,test
test/fresh/corn_fresh_0012.jpg,fresh,corn,test
test/fresh/mango_fresh_0013.jpg,fresh,mango,test
test/fresh/lemon_fresh_0045.jpg,fresh,lemon,test
test/fresh/peach_fresh_0082.jpg,fresh,peach,test
test/fresh/grapes_fresh_0143.jpg,fresh,grapes,test
test/fresh/apple_fresh_0185.jpg,fresh,apple,test
test/fresh/bell_pepper_fresh_0158.jpg,fresh,bell_pepper,test
test/fresh/garlic_fresh_0191.jpg,fresh,garlic,test
test/fresh/grapes_fresh_0112.jpg,fresh,grapes,test
test/fresh/banana_fresh_0050.jpg,fresh,banana,test
test/fresh/lemon_fresh_0156.jpg,fresh,lemon,test
test/fresh/tomato_fresh_0015.jpg,fresh,tomato,test
test/fresh/pear_fresh_0155.jpg,fresh,pear,test
test/fresh/strawberry_fresh_0036.jpg,fresh,strawberry,test
test/fresh/pineapple_fresh_0041.jpg,fresh,pineapple,test
test/fresh/lemon_fresh_0062.jpg,fresh,lemon,test
test/fresh/potato_fresh_0194.jpg,fresh,potato,test
test/fresh/spinach_fresh_0189.jpg,fresh,spinach,test
test/fresh/pear_fresh_0065.jpg,fresh,pear,test
test/fresh/carrot_fresh_0169.jpg,fresh,carrot,test
test/fresh/orange_fresh_0073.jpg,fresh,orange,test
test/fresh/corn_fresh_0144.jpg,fresh,corn,test
test/fresh/apple_fresh_0140.jpg,fresh,apple,test
test/fresh/pineapple_fresh_0123.jpg,fresh,pineapple,test
test/fresh/peach_fresh_0156.jpg,fresh,peach,test
test/fresh/strawberry_fresh_0138.jpg,fresh,strawberry,test
test/fresh/apple_fresh_0054.jpg,fresh,apple,test
test/fresh/carrot_fresh_0160.jpg,fresh,carrot,test
test/fresh/mango_fresh_0193.jpg,fresh,mango,test
test/fresh/strawberry_fresh_0087.jpg,fresh,strawberry,test
test/fresh/strawberry_fresh_0157.jpg,fresh,strawberry,test
test/fresh/tomato_fresh_0009.jpg,fresh,tomato,test
test/fresh/spinach_fresh_0127.jpg,fresh,spinach,test
test/fresh/pineapple_fresh_0045.jpg,fresh,pineapple,test
test/fresh/pear_fresh_0082.jpg,fresh,pear,test
test/fresh/lemon_fresh_0184.jpg,fresh,lemon,test
test/fresh/peach_fresh_0110.jpg,fresh,peach,test
test/fresh/broccoli_fresh_0180.jpg,fresh,broccoli,test
test/fresh/orange_fresh_0129.jpg,fresh,orange,test
test/fresh/apple_fresh_0032.jpg,fresh,apple,test
test/fresh/lemon_fresh_0180.jpg,fresh,lemon,test
test/fresh/onion_fresh_0051.jpg,fresh,onion,test
test/fresh/orange_fresh_0090.jpg,fresh,orange,test
test/fresh/banana_fresh_0067.jpg,fresh,banana,test
test/fresh/orange_fresh_0141.jpg,fresh,orange,test
test/fresh/cucumber_fresh_0014.jpg,fresh,cucumber,test
test/fresh/bell_pepper_fresh_0169.jpg,fresh,bell_pepper,test
test/fresh/pear_fresh_0004.jpg,fresh,pear,test
test/fresh/cucumber_fresh_0021.jpg,fresh,cucumber,test
test/fresh/potato_fresh_0113.jpg,fresh,potato,test
test/fresh/onion_fresh_0069.jpg,fresh,onion,test
test/fresh/bell_pepper_fresh_0026.jpg,fresh,bell_pepper,test
test/fresh/pineapple_fresh_0025.jpg,fresh,pineapple,test
test/fresh/banana_fresh_0073.jpg,fresh,banana,test
test/fresh/mango_fresh_0150.jpg,fresh,mango,test
test/fresh/carrot_fresh_0089.jpg,fresh,carrot,test
test/fresh/apple_fresh_0014.jpg,fresh,apple,test
test/fresh/peach_fresh_0198.jpg,fresh,peach,test
test/fresh/pear_fresh_0101.jpg,fresh,pear,test
test/fresh/bell_pepper_fresh_0042.jpg,fresh,bell_pepper,test
test/fresh/tomato_fresh_0148.jpg,fresh,tomato,test
test/fresh/spinach_fresh_0035.jpg,fresh,spinach,test
test/fresh/banana_fresh_0072.jpg,fresh,banana,test
test/fresh/broccoli_fresh_0085.jpg,fresh,broccoli,test
test/fresh/potato_fresh_0102.jpg,fresh,potato,test
test/fresh/banana_fresh_0061.jpg,fresh,banana,test
test/fresh/pineapple_fresh_0189.jpg,fresh,pineapple,test
test/fresh/strawberry_fresh_0014.jpg,fresh,strawberry,test
test/fresh/banana_fresh_0074.jpg,fresh,banana,test
test/fresh/cucumber_fresh_0088.jpg,fresh,cucumber,test
test/fresh/carrot_fresh_0082.jpg,fresh,carrot,test
test/fresh/cucumber_fresh_0141.jpg,fresh,cucumber,test
test/fresh/apple_fresh_0092.jpg,fresh,apple,test
test/fresh/pear_fresh_0072.jpg,fresh,pear,test
test/fresh/garlic_fresh_0107.jpg,fresh,garlic,test
test/fresh/banana_fresh_0104.jpg,fresh,banana,test
test/fresh/corn_fresh_0084.jpg,fresh,corn,test
test/fresh/pineapple_fresh_0188.jpg,fresh,pineapple,test
test/fresh/banana_fresh_0141.jpg,fresh,banana,test
test/fresh/potato_fresh_0080.jpg,fresh,potato,test
test/fresh/grapes_fresh_0141.jpg,fresh,grapes,test
test/fresh/garlic_fresh_0075.jpg,fresh,garlic,test
test/fresh/banana_fresh_0176.jpg,fresh,banana,test
test/fresh/garlic_fresh_0111.jpg,fresh,garlic,test
test/fresh/strawberry_fresh_0185.jpg,fresh,strawberry,test
test/fresh/banana_fresh_0150.jpg,fresh,banana,test
test/fresh/onion_fresh_0062.jpg,fresh,onion,test
test/fresh/potato_fresh_0024.jpg,fresh,potato,test
test/fresh/cucumber_fresh_0002.jpg,fresh,cucumber,test
test/fresh/cucumber_fresh_0127.jpg,fresh,cucumber,test
test/fresh/pineapple_fresh_0094.jpg,fresh,pineapple,test
test/fresh/bell_pepper_fresh_0017.jpg,fresh,bell_pepper,test
test/fresh/mango_fresh_0012.jpg,fresh,mango,test
test/fresh/cucumber_fresh_0023.jpg,fresh,cucumber,test
test/fresh/corn_fresh_0025.jpg,fresh,corn,test
test/fresh/mango_fresh_0135.jpg,fresh,mango,test
test/fresh/peach_fresh_0173.jpg,fresh,peach,test
test/fresh/broccoli_fresh_0069.jpg,fresh,broccoli,test
test/fresh/grapes_fresh_0123.jpg,fresh,grapes,test
test/fresh/broccoli_fresh_0199.jpg,fresh,broccoli,test
test/fresh/orange_fresh_0157.jpg,fresh,orange,test
test/fresh/potato_fresh_0177.jpg,fresh,potato,test
test/fresh/pear_fresh_0162.jpg,fresh,pear,test
test/fresh/apple_fresh_0135.jpg,fresh,apple,test
test/fresh/orange_fresh_0148.jpg,fresh,orange,test
test/fresh/pear_fresh_0140.jpg,fresh,pear,test
test/fresh/broccoli_fresh_0145.jpg,fresh,broccoli,test
test/fresh/spinach_fresh_0178.jpg,fresh,spinach,test
test/fresh/onion_fresh_0120.jpg,fresh,onion,test
test/fresh/pineapple_fresh_0093.jpg,fresh,pineapple,test
test/fresh/tomato_fresh_0068.jpg,fresh,tomato,test
test/fresh/tomato_fresh_0106.jpg,fresh,tomato,test
test/fresh/mango_fresh_0061.jpg,fresh,mango,test
test/fresh/banana_fresh_0029.jpg,fresh,banana,test
test/fresh/cucumber_fresh_0042.jpg,fresh,cucumber,test
test/fresh/pineapple_fresh_0101.jpg,fresh,pineapple,test
test/fresh/mango_fresh_0057.jpg,fresh,mango,test
test/fresh/corn_fresh_0199.jpg,fresh,corn,test
test/fresh/spinach_fresh_0008.jpg,fresh,spinach,test
test/fresh/cucumber_fresh_0131.jpg,fresh,cucumber,test
test/fresh/onion_fresh_0184.jpg,fresh,onion,test
test/fresh/mango_fresh_0027.jpg,fresh,mango,test
test/fresh/mango_fresh_0059.jpg,fresh,mango,test
test/fresh/spinach_fresh_0078.jpg,fresh,spinach,test
test/fresh/carrot_fresh_0067.jpg,fresh,carrot,test
test/fresh/apple_fresh_0138.jpg,fresh,apple,test
test/fresh/tomato_fresh_0152.jpg,fresh,tomato,test
test/fresh/onion_fresh_0108.jpg,fresh,onion,test
test/fresh/mango_fresh_0035.jpg,fresh,mango,test
test/fresh/tomato_fresh_0198.jpg,fresh,tomato,test
test/fresh/spinach_fresh_0159.jpg,fresh,spinach,test
test/fresh/pineapple_fresh_0174.jpg,fresh,pineapple,test
test/fresh/lemon_fresh_0098.jpg,fresh,lemon,test
test/fresh/corn_fresh_0079.jpg,fresh,corn,test
test/fresh/banana_fresh_0040.jpg,fresh,banana,test
test/fresh/garlic_fresh_0193.jpg,fresh,garlic,test
test/fresh/banana_fresh_0115.jpg,fresh,banana,test
test/fresh/garlic_fresh_0096.jpg,fresh,garlic,test
test/fresh/onion_fresh_0079.jpg,fresh,onion,test
test/fresh/tomato_fresh_0187.jpg,fresh,tomato,test
test/fresh/peach_fresh_0063.jpg,fresh,peach,test
test/fresh/orange_fresh_0161.jpg,fresh,orange,test
test/fresh/potato_fresh_0077.jpg,fresh,potato,test
test/fresh/bell_pepper_fresh_0131.jpg,fresh,bell_pepper,test
test/fresh/garlic_fresh_0003.jpg,fresh,garlic,test
test/fresh/orange_fresh_0120.jpg,fresh,orange,test
test/fresh/strawberry_fresh_0059.jpg,fresh,strawberry,test
test/fresh/pineapple_fresh_0035.jpg,fresh,pineapple,test
test/fresh/potato_fresh_0105.jpg,fresh,potato,test
test/fresh/broccoli_fresh_0056.jpg,fresh,broccoli,test
test/fresh/lemon_fresh_0100.jpg,fresh,lemon,test
test/fresh/tomato_fresh_0135.jpg,fresh,tomato,test
test/fresh/apple_fresh_0079.jpg,fresh,apple,test
test/fresh/grapes_fresh_0132.jpg,fresh,grapes,test
test/fresh/cucumber_fresh_0130.jpg,fresh,cucumber,test
test/fresh/strawberry_fresh_0015.jpg,fresh,strawberry,test
test/fresh/peach_fresh_0129.jpg,fresh,peach,test
test/fresh/apple_fresh_0017.jpg,fresh,apple,test
test/fresh/lemon_fresh_0172.jpg,fresh,lemon,test
test/fresh/spinach_fresh_0031.jpg,fresh,spinach,test
test/fresh/garlic_fresh_0102.jpg,fresh,garlic,test
test/fresh/carrot_fresh_0024.jpg,fresh,carrot,test
test/fresh/bell_pepper_fresh_0051.jpg,fresh,bell_pepper,test
test/fresh/mango_fresh_0140.jpg,fresh,mango,test
test/fresh/potato_fresh_0158.jpg,fresh,potato,test
test/fresh/grapes_fresh_0121.jpg,fresh,grapes,test
test/fresh/peach_fresh_0126.jpg,fresh,peach,test
test/fresh/cucumber_fresh_0034.jpg,fresh,cucumber,test
test/fresh/apple_fresh_0020.jpg,fresh,apple,test
test/fresh/tomato_fresh_0110.jpg,fresh,tomato,test
test/fresh/banana_fresh_0018.jpg,fresh,banana,test
test/fresh/potato_fresh_0110.jpg,fresh,potato,test
test/fresh/broccoli_fresh_0147.jpg,fresh,broccoli,test
test/fresh/broccoli_fresh_0051.jpg,fresh,broccoli,test
test/fresh/cucumber_fresh_0048.jpg,fresh,cucumber,test
test/fresh/apple_fresh_0042.jpg,fresh,apple,test
test/fresh/garlic_fresh_0160.jpg,fresh,garlic,test
test/fresh/tomato_fresh_0059.jpg,fresh,tomato,test
test/fresh/grapes_fresh_0076.jpg,fresh,grapes,test
test/fresh/strawberry_fresh_0051.jpg,fresh,strawberry,test
test/fresh/strawberry_fresh_0079.jpg,fresh,strawberry,test
test/fresh/peach_fresh_0088.jpg,fresh,peach,test
test/fresh/pineapple_fresh_0078.jpg,fresh,pineapple,test
test/fresh/broccoli_fresh_0117.jpg,fresh,broccoli,test
test/fresh/peach_fresh_0012.jpg,fresh,peach,test
test/fresh/grapes_fresh_0081.jpg,fresh,grapes,test
test/fresh/carrot_fresh_0014.jpg,fresh,carrot,test
test/fresh/tomato_fresh_0165.jpg,fresh,tomato,test
test/fresh/lemon_fresh_0140.jpg,fresh,lemon,test
test/fresh/onion_fresh_0077.jpg,fresh,onion,test
test/fresh/broccoli_fresh_0040.jpg,fresh,broccoli,test
test/fresh/spinach_fresh_0029.jpg,fresh,spinach,test
test/fresh/peach_fresh_0040.jpg,fresh,peach,test
test/fresh/strawberry_fresh_0045.jpg,fresh,strawberry,test
test/fresh/garlic_fresh_0134.jpg,fresh,garlic,test
test/fresh/bell_pepper_fresh_0147.jpg,fresh,bell_pepper,test
test/fresh/broccoli_fresh_0161.jpg,fresh,broccoli,test
test/fresh/orange_fresh_0070.jpg,fresh,orange,test
test/fresh/orange_fresh_0190.jpg,fresh,orange,test
test/fresh/grapes_fresh_0133.jpg,fresh,grapes,test
test/fresh/tomato_fresh_0126.jpg,fresh,tomato,test
test/fresh/pineapple_fresh_0168.jpg,fresh,pineapple,test
test/fresh/onion_fresh_0112.jpg,fresh,onion,test
test/fresh/cucumber_fresh_0173.jpg,fresh,cucumber,test
test/fresh/strawberry_fresh_0023.jpg,fresh,strawberry,test
test/fresh/strawberry_fresh_0154.jpg,fresh,strawberry,test
test/fresh/spinach_fresh_0112.jpg,fresh,spinach,test
test/fresh/onion_fresh_0155.jpg,fresh,onion,test
test/fresh/potato_fresh_0015.jpg,fresh,potato,test
test/fresh/pineapple_fresh_0156.jpg,fresh,pineapple,test
test/fresh/onion_fresh_0073.jpg,fresh,onion,test
test/fresh/mango_fresh_0137.jpg,fresh,mango,test
test/fresh/grapes_fresh_0011.jpg,fresh,grapes,test
test/fresh/orange_fresh_0014.jpg,fresh,orange,test
test/fresh/garlic_fresh_0069.jpg,fresh,garlic,test
test/fresh/broccoli_fresh_0177.jpg,fresh,broccoli,test
test/fresh/pear_fresh_0000.jpg,fresh,pear,test
test/fresh/pear_fresh_0001.jpg,fresh,pear,test
test/fresh/carrot_fresh_0126.jpg,fresh,carrot,test
test/fresh/banana_fresh_0008.jpg,fresh,banana,test
test/fresh/mango_fresh_0084.jpg,fresh,mango,test
test/fresh/potato_fresh_0097.jpg,fresh,potato,test
test/fresh/spinach_fresh_0095.jpg,fresh,spinach,test
test/fresh/corn_fresh_0033.jpg,fresh,corn,test
test/fresh/peach_fresh_0061.jpg,fresh,peach,test
test/fresh/carrot_fresh_0087.jpg,fresh,carrot,test
test/fresh/cucumber_fresh_0122.jpg,fresh,cucumber,test
test/fresh/grapes_fresh_0178.jpg,fresh,grapes,test
test/fresh/bell_pepper_fresh_0004.jpg,fresh,bell_pepper,test
test/fresh/bell_pepper_fresh_0071.jpg,fresh,bell_pepper,test
test/fresh/grapes_fresh_0024.jpg,fresh,grapes,test
test/fresh/lemon_fresh_0113.jpg,fresh,lemon,test
test/fresh/lemon_fresh_0152.jpg,fresh,lemon,test
test/fresh/apple_fresh_0067.jpg,fresh,apple,test
test/fresh/banana_fresh_0179.jpg,fresh,banana,test
test/fresh/spinach_fresh_0197.jpg,fresh,spinach,test
test/fresh/spinach_fresh_0098.jpg,fresh,spinach,test
test/fresh/grapes_fresh_0109.jpg,fresh,grapes,test
test/fresh/onion_fresh_0129.jpg,fresh,onion,test
test/fresh/tomato_fresh_0004.jpg,fresh,tomato,test
test/fresh/garlic_fresh_0009.jpg,fresh,garlic,test
test/fresh/pineapple_fresh_0052.jpg,fresh,pineapple,test
test/fresh/orange_fresh_0038.jpg,fresh,orange,test
test/fresh/corn_fresh_0011.jpg,fresh,corn,test
test/fresh/spinach_fresh_0020.jpg,fresh,spinach,test
test/fresh/strawberry_fresh_0037.jpg,fresh,strawberry,test
test/fresh/mango_fresh_0025.jpg,fresh,mango,test
test/fresh/pear_fresh_0144.jpg,fresh,pear,test
test/fresh/mango_fresh_0120.jpg,fresh,mango,test
test/fresh/corn_fresh_0172.jpg,fresh,corn,test
test/fresh/lemon_fresh_0120.jpg,fresh,lemon,test
test/fresh/mango_fresh_0001.jpg,fresh,mango,test
test/fresh/mango_fresh_0143.jpg,fresh,mango,test
test/fresh/carrot_fresh_0006.jpg,fresh,carrot,test
test/fresh/orange_fresh_0019.jpg,fresh,orange,test
test/fresh/garlic_fresh_0175.jpg,fresh,garlic,test
test/fresh/carrot_fresh_0109.jpg,fresh,carrot,test
test/fresh/apple_fresh_0121.jpg,fresh,apple,test
test/fresh/peach_fresh_0123.jpg,fresh,peach,test
test/fresh/carrot_fresh_0088.jpg,fresh,carrot,test
test/fresh/corn_fresh_0024.jpg,fresh,corn,test
test/fresh/bell_pepper_fresh_0117.jpg,fresh,bell_pepper,test
test/fresh/grapes_fresh_0181.jpg,fresh,grapes,test
test/fresh/cucumber_fresh_0003.jpg,fresh,cucumber,test
test/fresh/bell_pepper_fresh_0102.jpg,fresh,bell_pepper,test
test/fresh/peach_fresh_0142.jpg,fresh,peach,test
test/fresh/lemon_fresh_0081.jpg,fresh,lemon,test
test/fresh/spinach_fresh_0069.jpg,fresh,spinach,test
test/fresh/orange_fresh_0113.jpg,fresh,orange,test
test/fresh/banana_fresh_0199.jpg,fresh,banana,test
test/fresh/peach_fresh_0098.jpg,fresh,peach,test
test/fresh/carrot_fresh_0184.jpg,fresh,carrot,test
test/rotten/strawberry_rotten_0159.jpg,rotten,strawberry,test
test/rotten/orange_rotten_0094.jpg,rotten,orange,test
test/rotten/grapes_rotten_0101.jpg,rotten,grapes,test
test/rotten/grapes_rotten_0021.jpg,rotten,grapes,test
test/rotten/pineapple_rotten_0140.jpg,rotten,pineapple,test
test/rotten/tomato_rotten_0104.jpg,rotten,tomato,test
test/rotten/potato_rotten_0023.jpg,rotten,potato,test
test/rotten/orange_rotten_0063.jpg,rotten,orange,test
test/rotten/apple_rotten_0079.jpg,rotten,apple,test
test/rotten/orange_rotten_0071.jpg,rotten,orange,test
test/rotten/apple_rotten_0085.jpg,rotten,apple,test
test/rotten/orange_rotten_0099.jpg,rotten,orange,test
test/rotten/mango_rotten_0050.jpg,rotten,mango,test
test/rotten/pineapple_rotten_0162.jpg,rotten,pineapple,test
test/rotten/garlic_rotten_0181.jpg,rotten,garlic,test
test/rotten/tomato_rotten_0177.jpg,rotten,tomato,test
test/rotten/corn_rotten_0111.jpg,rotten,corn,test
test/rotten/spinach_rotten_0187.jpg,rotten,spinach,test
test/rotten/garlic_rotten_0197.jpg,rotten,garlic,test
test/rotten/grapes_rotten_0004.jpg,rotten,grapes,test
test/rotten/apple_rotten_0023.jpg,rotten,apple,test
test/rotten/peach_rotten_0011.jpg,rotten,peach,test
test/rotten/carrot_rotten_0173.jpg,rotten,carrot,test
test/rotten/grapes_rotten_0174.jpg,rotten,grapes,test
test/rotten/mango_rotten_0065.jpg,rotten,mango,test
test/rotten/bell_pepper_rotten_0139.jpg,rotten,bell_pepper,test
test/rotten/banana_rotten_0011.jpg,rotten,banana,test
test/rotten/strawberry_rotten_0078.jpg,rotten,strawberry,test
test/rotten/onion_rotten_0170.jpg,rotten,onion,test
test/rotten/pear_rotten_0099.jpg,rotten,pear,test
test/rotten/peach_rotten_0007.jpg,rotten,peach,test
test/rotten/bell_pepper_rotten_0006.jpg,rotten,bell_pepper,test
test/rotten/mango_rotten_0140.jpg,rotten,mango,test
test/rotten/tomato_rotten_0155.jpg,rotten,tomato,test
test/rotten/strawberry_rotten_0155.jpg,rotten,strawberry,test
test/rotten/peach_rotten_0030.jpg,rotten,peach,test
test/rotten/grapes_rotten_0015.jpg,rotten,grapes,test
test/rotten/apple_rotten_0098.jpg,rotten,apple,test
test/rotten/carrot_rotten_0067.jpg,rotten,carrot,test
test/rotten/peach_rotten_0027.jpg,rotten,peach,test
test/rotten/apple_rotten_0106.jpg,rotten,apple,test
test/rotten/spinach_rotten_0057.jpg,rotten,spinach,test
test/rotten/potato_rotten_0121.jpg,rotten,potato,test
test/rotten/pineapple_rotten_0032.jpg,rotten,pineapple,test
test/rotten/pineapple_rotten_0058.jpg,rotten,pineapple,test
test/rotten/banana_rotten_0016.jpg,rotten,banana,test
test/rotten/orange_rotten_0029.jpg,rotten,orange,test
test/rotten/spinach_rotten_0110.jpg,rotten,spinach,test
test/rotten/lemon_rotten_0085.jpg,rotten,lemon,test
test/rotten/tomato_rotten_0193.jpg,rotten,tomato,test
test/rotten/garlic_rotten_0035.jpg,rotten,garlic,test
test/rotten/lemon_rotten_0046.jpg,rotten,lemon,test
test/rotten/mango_rotten_0189.jpg,rotten,mango,test
test/rotten/mango_rotten_0145.jpg,rotten,mango,test
test/rotten/apple_rotten_0049.jpg,rotten,apple,test
test/rotten/pear_rotten_0132.jpg,rotten,pear,test
test/rotten/mango_rotten_0164.jpg,rotten,mango,test
test/rotten/spinach_rotten_0043.jpg,rotten,spinach,test
test/rotten/pineapple_rotten_0195.jpg,rotten,pineapple,test
test/rotten/corn_rotten_0161.jpg,rotten,corn,test
test/rotten/carrot_rotten_0068.jpg,rotten,carrot,test
test/rotten/grapes_rotten_0018.jpg,rotten,grapes,test
test/rotten/orange_rotten_0073.jpg,rotten,orange,test
test/rotten/lemon_rotten_0167.jpg,rotten,lemon,test
test/rotten/apple_rotten_0167.jpg,rotten,apple,test
test/rotten/garlic_rotten_0096.jpg,rotten,garlic,test
test/rotten/bell_pepper_rotten_0024.jpg,rotten,bell_pepper,test
test/rotten/banana_rotten_0126.jpg,rotten,banana,test
test/rotten/pear_rotten_0112.jpg,rotten,pear,test
test/rotten/corn_rotten_0151.jpg,rotten,corn,test
test/rotten/cucumber_rotten_0045.jpg,rotten,cucumber,test
test/rotten/orange_rotten_0135.jpg,rotten,orange,test
test/rotten/potato_rotten_0027.jpg,rotten,potato,test
test/rotten/bell_pepper_rotten_0124.jpg,rotten,bell_pepper,test
test/rotten/strawberry_rotten_0064.jpg,rotten,strawberry,test
test/rotten/tomato_rotten_0096.jpg,rotten,tomato,test
test/rotten/corn_rotten_0020.jpg,rotten,corn,test
test/rotten/lemon_rotten_0150.jpg,rotten,lemon,test
test/rotten/potato_rotten_0052.jpg,rotten,potato,test
test/rotten/potato_rotten_0016.jpg,rotten,potato,test
test/rotten/garlic_rotten_0121.jpg,rotten,garlic,test
test/rotten/pear_rotten_0156.jpg,rotten,pear,test
test/rotten/lemon_rotten_0173.jpg,rotten,lemon,test
test/rotten/broccoli_rotten_0126.jpg,rotten,broccoli,test
test/rotten/pear_rotten_0012.jpg,rotten,pear,test
test/rotten/onion_rotten_0101.jpg,rotten,onion,test
test/rotten/garlic_rotten_0150.jpg,rotten,garlic,test
test/rotten/grapes_rotten_0160.jpg,rotten,grapes,test
test/rotten/onion_rotten_0080.jpg,rotten,onion,test
test/rotten/potato_rotten_0084.jpg,rotten,potato,test
test/rotten/pineapple_rotten_0083.jpg,rotten,pineapple,test
test/rotten/apple_rotten_0190.jpg,rotten,apple,test
test/rotten/bell_pepper_rotten_0176.jpg,rotten,bell_pepper,test
test/rotten/mango_rotten_0184.jpg,rotten,mango,test
test/rotten/lemon_rotten_0086.jpg,rotten,lemon,test
test/rotten/apple_rotten_0178.jpg,rotten,apple,test
test/rotten/garlic_rotten_0193.jpg,rotten,garlic,test
test/rotten/pear_rotten_0146.jpg,rotten,pear,test
test/rotten/carrot_rotten_0149.jpg,rotten,carrot,test
test/rotten/cucumber_rotten_0168.jpg,rotten,cucumber,test
test/rotten/corn_rotten_0082.jpg,rotten,corn,test
test/rotten/strawberry_rotten_0174.jpg,rotten,strawberry,test
test/rotten/orange_rotten_0093.jpg,rotten,orange,test
test/rotten/strawberry_rotten_0153.jpg,rotten,strawberry,test
test/rotten/carrot_rotten_0110.jpg,rotten,carrot,test
test/rotten/grapes_rotten_0067.jpg,rotten,grapes,test
test/rotten/garlic_rotten_0078.jpg,rotten,garlic,test
test/rotten/bell_pepper_rotten_0121.jpg,rotten,bell_pepper,test
test/rotten/corn_rotten_0116.jpg,rotten,corn,test
test/rotten/lemon_rotten_0181.jpg,rotten,lemon,test
test/rotten/broccoli_rotten_0031.jpg,rotten,broccoli,test
test/rotten/lemon_rotten_0166.jpg,rotten,lemon,test
test/rotten/pear_rotten_0074.jpg,rotten,pear,test
test/rotten/broccoli_rotten_0163.jpg,rotten,broccoli,test
test/rotten/pear_rotten_0183.jpg,rotten,pear,test
test/rotten/onion_rotten_0081.jpg,rotten,onion,test
test/rotten/broccoli_rotten_0181.jpg,rotten,broccoli,test
test/rotten/apple_rotten_0156.jpg,rotten,apple,test
test/rotten/grapes_rotten_0106.jpg,rotten,grapes,test
test/rotten/spinach_rotten_0195.jpg,rotten,spinach,test
test/rotten/grapes_rotten_0044.jpg,rotten,grapes,test
test/rotten/apple_rotten_0057.jpg,rotten,apple,test
test/rotten/apple_rotten_0027.jpg,rotten,apple,test
test/rotten/tomato_rotten_0146.jpg,rotten,tomato,test
test/rotten/spinach_rotten_0070.jpg,rotten,spinach,test
test/rotten/spinach_rotten_0155.jpg,rotten,spinach,test
test/rotten/pineapple_rotten_0182.jpg,rotten,pineapple,test
test/rotten/carrot_rotten_0198.jpg,rotten,carrot,test
test/rotten/banana_rotten_0188.jpg,rotten,banana,test
test/rotten/banana_rotten_0094.jpg,rotten,banana,test
test/rotten/broccoli_rotten_0170.jpg,rotten,broccoli,test
test/rotten/peach_rotten_0001.jpg,rotten,peach,test
test/rotten/pear_rotten_0164.jpg,rotten,pear,test
test/rotten/apple_rotten_0011.jpg,rotten,apple,test
test/rotten/strawberry_rotten_0119.jpg,rotten,strawberry,test
test/rotten/strawberry_rotten_0077.jpg,rotten,strawberry,test
test/rotten/cucumber_rotten_0167.jpg,rotten,cucumber,test
test/rotten/lemon_rotten_0118.jpg,rotten,lemon,test
test/rotten/garlic_rotten_0161.jpg,rotten,garlic,test
test/rotten/pear_rotten_0152.jpg,rotten,pear,test
test/rotten/onion_rotten_0169.jpg,rotten,onion,test
test/rotten/onion_rotten_0176.jpg,rotten,onion,test
test/rotten/pineapple_rotten_0161.jpg,rotten,pineapple,test
test/rotten/spinach_rotten_0170.jpg,rotten,spinach,test
test/rotten/peach_rotten_0136.jpg,rotten,peach,test
test/rotten/banana_rotten_0118.jpg,rotten,banana,test
test/rotten/broccoli_rotten_0141.jpg,rotten,broccoli,test
test/rotten/apple_rotten_0161.jpg,rotten,apple,test
test/rotten/lemon_rotten_0090.jpg,rotten,lemon,test
test/rotten/mango_rotten_0097.jpg,rotten,mango,test
test/rotten/grapes_rotten_0003.jpg,rotten,grapes,test
test/rotten/garlic_rotten_0199.jpg,rotten,garlic,test
test/rotten/banana_rotten_0083.jpg,rotten,banana,test
test/rotten/pineapple_rotten_0138.jpg,rotten,pineapple,test
test/rotten/mango_rotten_0011.jpg,rotten,mango,test
test/rotten/mango_rotten_0084.jpg,rotten,mango,test
test/rotten/pineapple_rotten_0160.jpg,rotten,pineapple,test
test/rotten/pineapple_rotten_0134.jpg,rotten,pineapple,test
test/rotten/strawberry_rotten_0101.jpg,rotten,strawberry,test
test/rotten/bell_pepper_rotten_0039.jpg,rotten,bell_pepper,test
test/rotten/mango_rotten_0125.jpg,rotten,mango,test
test/rotten/broccoli_rotten_0039.jpg,rotten,broccoli,test
test/rotten/onion_rotten_0197.jpg,rotten,onion,test
test/rotten/grapes_rotten_0128.jpg,rotten,grapes,test
test/rotten/strawberry_rotten_0089.jpg,rotten,strawberry,test
test/rotten/grapes_rotten_0145.jpg,rotten,grapes,test
test/rotten/potato_rotten_0035.jpg,rotten,potato,test
test/rotten/lemon_rotten_0136.jpg,rotten,lemon,test
test/rotten/orange_rotten_0019.jpg,rotten,orange,test
test/rotten/broccoli_rotten_0057.jpg,rotten,broccoli,test
test/rotten/potato_rotten_0193.jpg,rotten,potato,test
test/rotten/cucumber_rotten_0104.jpg,rotten,cucumber,test
test/rotten/cucumber_rotten_0021.jpg,rotten,cucumber,test
test/rotten/pear_rotten_0133.jpg,rotten,pear,test
test/rotten/grapes_rotten_0099.jpg,rotten,grapes,test
test/rotten/spinach_rotten_0030.jpg,rotten,spinach,test
test/rotten/tomato_rotten_0059.jpg,rotten,tomato,test
test/rotten/onion_rotten_0008.jpg,rotten,onion,test
test/rotten/garlic_rotten_0095.jpg,rotten,garlic,test
test/rotten/cucumber_rotten_0034.jpg,rotten,cucumber,test
test/rotten/banana_rotten_0166.jpg,rotten,banana,test
test/rotten/mango_rotten_0149.jpg,rotten,mango,test
test/rotten/cucumber_rotten_0160.jpg,rotten,cucumber,test
test/rotten/potato_rotten_0008.jpg,rotten,potato,test
test/rotten/potato_rotten_0198.jpg,rotten,potato,test
test/rotten/strawberry_rotten_0005.jpg,rotten,strawberry,test
test/rotten/mango_rotten_0075.jpg,rotten,mango,test
test/rotten/carrot_rotten_0074.jpg,rotten,carrot,test
test/rotten/lemon_rotten_0156.jpg,rotten,lemon,test
test/rotten/orange_rotten_0115.jpg,rotten,orange,test
test/rotten/pear_rotten_0101.jpg,rotten,pear,test
test/rotten/banana_rotten_0179.jpg,rotten,banana,test
test/rotten/broccoli_rotten_0162.jpg,rotten,broccoli,test
test/rotten/strawberry_rotten_0195.jpg,rotten,strawberry,test
test/rotten/tomato_rotten_0129.jpg,rotten,tomato,test
test/rotten/banana_rotten_0138.jpg,rotten,banana,test
test/rotten/potato_rotten_0188.jpg,rotten,potato,test
test/rotten/garlic_rotten_0086.jpg,rotten,garlic,test
test/rotten/grapes_rotten_0107.jpg,rotten,grapes,test
test/rotten/strawberry_rotten_0070.jpg,rotten,strawberry,test
test/rotten/broccoli_rotten_0120.jpg,rotten,broccoli,test
test/rotten/peach_rotten_0004.jpg,rotten,peach,test
test/rotten/garlic_rotten_0047.jpg,rotten,garlic,test
test/rotten/pineapple_rotten_0072.jpg,rotten,pineapple,test
test/rotten/apple_rotten_0116.jpg,rotten,apple,test
test/rotten/apple_rotten_0158.jpg,rotten,apple,test
test/rotten/banana_rotten_0024.jpg,rotten,banana,test
test/rotten/grapes_rotten_0102.jpg,rotten,grapes,test
test/rotten/spinach_rotten_0112.jpg,rotten,spinach,test
test/rotten/pineapple_rotten_0008.jpg,rotten,pineapple,test
test/rotten/orange_rotten_0030.jpg,rotten,orange,test
test/rotten/banana_rotten_0156.jpg,rotten,banana,test
test/rotten/strawberry_rotten_0131.jpg,rotten,strawberry,test
test/rotten/grapes_rotten_0120.jpg,rotten,grapes,test
test/rotten/potato_rotten_0194.jpg,rotten,potato,test
test/rotten/garlic_rotten_0198.jpg,rotten,garlic,test
test/rotten/garlic_rotten_0025.jpg,rotten,garlic,test
test/rotten/spinach_rotten_0073.jpg,rotten,spinach,test
test/rotten/onion_rotten_0133.jpg,rotten,onion,test
test/rotten/strawberry_rotten_0044.jpg,rotten,strawberry,test
test/rotten/corn_rotten_0146.jpg,rotten,corn,test
test/rotten/potato_rotten_0146.jpg,rotten,potato,test
test/rotten/spinach_rotten_0042.jpg,rotten,spinach,test
test/rotten/cucumber_rotten_0097.jpg,rotten,cucumber,test
test/rotten/peach_rotten_0099.jpg,rotten,peach,test
test/rotten/lemon_rotten_0068.jpg,rotten,lemon,test
test/rotten/apple_rotten_0001.jpg,rotten,apple,test
test/rotten/orange_rotten_0101.jpg,rotten,orange,test
test/rotten/spinach_rotten_0024.jpg,rotten,spinach,test
test/rotten/strawberry_rotten_0133.jpg,rotten,strawberry,test
test/rotten/onion_rotten_0108.jpg,rotten,onion,test
test/rotten/mango_rotten_0167.jpg,rotten,mango,test
test/rotten/carrot_rotten_0186.jpg,rotten,carrot,test
test/rotten/peach_rotten_0112.jpg,rotten,peach,test
test/rotten/carrot_rotten_0033.jpg,rotten,carrot,test
test/rotten/cucumber_rotten_0083.jpg,rotten,cucumber,test
test/rotten/peach_rotten_0121.jpg,rotten,peach,test
test/rotten/apple_rotten_0006.jpg,rotten,apple,test
test/rotten/strawberry_rotten_0165.jpg,rotten,strawberry,test
test/rotten/cucumber_rotten_0180.jpg,rotten,cucumber,test
test/rotten/pineapple_rotten_0069.jpg,rotten,pineapple,test
test/rotten/corn_rotten_0030.jpg,rotten,corn,test
test/rotten/broccoli_rotten_0143.jpg,rotten,broccoli,test
test/rotten/pineapple_rotten_0119.jpg,rotten,pineapple,test
test/rotten/onion_rotten_0075.jpg,rotten,onion,test
test/rotten/spinach_rotten_0066.jpg,rotten,spinach,test
test/rotten/grapes_rotten_0073.jpg,rotten,grapes,test
test/rotten/carrot_rotten_0007.jpg,rotten,carrot,test
test/rotten/apple_rotten_0060.jpg,rotten,apple,test
test/rotten/corn_rotten_0141.jpg,rotten,corn,test
test/rotten/strawberry_rotten_0108.jpg,rotten,strawberry,test
test/rotten/tomato_rotten_0079.jpg,rotten,tomato,test
test/rotten/banana_rotten_0185.jpg,rotten,banana,test
test/rotten/pear_rotten_0190.jpg,rotten,pear,test
test/rotten/peach_rotten_0022.jpg,rotten,peach,test
test/rotten/pineapple_rotten_0152.jpg,rotten,pineapple,test
test/rotten/peach_rotten_0074.jpg,rotten,peach,test
test/rotten/potato_rotten_0136.jpg,rotten,potato,test
test/rotten/pineapple_rotten_0113.jpg,rotten,pineapple,test
test/rotten/peach_rotten_0149.jpg,rotten,peach,test
test/rotten/garlic_rotten_0179.jpg,rotten,garlic,test
test/rotten/tomato_rotten_0117.jpg,rotten,tomato,test
test/rotten/banana_rotten_0116.jpg,rotten,banana,test
test/rotten/broccoli_rotten_0074.jpg,rotten,broccoli,test
test/rotten/peach_rotten_0164.jpg,rotten,peach,test
test/rotten/pineapple_rotten_0169.jpg,rotten,pineapple,test
test/rotten/pineapple_rotten_0151.jpg,rotten,pineapple,test
test/rotten/potato_rotten_0026.jpg,rotten,potato,test
test/rotten/spinach_rotten_0025.jpg,rotten,spinach,test
test/rotten/tomato_rotten_0099.jpg,rotten,tomato,test
test/rotten/strawberry_rotten_0117.jpg,rotten,strawberry,test
test/rotten/carrot_rotten_0126.jpg,rotten,carrot,test
test/rotten/corn_rotten_0023.jpg,rotten,corn,test
test/rotten/broccoli_rotten_0145.jpg,rotten,broccoli,test
test/rotten/broccoli_rotten_0000.jpg,rotten,broccoli,test
test/rotten/bell_pepper_rotten_0051.jpg,rotten,bell_pepper,test
test/rotten/tomato_rotten_0022.jpg,rotten,tomato,test
test/rotten/lemon_rotten_0002.jpg,rotten,lemon,test
test/rotten/banana_rotten_0143.jpg,rotten,banana,test
test/rotten/cucumber_rotten_0067.jpg,rotten,cucumber,test
test/rotten/broccoli_rotten_0077.jpg,rotten,broccoli,test
test/rotten/garlic_rotten_0040.jpg,rotten,garlic,test
test/rotten/onion_rotten_0116.jpg,rotten,onion,test
test/rotten/banana_rotten_0077.jpg,rotten,banana,test
test/rotten/pineapple_rotten_0188.jpg,rotten,pineapple,test
test/rotten/lemon_rotten_0140.jpg,rotten,lemon,test
test/rotten/corn_rotten_0002.jpg,rotten,corn,test
test/rotten/potato_rotten_0043.jpg,rotten,potato,test
test/rotten/grapes_rotten_0033.jpg,rotten,grapes,test
test/rotten/grapes_rotten_0081.jpg,rotten,grapes,test
test/rotten/orange_rotten_0035.jpg,rotten,orange,test
test/rotten/orange_rotten_0047.jpg,rotten,orange,test
test/rotten/tomato_rotten_0086.jpg,rotten,tomato,test
test/rotten/garlic_rotten_0002.jpg,rotten,garlic,test
test/rotten/mango_rotten_0066.jpg,rotten,mango,test
test/rotten/mango_rotten_0037.jpg,rotten,mango,test
test/rotten/pear_rotten_0181.jpg,rotten,pear,test
test/rotten/apple_rotten_0121.jpg,rotten,apple,test
test/rotten/grapes_rotten_0092.jpg,rotten,grapes,test
test/rotten/cucumber_rotten_0094.jpg,rotten,cucumber,test
test/rotten/bell_pepper_rotten_0159.jpg,rotten,bell_pepper,test
test/rotten/garlic_rotten_0168.jpg,rotten,garlic,test
test/rotten/carrot_rotten_0097.jpg,rotten,carrot,test
test/rotten/orange_rotten_0095.jpg,rotten,orange,test
test/rotten/onion_rotten_0173.jpg,rotten,onion,test
test/rotten/onion_rotten_0154.jpg,rotten,onion,test
test/rotten/carrot_rotten_0153.jpg,rotten,carrot,test
test/rotten/corn_rotten_0052.jpg,rotten,corn,test
test/rotten/carrot_rotten_0158.jpg,rotten,carrot,test
test/rotten/tomato_rotten_0159.jpg,rotten,tomato,test
test/rotten/cucumber_rotten_0149.jpg,rotten,cucumber,test
test/rotten/tomato_rotten_0182.jpg,rotten,tomato,test
test/rotten/peach_rotten_0016.jpg,rotten,peach,test
test/rotten/mango_rotten_0106.jpg,rotten,mango,test
test/rotten/bell_pepper_rotten_0047.jpg,rotten,bell_pepper,test
test/rotten/spinach_rotten_0080.jpg,rotten,spinach,test
test/rotten/broccoli_rotten_0047.jpg,rotten,broccoli,test
test/rotten/cucumber_rotten_0088.jpg,rotten,cucumber,test
test/rotten/carrot_rotten_0191.jpg,rotten,carrot,test
test/rotten/pear_rotten_0161.jpg,rotten,pear,test
test/rotten/lemon_rotten_0049.jpg,rotten,lemon,test
test/rotten/apple_rotten_0126.jpg,rotten,apple,test
test/rotten/peach_rotten_0097.jpg,rotten,peach,test
test/rotten/corn_rotten_0147.jpg,rotten,corn,test
test/rotten/grapes_rotten_0139.jpg,rotten,grapes,test
test/rotten/mango_rotten_0058.jpg,rotten,mango,test
test/rotten/pear_rotten_0115.jpg,rotten,pear,test
test/rotten/onion_rotten_0151.jpg,rotten,onion,test
test/rotten/grapes_rotten_0129.jpg,rotten,grapes,test
test/rotten/lemon_rotten_0080.jpg,rotten,lemon,test
test/rotten/potato_rotten_0155.jpg,rotten,potato,test
test/rotten/grapes_rotten_0055.jpg,rotten,grapes,test
test/rotten/strawberry_rotten_0033.jpg,rotten,strawberry,test
test/rotten/cucumber_rotten_0184.jpg,rotten,cucumber,test
test/rotten/mango_rotten_0056.jpg,rotten,mango,test
test/rotten/apple_rotten_0192.jpg,rotten,apple,test
test/rotten/grapes_rotten_0150.jpg,rotten,grapes,test
test/rotten/pear_rotten_0184.jpg,rotten,pear,test
test/rotten/garlic_rotten_0091.jpg,rotten,garlic,test
test/rotten/orange_rotten_0143.jpg,rotten,orange,test
test/rotten/carrot_rotten_0199.jpg,rotten,carrot,test
test/rotten/pear_rotten_0180.jpg,rotten,pear,test
test/rotten/garlic_rotten_0026.jpg,rotten,garlic,test
test/rotten/orange_rotten_0132.jpg,rotten,orange,test
test/rotten/pear_rotten_0010.jpg,rotten,pear,test
test/rotten/tomato_rotten_0121.jpg,rotten,tomato,test
test/rotten/carrot_rotten_0052.jpg,rotten,carrot,test
test/rotten/corn_rotten_0181.jpg,rotten,corn,test
test/rotten/cucumber_rotten_0156.jpg,rotten,cucumber,test
test/rotten/orange_rotten_0195.jpg,rotten,orange,test
test/rotten/spinach_rotten_0027.jpg,rotten,spinach,test
test/rotten/tomato_rotten_0083.jpg,rotten,tomato,test
test/rotten/pear_rotten_0116.jpg,rotten,pear,test
test/rotten/peach_rotten_0169.jpg,rotten,peach,test
test/rotten/pineapple_rotten_0045.jpg,rotten,pineapple,test
test/rotten/onion_rotten_0174.jpg,rotten,onion,test
test/rotten/lemon_rotten_0061.jpg,rotten,lemon,test
test/rotten/onion_rotten_0182.jpg,rotten,onion,test
test/rotten/potato_rotten_0039.jpg,rotten,potato,test
test/rotten/grapes_rotten_0010.jpg,rotten,grapes,test
test/rotten/orange_rotten_0066.jpg,rotten,orange,test
test/rotten/orange_rotten_0146.jpg,rotten,orange,test
test/rotten/mango_rotten_0172.jpg,rotten,mango,test
test/rotten/banana_rotten_0165.jpg,rotten,banana,test
test/rotten/bell_pepper_rotten_0076.jpg,rotten,bell_pepper,test
test/rotten/carrot_rotten_0094.jpg,rotten,carrot,test
test/rotten/banana_rotten_0056.jpg,rotten,banana,test
test/rotten/garlic_rotten_0196.jpg,rotten,garlic,test
test/rotten/tomato_rotten_0194.jpg,rotten,tomato,test
test/rotten/peach_rotten_0091.jpg,rotten,peach,test
test/rotten/onion_rotten_0137.jpg,rotten,onion,test
test/rotten/bell_pepper_rotten_0017.jpg,rotten,bell_pepper,test
test/rotten/peach_rotten_0018.jpg,rotten,peach,test
test/rotten/pear_rotten_0192.jpg,rotten,pear,test
test/rotten/bell_pepper_rotten_0100.jpg,rotten,bell_pepper,test
test/rotten/corn_rotten_0192.jpg,rotten,corn,test
test/rotten/banana_rotten_0171.jpg,rotten,banana,test
test/rotten/strawberry_rotten_0164.jpg,rotten,strawberry,test
test/rotten/peach_rotten_0155.jpg,rotten,peach,test
test/rotten/spinach_rotten_0072.jpg,rotten,spinach,test
test/rotten/strawberry_rotten_0055.jpg,rotten,strawberry,test
test/rotten/lemon_rotten_0191.jpg,rotten,lemon,test
test/rotten/pineapple_rotten_0121.jpg,rotten,pineapple,test
test/rotten/cucumber_rotten_0002.jpg,rotten,cucumber,test
test/rotten/tomato_rotten_0035.jpg,rotten,tomato,test
test/rotten/peach_rotten_0175.jpg,rotten,peach,test
test/rotten/banana_rotten_0034.jpg,rotten,banana,test
test/rotten/garlic_rotten_0119.jpg,rotten,garlic,test
test/rotten/peach_rotten_0184.jpg,rotten,peach,test
test/rotten/apple_rotten_0062.jpg,rotten,apple,test
test/rotten/tomato_rotten_0114.jpg,rotten,tomato,test
test/rotten/broccoli_rotten_0076.jpg,rotten,broccoli,test
test/rotten/banana_rotten_0104.jpg,rotten,banana,test
test/rotten/bell_pepper_rotten_0129.jpg,rotten,bell_pepper,test
test/rotten/broccoli_rotten_0010.jpg,rotten,broccoli,test
test/rotten/apple_rotten_0037.jpg,rotten,apple,test
test/rotten/mango_rotten_0144.jpg,rotten,mango,test
test/rotten/banana_rotten_0029.jpg,rotten,banana,test
test/rotten/broccoli_rotten_0118.jpg,rotten,broccoli,test
test/rotten/spinach_rotten_0071.jpg,rotten,spinach,test
test/rotten/broccoli_rotten_0073.jpg,rotten,broccoli,test
test/rotten/corn_rotten_0100.jpg,rotten,corn,test
test/rotten/mango_rotten_0062.jpg,rotten,mango,test
test/rotten/bell_pepper_rotten_0066.jpg,rotten,bell_pepper,test
test/rotten/mango_rotten_0175.jpg,rotten,mango,test
test/rotten/bell_pepper_rotten_0103.jpg,rotten,bell_pepper,test
test/rotten/banana_rotten_0006.jpg,rotten,banana,test
test/rotten/carrot_rotten_0115.jpg,rotten,carrot,test
test/rotten/mango_rotten_0148.jpg,rotten,mango,test
test/rotten/cucumber_rotten_0154.jpg,rotten,cucumber,test
test/rotten/broccoli_rotten_0188.jpg,rotten,broccoli,test
test/rotten/lemon_rotten_0010.jpg,rotten,lemon,test
test/rotten/pear_rotten_0027.jpg,rotten,pear,test
test/rotten/cucumber_rotten_0195.jpg,rotten,cucumber,test
test/rotten/corn_rotten_0066.jpg,rotten,corn,test
test/rotten/corn_rotten_0160.jpg,rotten,corn,test
test/rotten/broccoli_rotten_0067.jpg,rotten,broccoli,test
test/rotten/strawberry_rotten_0002.jpg,rotten,strawberry,test
test/rotten/carrot_rotten_0072.jpg,rotten,carrot,test
test/rotten/tomato_rotten_0123.jpg,rotten,tomato,test
test/rotten/peach_rotten_0179.jpg,rotten,peach,test
test/rotten/peach_rotten_0172.jpg,rotten,peach,test
test/rotten/apple_rotten_0172.jpg,rotten,apple,test
test/rotten/spinach_rotten_0186.jpg,rotten,spinach,test
test/rotten/strawberry_rotten_0181.jpg,rotten,strawberry,test
test/rotten/spinach_rotten_0141.jpg,rotten,spinach,test
test/rotten/spinach_rotten_0157.jpg,rotten,spinach,test
test/rotten/orange_rotten_0127.jpg,rotten,orange,test
test/rotten/onion_rotten_0175.jpg,rotten,onion,test
test/rotten/potato_rotten_0097.jpg,rotten,potato,test
test/rotten/orange_rotten_0067.jpg,rotten,orange,test
test/rotten/grapes_rotten_0093.jpg,rotten,grapes,test
test/rotten/onion_rotten_0032.jpg,rotten,onion,test
test/rotten/apple_rotten_0147.jpg,rotten,apple,test
test/rotten/spinach_rotten_0052.jpg,rotten,spinach,test
test/rotten/spinach_rotten_0132.jpg,rotten,spinach,test
test/rotten/potato_rotten_0145.jpg,rotten,potato,test
test/rotten/banana_rotten_0099.jpg,rotten,banana,test
test/rotten/cucumber_rotten_0027.jpg,rotten,cucumber,test
test/rotten/potato_rotten_0163.jpg,rotten,potato,test
test/rotten/mango_rotten_0086.jpg,rotten,mango,test
test/rotten/tomato_rotten_0115.jpg,rotten,tomato,test
test/rotten/bell_pepper_rotten_0029.jpg,rotten,bell_pepper,test
test/rotten/broccoli_rotten_0051.jpg,rotten,broccoli,test
test/rotten/spinach_rotten_0124.jpg,rotten,spinach,test
test/rotten/potato_rotten_0115.jpg,rotten,potato,test
test/rotten/bell_pepper_rotten_0052.jpg,rotten,bell_pepper,test
test/rotten/onion_rotten_0127.jpg,rotten,onion,test
test/rotten/tomato_rotten_0144.jpg,rotten,tomato,test
test/rotten/corn_rotten_0097.jpg,rotten,corn,test
test/rotten/apple_rotten_0050.jpg,rotten,apple,test
test/rotten/corn_rotten_0006.jpg,rotten,corn,test
test/rotten/carrot_rotten_0073.jpg,rotten,carrot,test
test/rotten/grapes_rotten_0017.jpg,rotten,grapes,test
test/rotten/pineapple_rotten_0033.jpg,rotten,pineapple,test
test/rotten/broccoli_rotten_0149.jpg,rotten,broccoli,test
test/rotten/cucumber_rotten_0091.jpg,rotten,cucumber,test
test/rotten/carrot_rotten_0046.jpg,rotten,carrot,test
test/rotten/tomato_rotten_0038.jpg,rotten,tomato,test
test/rotten/lemon_rotten_0024.jpg,rotten,lemon,test
test/rotten/apple_rotten_0187.jpg,rotten,apple,test
test/rotten/bell_pepper_rotten_0000.jpg,rotten,bell_pepper,test
test/rotten/banana_rotten_0162.jpg,rotten,banana,test
test/rotten/orange_rotten_0156.jpg,rotten,orange,test
test/rotten/tomato_rotten_0162.jpg,rotten,tomato,test
test/rotten/cucumber_rotten_0056.jpg,rotten,cucumber,test
test/rotten/potato_rotten_0161.jpg,rotten,potato,test
test/rotten/bell_pepper_rotten_0123.jpg,rotten,bell_pepper,test
test/rotten/corn_rotten_0184.jpg,rotten,corn,test
test/rotten/cucumber_rotten_0140.jpg,rotten,cucumber,test
test/rotten/banana_rotten_0009.jpg,rotten,banana,test
test/rotten/carrot_rotten_0037.jpg,rotten,carrot,test
test/rotten/orange_rotten_0006.jpg,rotten,orange,test
test/rotten/peach_rotten_0072.jpg,rotten,peach,test
test/rotten/lemon_rotten_0110.jpg,rotten,lemon,test
test/rotten/pear_rotten_0062.jpg,rotten,pear,test
test/rotten/bell_pepper_rotten_0026.jpg,rotten,bell_pepper,test
test/rotten/onion_rotten_0056.jpg,rotten,onion,test
test/rotten/peach_rotten_0101.jpg,rotten,peach,test
test/rotten/lemon_rotten_0172.jpg,rotten,lemon,test
test/rotten/garlic_rotten_0107.jpg,rotten,garlic,test
test/rotten/cucumber_rotten_0065.jpg,rotten,cucumber,test
test/rotten/cucumber_rotten_0161.jpg,rotten,cucumber,test
test/rotten/spinach_rotten_0088.jpg,rotten,spinach,test
test/rotten/onion_rotten_0153.jpg,rotten,onion,test
test/rotten/orange_rotten_0125.jpg,rotten,orange,test
test/rotten/carrot_rotten_0104.jpg,rotten,carrot,test
test/rotten/corn_rotten_0129.jpg,rotten,corn,test
test/rotten/potato_rotten_0048.jpg,rotten,potato,test
test/rotten/garlic_rotten_0008.jpg,rotten,garlic,test
test/rotten/corn_rotten_0186.jpg,rotten,corn,test
test/rotten/banana_rotten_0060.jpg,rotten,banana,test
test/rotten/bell_pepper_rotten_0060.jpg,rotten,bell_pepper,test
test/rotten/potato_rotten_0077.jpg,rotten,potato,test
test/rotten/carrot_rotten_0063.jpg,rotten,carrot,test
test/rotten/corn_rotten_0139.jpg,rotten,corn,test
test/rotten/banana_rotten_0035.jpg,rotten,banana,test
test/rotten/mango_rotten_0004.jpg,rotten,mango,test
test/rotten/broccoli_rotten_0125.jpg,rotten,broccoli,test
test/rotten/tomato_rotten_0170.jpg,rotten,tomato,test
test/rotten/bell_pepper_rotten_0030.jpg,rotten,bell_pepper,test
test/rotten/orange_rotten_0113.jpg,rotten,orange,test
test/rotten/cucumber_rotten_0075.jpg,rotten,cucumber,test
test/rotten/corn_rotten_0007.jpg,rotten,corn,test
test/rotten/grapes_rotten_0163.jpg,rotten,grapes,test
test/rotten/tomato_rotten_0184.jpg,rotten,tomato,test
test/rotten/garlic_rotten_0192.jpg,rotten,garlic,test
test/rotten/strawberry_rotten_0196.jpg,rotten,strawberry,test
test/rotten/cucumber_rotten_0071.jpg,rotten,cucumber,test
test/rotten/bell_pepper_rotten_0113.jpg,rotten,bell_pepper,test
test/rotten/pear_rotten_0048.jpg,rotten,pear,test
test/rotten/peach_rotten_0077.jpg,rotten,peach,test
test/rotten/potato_rotten_0098.jpg,rotten,potato,test
test/rotten/pineapple_rotten_0091.jpg,rotten,pineapple,test
test/rotten/carrot_rotten_0055.jpg,rotten,carrot,test
test/rotten/pear_rotten_0009.jpg,rotten,pear,test
test/rotten/broccoli_rotten_0035.jpg,rotten,broccoli,test
test/rotten/pear_rotten_0080.jpg,rotten,pear,test
test/rotten/banana_rotten_0158.jpg,rotten,banana,test
test/rotten/lemon_rotten_0163.jpg,rotten,lemon,test
test/rotten/pear_rotten_0134.jpg,rotten,pear,test
test/rotten/bell_pepper_rotten_0133.jpg,rotten,bell_pepper,test
test/rotten/cucumber_rotten_0004.jpg,rotten,cucumber,test
test/rotten/strawberry_rotten_0187.jpg,rotten,strawberry,test
test/rotten/garlic_rotten_0085.jpg,rotten,garlic,test
test/rotten/pineapple_rotten_0043.jpg,rotten,pineapple,test
test/rotten/broccoli_rotten_0167.jpg,rotten,broccoli,test
test/rotten/pear_rotten_0142.jpg,rotten,pear,test
test/rotten/grapes_rotten_0108.jpg,rotten,grapes,test
test/rotten/onion_rotten_0002.jpg,rotten,onion,test
test/rotten/lemon_rotten_0025.jpg,rotten,lemon,test
test/rotten/bell_pepper_rotten_0014.jpg,rotten,bell_pepper,test
test/rotten/mango_rotten_0039.jpg,rotten,mango,test
test/rotten/corn_rotten_0032.jpg,rotten,corn,test
test/rotten/bell_pepper_rotten_0154.jpg,rotten,bell_pepper,test
test/rotten/bell_pepper_rotten_0156.jpg,rotten,bell_pepper,test
test/rotten/mango_rotten_0141.jpg,rotten,mango,test
test/rotten/potato_rotten_0154.jpg,rotten,potato,test
test/rotten/carrot_rotten_0107.jpg,rotten,carrot,test
test/rotten/pineapple_rotten_0034.jpg,rotten,pineapple,test
test/rotten/apple_rotten_0018.jpg,rotten,apple,test
test/rotten/potato_rotten_0141.jpg,rotten,potato,test
test/rotten/garlic_rotten_0144.jpg,rotten,garlic,test
test/rotten/bell_pepper_rotten_0063.jpg,rotten,bell_pepper,test
test/rotten/lemon_rotten_0065.jpg,rotten,lemon,test
test/rotten/broccoli_rotten_0193.jpg,rotten,broccoli,test
test/rotten/orange_rotten_0054.jpg,rotten,orange,test
test/rotten/lemon_rotten_0149.jpg,rotten,lemon,test
test/rotten/strawberry_rotten_0096.jpg,rotten,strawberry,test
test/rotten/strawberry_rotten_0121.jpg,rotten,strawberry,test
test/rotten/pineapple_rotten_0063.jpg,rotten,pineapple,test
test/rotten/pineapple_rotten_0007.jpg,rotten,pineapple,test
test/rotten/corn_rotten_0040.jpg,rotten,corn,test
test/rotten/strawberry_rotten_0182.jpg,rotten,strawberry,test
test/rotten/tomato_rotten_0101.jpg,rotten,tomato,test
test/rotten/lemon_rotten_0100.jpg,rotten,lemon,test
test/rotten/lemon_rotten_0133.jpg,rotten,lemon,test
test/rotten/bell_pepper_rotten_0031.jpg,rotten,bell_pepper,test
test/rotten/carrot_rotten_0165.jpg,rotten,carrot,test
test/rotten/corn_rotten_0033.jpg,rotten,corn,test
test/rotten/mango_rotten_0127.jpg,rotten,mango,test
test/rotten/potato_rotten_0100.jpg,rotten,potato,test
test/rotten/mango_rotten_0105.jpg,rotten,mango,test
test/rotten/apple_rotten_0102.jpg,rotten,apple,test
test/rotten/onion_rotten_0093.jpg,rotten,onion,test
test/rotten/peach_rotten_0158.jpg,rotten,peach,test
test/rotten/banana_rotten_0137.jpg,rotten,banana,test
test/rotten/lemon_rotten_0069.jpg,rotten,lemon,test
test/rotten/peach_rotten_0080.jpg,rotten,peach,test
test/rotten/tomato_rotten_0033.jpg,rotten,tomato,test
test/rotten/potato_rotten_0005.jpg,rotten,potato,test
test/rotten/onion_rotten_0072.jpg,rotten,onion,test
test/rotten/pear_rotten_0137.jpg,rotten,pear,test
test/rotten/orange_rotten_0166.jpg,rotten,orange,test
test/rotten/peach_rotten_0128.jpg,rotten,peach,test
test/rotten/orange_rotten_0114.jpg,rotten,orange,test
test/rotten/spinach_rotten_0036.jpg,rotten,spinach,test
test/rotten/broccoli_rotten_0097.jpg,rotten,broccoli,test
test/rotten/carrot_rotten_0060.jpg,rotten,carrot,test
test/rotten/corn_rotten_0158.jpg,rotten,corn,test
test/rotten/garlic_rotten_0165.jpg,rotten,garlic,test
test/rotten/onion_rotten_0027.jpg,rotten,onion,test
test/rotten/pear_rotten_0100.jpg,rotten,pear,test
test/rotten/tomato_rotten_0106.jpg,rotten,tomato,test
test/rotten/cucumber_rotten_0014.jpg,rotten,cucumber,test
test/rotten/onion_rotten_0189.jpg,rotten,onion,test
test/rotten/pineapple_rotten_0116.jpg,rotten,pineapple,test
test/rotten/pineapple_rotten_0144.jpg,rotten,pineapple,test
test/rotten/spinach_rotten_0059.jpg,rotten,spinach,test
test/rotten/onion_rotten_0117.jpg,rotten,onion,test
test/rotten/garlic_rotten_0082.jpg,rotten,garlic,test
test/rotten/corn_rotten_0039.jpg,rotten,corn,test
test/rotten/carrot_rotten_0048.jpg,rotten,carrot,test
test/rotten/spinach_rotten_0053.jpg,rotten,spinach,test
test/rotten/strawberry_rotten_0057.jpg,rotten,strawberry,test
test/rotten/onion_rotten_0037.jpg,rotten,onion,test
test/rotten/spinach_rotten_0147.jpg,rotten,spinach,test
test/rotten/broccoli_rotten_0006.jpg,rotten,broccoli,test
test/rotten/cucumber_rotten_0137.jpg,rotten,cucumber,test
test/rotten/orange_rotten_0080.jpg,rotten,orange,test
